<configs>
    <!--Organized code thx to Kalferas-->
    <!-- new backpack size -->
    <set xpath="/windows/window[@name='windowBackpack']/@width">604</set>
    <set xpath="/windows/window[@name='windowBackpack']/@height">373</set>    
    <!-- increase backpack panel -->
    <set xpath="/windows/window[@name='windowBackpack']/panel[@name='content']/@height">330</set>    
    <!-- adjust the rows, heights, and their cell equivalent -->
    <set xpath="/windows/window[@name='windowBackpack']/panel[@name='content']/grid[@name='inventory']/@rows">6</set>
    <set xpath="/windows/window[@name='windowBackpack']/panel[@name='content']/grid[@name='inventory']/@cols">10</set>
    <set xpath="/windows/window[@name='windowBackpack']/panel[@name='content']/grid[@name='inventory']/@cell_height">60</set>
    <set xpath="/windows/window[@name='windowBackpack']/panel[@name='content']/grid[@name='inventory']/@cell_width">60</set>
    <set xpath="/windows/window[@name='windowBackpack']/panel[@name='content']/sprite[@name='backgroundMain']/@width">601</set>
    <set xpath="/windows/window[@name='windowBackpack']/panel[@name='content']/sprite[@name='backgroundMain']/@height">363</set>	
	<!-- adjust dropped backpack container so player dont lose items -->
    <set xpath="/windows/window[@name='windowLooting']/rect[@name='content']/grid[@name='queue']/@rows">10</set>
    <set xpath="/windows/window[@name='windowLooting']/rect[@name='content']/grid[@name='queue']/@cols">10</set>
    <!-- Remove old and add a new controler for the backpack-->
	<remove xpath="/windows/window[@name='windowBackpack']/panel[@name='content']/grid[@name='inventory']/backpack_item_stack"></remove>	
	<append xpath="/windows/window[@name='windowBackpack']/panel[@name='content']/grid[@name='inventory']">
       <malen_backpack_item_stack name="0"/>
	</append>
</configs>