<configs>
	<remove xpath="/controls/skill_crafting_entry"/>
	<!-- Make cells not look like crap and item icons fit properly -->
	<insertAfter xpath="/controls/skill_book_level">		
		<skill_crafting_entry>
			<panel disableautobackground="true" controller="SkillCraftingInfoEntry" width="${width}" height="${height}" style="press, hover, scroll" color_bg_bought="140,130,100,255" color_bg_available="[lightGrey]" color_bg_locked="[darkGrey]" color_lbl_available="[white]" color_lbl_locked="[lightGrey]" color_lbl_nerfed="204,17,17" color_lbl_buffed="17,204,17" visible="{nothiddenbypager}">
				<sprite depth="2" name="backgroundMain" sprite="menu_empty2px" pos="0,${-height}" height="2" color="[black]" type="sliced" fillcenter="false" />
				<sprite depth="2" name="background" sprite="menu_empty3px" pos="2,1" width="${width-4}" height="${height}" color="[selectedColor]" type="sliced" globalopacity="true" fillcenter="false" visible="{show_selected}" />
				<sprite depth="1" name="backgroundMainColor" sprite="menu_empty" pos="2,0" width="${width-4}" type="sliced" fillcenter="true" color="{color_bg}" visible="{hasentry}" />
				<sprite depth="6" name="itemIcon" width="54" height="54" atlas="{iconatlas}" sprite="{itemicon}" pos="35,-30" pivot="center" foregroundlayer="true" color="{itemcolor}" />

				<label depth="3" pos="77,-${Round(height/2,0)}" text="{text}" pivot="left" justify="center" width="423" font_size="26" color="{color_fg}" visible="{hasentry}" />
				<sprite depth="3" name="durabilityBackground" width="60" height="8" sprite="menu_empty3px" color="[darkGrey]" type="sliced" pos="6, -50" foregroundlayer="true" visible="{showquality}" />
				<filledsprite depth="4" name="durability" width="60" height="8" sprite="menu_empty2px" color="{currentqualitycolor}" fill="1" type="filled" pos="6, -50" foregroundlayer="true" visible="{showquality}" />

				<label depth="3" pos="560,-${Round(height/2,0)}" text="{nextpoints}" pivot="right" justify="center" width="65" font_size="26" color="{color_fg}" visible="{notcomplete}" />
				<sprite depth="12" pos="610,-38" style="icon30px" sprite="ui_game_symbol_check" pivot="center" visible="{showcomplete}" />

				<label depth="7" name="stackValue" pos="-2,-38" width="70" height="24" text="{currentqualitytext}" font_size="26" effect="outline" justify="Center" visible="{showquality}" />
				<sprite depth="12" pos="55,-46" style="icon30px" sprite="ui_game_symbol_lock" pivot="center" visible="{showlock}" />

				<sprite depth="3" name="durabilityBackground" width="50" height="8" sprite="menu_empty3px" color="[darkGrey]" type="sliced" pos="636,-55" pivot="right" foregroundlayer="true" visible="{notcompletequality}" />
				<filledsprite depth="4" name="durability" width="50" height="8" sprite="menu_empty2px" color="{nextqualitycolor}" fill="1" type="filled" pos="636, -55" pivot="right" foregroundlayer="true" visible="{notcompletequality}" />
				<label depth="7" name="stackValue" pos="645,-33" width="70" height="33" text="{nextqualitytext}" pivot="right" font_size="28" effect="outline" justify="Center" visible="{notcompletequality}" />

				<sprite depth="12" pos="610,-33" style="icon30px" sprite="ui_game_symbol_unlock" pivot="center" visible="{notcompletenoquality}" />
			</panel>
		</skill_crafting_entry>
	</insertAfter>
</configs>