<configs>
	<insertAfter xpath="/progression/skills/skill[@name='skillWasteTreasures']">
		<!--Padre de la skill del libro para desbloquear la perk de prestigio-->
		<skill name="prs2perk" parent="attBooks" name_key="prs2key" desc_key="prs2perkdesc" long_desc_key="prs2perklongdesc" icon="ui_game_symbol_perk">
			<effect_group/>
		</skill>
	</insertAfter>
	
	<insertAfter xpath="/progression/perks/perk[@name='skillWasteTreasures']">
		<!--Padre de la skill del libro para desbloquear la perk de prestigio-->
		<skill name="prs2perk" parent="attBooks" name_key="prs2key" desc_key="prs2perkdesc" long_desc_key="prs2perklongdesc" icon="ui_game_symbol_perk">
			<effect_group/>
		</skill>
	</insertAfter>

	<insertAfter xpath="/progression/attributes/attribute[@name='attBooks']">
		<attribute name="Prestige" name_key="perkpr" desc_key="perkprdesc" min_level="0" max_level="1" icon="ui_game_symbol_perk">
			<!--Requisito para poder aprenderla, un libro en items.xml da la skill-->
			<level_requirements level="1">
				<requirement name="ProgressionLevel" progression_name="perkPR2" operation="GTE" value="1" desc_key="reqGenericPoints01"/>
			</level_requirements>
			<effect_group>
				<effect_description level="1" desc_key="perkprdesc1" long_desc_key="perkprlongdesc1"/>
			</effect_group>
		</attribute>

	</insertAfter>
	<insertAfter xpath="/progression/skills/skill[@name='skillWasteTreasures']">
		<skill name="skillPhysical" parent="Prestige" name_key="Phys" desc_key="Perks to increase some of your physical stats!" icon="ui_game_symbol_character">
			<effect_group/>
		</skill>
		<skill name="skillMental" parent="Prestige" name_key="Ment" desc_key="Perks to increase some of your mental stats!" icon="ui_game_symbol_book">
			<effect_group/>
		</skill>
		<skill name="skillRangedMasteries" parent="Prestige" name_key="Rang" desc_key="Perks for ranged masteries!" icon="ui_game_symbol_workbench">
			<effect_group/>
		</skill>
	</insertAfter>

	<insertBefore xpath="/progression/perks/perk[@name='perkDemolitionsExpert']">
		<!--Usado para desbloquear la perk de prestigio-->
		<perk name="perkPR2" parent="prs2perk" max_level="1" base_skill_point_cost="0" name_key="prbkey2" desc_key="prbkeydesc2" long_desc_key="prbkeylongdesc2">
		</perk>


		<perk name="perkMaxstat" max_level="5" parent="skillPhysical" name_key="perkMHS" desc_key="perkMHSinfo" icon="ui_game_symbol_add">
			<level_requirements level="1">
				<requirement name="ProgressionLevel" progression_name="Prestige" operation="GTE" value="1" desc_key="prs2perk"/>
			</level_requirements>
			<level_requirements level="2">
				<requirement name="PlayerLevel" operation="GTE" value="50" desc_key="req8"/>
				<requirement name="ProgressionLevel" progression_name="Prestige" operation="GTE" value="1" desc_key="reqGenericPoints01"/>
			</level_requirements>
			<level_requirements level="3">
				<requirement name="PlayerLevel" operation="GTE" value="100" desc_key="req9"/>
				<requirement name="ProgressionLevel" progression_name="Prestige" operation="GTE" value="1" desc_key="reqGenericPoints01"/>
			</level_requirements>
			<level_requirements level="4">
				<requirement name="PlayerLevel" operation="GTE" value="200" desc_key="req10"/>
				<requirement name="ProgressionLevel" progression_name="Prestige" operation="GTE" value="1" desc_key="reqGenericPoints01"/>
			</level_requirements>
			<level_requirements level="5">
				<requirement name="PlayerLevel" operation="GTE" value="300" desc_key="req7"/>
				<requirement name="ProgressionLevel" progression_name="Prestige" operation="GTE" value="1" desc_key="reqGenericPoints01"/>
			</level_requirements>
			<effect_group>
				<passive_effect name="HealthMax" operation="base_add" value="10,50" level="1,5"/>
				<passive_effect name="StaminaMax" operation="base_add" value="10,50" level="1,5"/>
				<effect_description level="1" desc_key="perkMHSdec1" long_desc_key="perkMHSlongdec1"/>
				<effect_description level="2" desc_key="perkMHSdec2" long_desc_key="perkMHSlongdec2"/>
				<effect_description level="3" desc_key="perkMHSdec3" long_desc_key="perkMHSlongdec3"/>
				<effect_description level="4" desc_key="perkMHSdec4" long_desc_key="perkMHSlongdec4"/>
				<effect_description level="5" desc_key="perkMHSdec5" long_desc_key="perkMHSlongdec5"/>
			</effect_group>
		</perk>

		<perk name="perkAcrobat" parent="skillPhysical" name_key="perkAcro" desc_key="perkAcrodesc" icon="ui_game_symbol_run">
			<level_requirements level="1">
				<requirement name="ProgressionLevel" progression_name="Prestige" operation="GTE" value="1" desc_key="prs2perk"/>
			</level_requirements>
			<level_requirements level="2">
				<requirement name="PlayerLevel" operation="GTE" value="50" desc_key="req8"/>
				<requirement name="ProgressionLevel" progression_name="Prestige" operation="GTE" value="1" desc_key="reqGenericPoints01"/>
			</level_requirements>
			<level_requirements level="3">
				<requirement name="PlayerLevel" operation="GTE" value="100" desc_key="req9"/>
				<requirement name="ProgressionLevel" progression_name="Prestige" operation="GTE" value="1" desc_key="reqGenericPoints01"/>
			</level_requirements>
			<level_requirements level="4">
				<requirement name="PlayerLevel" operation="GTE" value="200" desc_key="req10"/>
				<requirement name="ProgressionLevel" progression_name="Prestige" operation="GTE" value="1" desc_key="reqGenericPoints01"/>
			</level_requirements>
			<level_requirements level="5">
				<requirement name="PlayerLevel" operation="GTE" value="300" desc_key="req7"/>
				<requirement name="ProgressionLevel" progression_name="Prestige" operation="GTE" value="1" desc_key="reqGenericPoints01"/>
			</level_requirements>

			<effect_group>
				<!--Distancia de caida modificado en el buffs.xml-->
				<passive_effect name="Mobility" operation="perc_add" value=".03,.15" level="1,5"/>
				<effect_description level="1" desc_key="perkAcrodesc1" long_desc_key="perkAcrolongdesc1"/>
				<effect_description level="2" desc_key="perkAcrodesc2" long_desc_key="perkAcrolongdesc2"/>
				<effect_description level="3" desc_key="perkAcrodesc3" long_desc_key="perkAcrolongdesc3"/>
				<effect_description level="4" desc_key="perkAcrodesc4" long_desc_key="perkAcrolongdesc4"/>
				<effect_description level="5" desc_key="perkAcrodesc5" long_desc_key="perkAcrolongdesc5"/>
			</effect_group>
		</perk>

		<perk name="perkStrmaster" max_level="5" parent="skillPhysical" name_key="perkStr" desc_key="perkStrdesc" icon="ui_game_symbol_muscle">
			<level_requirements level="1">
				<requirement name="ProgressionLevel" progression_name="Prestige" operation="GTE" value="1" desc_key="prs2perk"/>
			</level_requirements>
			<level_requirements level="2">
				<requirement name="PlayerLevel" operation="GTE" value="50" desc_key="req8"/>
				<requirement name="ProgressionLevel" progression_name="Prestige" operation="GTE" value="1" desc_key="reqGenericPoints01"/>
			</level_requirements>
			<level_requirements level="3">
				<requirement name="PlayerLevel" operation="GTE" value="100" desc_key="req9"/>
				<requirement name="ProgressionLevel" progression_name="Prestige" operation="GTE" value="1" desc_key="reqGenericPoints01"/>
			</level_requirements>
			<level_requirements level="4">
				<requirement name="PlayerLevel" operation="GTE" value="200" desc_key="req10"/>
				<requirement name="ProgressionLevel" progression_name="Prestige" operation="GTE" value="1" desc_key="reqGenericPoints01"/>
			</level_requirements>
			<level_requirements level="5">
				<requirement name="PlayerLevel" operation="GTE" value="300" desc_key="req7"/>
				<requirement name="ProgressionLevel" progression_name="Prestige" operation="GTE" value="1" desc_key="reqGenericPoints01"/>
			</level_requirements>
			<effect_group>
				<passive_effect name="StaminaLoss" operation="perc_add" level="1,5" value="-.05,-.25"/>
				<passive_effect name="StaminaChangeOT" operation="perc_add" level="1,5" value=".05,.25"/>
				<passive_effect name="AttacksPerMinute" operation="perc_add" level="1" value=".05"/>
				<passive_effect name="AttacksPerMinute" operation="perc_add" level="2" value=".10"/>
				<passive_effect name="AttacksPerMinute" operation="perc_add" level="3" value=".15"/>
				<passive_effect name="AttacksPerMinute" operation="perc_add" level="4" value=".20"/>
				<passive_effect name="AttacksPerMinute" operation="perc_add" level="5" value=".25"/>


				<effect_description level="1" desc_key="perkStrdesc1" long_desc_key="perkStrlongdesc1"/>
				<effect_description level="2" desc_key="perkStrdesc2" long_desc_key="perkStrlongdesc2"/>
				<effect_description level="3" desc_key="perkStrdesc3" long_desc_key="perkStrlongdesc3"/>
				<effect_description level="4" desc_key="perkStrdesc4" long_desc_key="perkStrlongdesc4"/>
				<effect_description level="5" desc_key="perkStrdesc5" long_desc_key="perkStrlongdesc5"/>
			</effect_group>
		</perk>

		<perk name="perkCraft" max_level="5" parent="skillMental" name_key="perkCra" desc_key="perkCradesc" icon="ui_game_symbol_resource">
			<level_requirements level="1">
				<requirement name="ProgressionLevel" progression_name="Prestige" operation="GTE" value="1" desc_key="prs2perk"/>
				<requirement name="ProgressionLevel" progression_name="perkAdvancedEngineering" operation="GTE" value="5" desc_key="advpresperk"/>
			</level_requirements>
			<level_requirements level="2">
				<requirement name="ProgressionLevel" progression_name="Prestige" operation="GTE" value="1" desc_key="reqGenericPoints01"/>
				<requirement name="ProgressionLevel" progression_name="perkAdvancedEngineering" operation="GTE" value="5" desc_key="advpresperk"/>
			</level_requirements>
			<level_requirements level="3">
				<requirement name="ProgressionLevel" progression_name="Prestige" operation="GTE" value="1" desc_key="reqGenericPoints01"/>
				<requirement name="ProgressionLevel" progression_name="perkAdvancedEngineering" operation="GTE" value="5" desc_key="advpresperk"/>
			</level_requirements>
			<level_requirements level="4">
				<requirement name="ProgressionLevel" progression_name="Prestige" operation="GTE" value="1" desc_key="reqGenericPoints01"/>
				<requirement name="ProgressionLevel" progression_name="perkAdvancedEngineering" operation="GTE" value="5" desc_key="advpresperk"/>
			</level_requirements>
			<level_requirements level="5">
				<requirement name="ProgressionLevel" progression_name="Prestige" operation="GTE" value="1" desc_key="reqGenericPoints01"/>
				<requirement name="ProgressionLevel" progression_name="perkAdvancedEngineering" operation="GTE" value="5" desc_key="advpresperk"/>
			</level_requirements>
			<effect_group>
				<passive_effect name="CraftingTime" operation="perc_add" level="1,5" value="-.05,-.25"/>

				<effect_description level="1" desc_key="perkCradesc1" long_desc_key="perkCralongdesc1"/>
				<effect_description level="2" desc_key="perkCradesc2" long_desc_key="perkCralongdesc2"/>
				<effect_description level="3" desc_key="perkCradesc3" long_desc_key="perkCralongdesc3"/>
				<effect_description level="4" desc_key="perkCradesc4" long_desc_key="perkCralongdesc4"/>
				<effect_description level="5" desc_key="perkCradesc5" long_desc_key="perkCralongdesc5"/>

			</effect_group>
		</perk>

		<perk name="perklootart" max_level="5" parent="skillMental" name_key="perkloota" desc_key="perklootadesc" icon="ui_game_symbol_treasure">
			<level_requirements level="1">
				<requirement name="ProgressionLevel" progression_name="Prestige" operation="GTE" value="1" desc_key="prs2perk"/>
				<requirement name="ProgressionLevel" progression_name="perkLuckyLooter" operation="GTE" value="5" desc_key="luckpresperk"/>
			</level_requirements>
			<level_requirements level="2">
				<requirement name="ProgressionLevel" progression_name="Prestige" operation="GTE" value="1" desc_key="reqGenericPoints01"/>
				<requirement name="ProgressionLevel" progression_name="perkLuckyLooter" operation="GTE" value="5" desc_key="luckpresperk"/>
			</level_requirements>
			<level_requirements level="3">
				<requirement name="ProgressionLevel" progression_name="Prestige" operation="GTE" value="1" desc_key="reqGenericPoints01"/>
				<requirement name="ProgressionLevel" progression_name="perkLuckyLooter" operation="GTE" value="5" desc_key="luckpresperk"/>
			</level_requirements>
			<level_requirements level="4">
				<requirement name="ProgressionLevel" progression_name="Prestige" operation="GTE" value="1" desc_key="reqGenericPoints01"/>
				<requirement name="ProgressionLevel" progression_name="perkLuckyLooter" operation="GTE" value="5" desc_key="luckpresperk"/>
			</level_requirements>
			<level_requirements level="5">
				<requirement name="ProgressionLevel" progression_name="Prestige" operation="GTE" value="1" desc_key="reqGenericPoints01"/>
				<requirement name="ProgressionLevel" progression_name="perkLuckyLooter" operation="GTE" value="5" desc_key="luckpresperk"/>
			</level_requirements>
			<effect_group>
				<passive_effect name="LootGamestage" operation="perc_add" level="1,5" value=".05,.25"/>
				<passive_effect name="ScavengingTime" operation="perc_subtract" level="1,5" value=".05,.25"/>
				<passive_effect name="LootQuantity" operation="perc_add" level="1,5" value=".05,.25" tags="buriedTreasure"/>

				<effect_description level="1" desc_key="perklootadesc1" long_desc_key="perklootalongdesc1"/>
				<effect_description level="2" desc_key="perklootadesc2" long_desc_key="perklootalongdesc2"/>
				<effect_description level="3" desc_key="perklootadesc3" long_desc_key="perklootalongdesc3"/>
				<effect_description level="4" desc_key="perklootadesc4" long_desc_key="perklootalongdesc4"/>
				<effect_description level="5" desc_key="perklootadesc5" long_desc_key="perklootalongdesc5"/>

			</effect_group>
		</perk>

		<perk name="perkHealart" parent="skillMental" name_key="perkHeal" desc_key="perkHealdesc" icon="ui_game_symbol_cardio">
			<level_requirements level="1">
				<requirement name="ProgressionLevel" progression_name="Prestige" operation="GTE" value="1" desc_key="prs2perk"/>
				<requirement name="ProgressionLevel" progression_name="perkPhysician" operation="GTE" value="4" desc_key="healpresperk"/>
				<requirement name="ProgressionLevel" progression_name="perkHealingFactor" operation="GTE" value="5" desc_key="healpresperk2"/>
			</level_requirements>
			<level_requirements level="2">
				<requirement name="ProgressionLevel" progression_name="Prestige" operation="GTE" value="1" desc_key="reqGenericPoints01"/>
				<requirement name="ProgressionLevel" progression_name="perkPhysician" operation="GTE" value="4" desc_key="healpresperk"/>
				<requirement name="ProgressionLevel" progression_name="perkHealingFactor" operation="GTE" value="5" desc_key="healpresperk2"/>
			</level_requirements>
			<level_requirements level="3">
				<requirement name="ProgressionLevel" progression_name="Prestige" operation="GTE" value="1" desc_key="reqGenericPoints01"/>
				<requirement name="ProgressionLevel" progression_name="perkPhysician" operation="GTE" value="4" desc_key="healpresperk"/>
				<requirement name="ProgressionLevel" progression_name="perkHealingFactor" operation="GTE" value="5" desc_key="healpresperk2"/>
			</level_requirements>
			<level_requirements level="4">
				<requirement name="ProgressionLevel" progression_name="Prestige" operation="GTE" value="1" desc_key="reqGenericPoints01"/>
				<requirement name="ProgressionLevel" progression_name="perkPhysician" operation="GTE" value="4" desc_key="healpresperk"/>
				<requirement name="ProgressionLevel" progression_name="perkHealingFactor" operation="GTE" value="5" desc_key="healpresperk2"/>
			</level_requirements>
			<level_requirements level="5">
				<requirement name="ProgressionLevel" progression_name="Prestige" operation="GTE" value="1" desc_key="reqGenericPoints01"/>
				<requirement name="ProgressionLevel" progression_name="perkPhysician" operation="GTE" value="4" desc_key="healpresperk"/>
				<requirement name="ProgressionLevel" progression_name="perkHealingFactor" operation="GTE" value="5" desc_key="healpresperk2"/>
			</level_requirements>
			<effect_group>
				<!--Vida por items y curacion de heridas criticas estan dentro del buffs.xml-->
				<requirement name="NotHasBuff" buff="buffStatusHungry03"/>
				<requirement name="NotHasBuff" buff="buffStatusThirsty03"/>
				<!--Para Evitar que los salve de morir de hambre/sed-->
				<passive_effect name="HealthChangeOT" operation="base_add" level="1,2,3,4,5" value=".0166,.033,.066,.125,.25"/>

				<effect_description level="1" desc_key="perkHealdesc1" long_desc_key="perkHeallongdesc1"/>
				<effect_description level="2" desc_key="perkHealdesc2" long_desc_key="perkHeallongdesc2"/>
				<effect_description level="3" desc_key="perkHealdesc3" long_desc_key="perkHeallongdesc3"/>
				<effect_description level="4" desc_key="perkHealdesc4" long_desc_key="perkHeallongdesc4"/>
				<effect_description level="5" desc_key="perkHealdesc5" long_desc_key="perkHeallongdesc5"/>
			</effect_group>
		</perk>

		<perk name="perkFoodsp" max_level="5" parent="skillMental" name_key="perkFoo" desc_key="perkFoodesc" icon="ui_game_symbol_spatula">
			<level_requirements level="1">
				<requirement name="ProgressionLevel" progression_name="Prestige" operation="GTE" value="1" desc_key="prs2perk"/>
				<requirement name="ProgressionLevel" progression_name="perkSlowMetabolism" operation="GTE" value="5" desc_key="perkslowdesc"/>
				<requirement name="ProgressionLevel" progression_name="perkMasterChef" operation="GTE" value="5" desc_key="perkslowdesc2"/>
			</level_requirements>
			<level_requirements level="2">
				<requirement name="ProgressionLevel" progression_name="Prestige" operation="GTE" value="1" desc_key="reqGenericPoints01"/>
				<requirement name="ProgressionLevel" progression_name="perkSlowMetabolism" operation="GTE" value="5" desc_key="perkslowdesc"/>
				<requirement name="ProgressionLevel" progression_name="perkMasterChef" operation="GTE" value="5" desc_key="perkslowdesc2"/>
			</level_requirements>
			<level_requirements level="3">
				<requirement name="ProgressionLevel" progression_name="Prestige" operation="GTE" value="1" desc_key="reqGenericPoints01"/>
				<requirement name="ProgressionLevel" progression_name="perkSlowMetabolism" operation="GTE" value="5" desc_key="perkslowdesc"/>
				<requirement name="ProgressionLevel" progression_name="perkMasterChef" operation="GTE" value="5" desc_key="perkslowdesc2"/>
			</level_requirements>
			<level_requirements level="4">
				<requirement name="ProgressionLevel" progression_name="Prestige" operation="GTE" value="1" desc_key="reqGenericPoints01"/>
				<requirement name="ProgressionLevel" progression_name="perkSlowMetabolism" operation="GTE" value="5" desc_key="perkslowdesc"/>
				<requirement name="ProgressionLevel" progression_name="perkMasterChef" operation="GTE" value="5" desc_key="perkslowdesc2"/>
			</level_requirements>
			<level_requirements level="5">
				<requirement name="ProgressionLevel" progression_name="Prestige" operation="GTE" value="1" desc_key="reqGenericPoints01"/>
				<requirement name="ProgressionLevel" progression_name="perkSlowMetabolism" operation="GTE" value="5" desc_key="perkslowdesc"/>
				<requirement name="ProgressionLevel" progression_name="perkMasterChef" operation="GTE" value="5" desc_key="perkslowdesc2"/>
			</level_requirements>
			<effect_group>
				<passive_effect name="WaterLossPerHealthPointGained" operation="perc_subtract" level="1,5" value="-0.05,-0.25"/>
				<passive_effect name="WaterLossPerStaminaPointGained" operation="perc_subtract" level="1,5" value="-0.05,-0.25"/>
				<passive_effect name="FoodLossPerStaminaPointGained" operation="perc_subtract" level="1,5" value="-0.05,-0.25"/>
				<passive_effect name="HarvestCount" operation="perc_add" level="5" value="1" tags="cropHarvest,wildCropsHarvest"/>
				
				<passive_effect name="CraftingTime" operation="perc_add" level="5" value="-.05" tags="perkMasterChef">
					<requirement name="ProgressionLevel" progression_name="perkCraft" operation="Equals" value="4"/>
				</passive_effect>
				<passive_effect name="CraftingTime" operation="perc_add" level="5" value="-.10" tags="perkMasterChef">
					<requirement name="ProgressionLevel" progression_name="perkCraft" operation="Equals" value="3"/>
				</passive_effect>
				<passive_effect name="CraftingTime" operation="perc_add" level="5" value="-.15" tags="perkMasterChef">
					<requirement name="ProgressionLevel" progression_name="perkCraft" operation="Equals" value="2"/>
				</passive_effect>
				<passive_effect name="CraftingTime" operation="perc_add" level="5" value="-.20" tags="perkMasterChef">
					<requirement name="ProgressionLevel" progression_name="perkCraft" operation="Equals" value="1"/>
				</passive_effect>
				<passive_effect name="CraftingTime" operation="perc_add" level="5" value="-.25" tags="perkMasterChef">
					<requirement name="ProgressionLevel" progression_name="perkCraft" operation="Equals" value="0"/>
				</passive_effect>



				<triggered_effect trigger="onPerkLevelChanged" action="AddBuff" buff="buffPerkAbilityUpdate"/>
				<effect_description level="1" desc_key="perkFoodesc1" long_desc_key="perkFoolongdesc1"/>
				<effect_description level="2" desc_key="perkFoodesc2" long_desc_key="perkFoolongdesc2"/>
				<effect_description level="3" desc_key="perkFoodesc3" long_desc_key="perkFoolongdesc3"/>
				<effect_description level="4" desc_key="perkFoodesc4" long_desc_key="perkFoolongdesc4"/>
				<effect_description level="5" desc_key="perkFoodesc5" long_desc_key="perkFoolongdesc5"/>

			</effect_group>
		</perk>

		<perk name="perkMinspe" max_level="5" parent="skillRangedMasteries" name_key="perkMin" desc_key="perkMindesc" icon="ui_game_symbol_mining">
			<level_requirements level="1">
				<requirement name="ProgressionLevel" progression_name="Prestige" operation="GTE" value="1" desc_key="prs2perk"/>
				<requirement name="ProgressionLevel" progression_name="perkMiner69r" operation="GTE" value="1" desc_key="minpresdesc1"/>
				<requirement name="ProgressionLevel" progression_name="perkSalvageOperations" operation="GTE" value="1" desc_key="minpresdesc2"/>
			</level_requirements>
			<level_requirements level="2">
				<requirement name="ProgressionLevel" progression_name="Prestige" operation="GTE" value="1" desc_key="reqGenericPoints01"/>
				<requirement name="ProgressionLevel" progression_name="perkMiner69r" operation="GTE" value="2" desc_key="minpresdesc11"/>
				<requirement name="ProgressionLevel" progression_name="perkSalvageOperations" operation="GTE" value="2" desc_key="minpresdesc21"/>
			</level_requirements>
			<level_requirements level="3">
				<requirement name="ProgressionLevel" progression_name="Prestige" operation="GTE" value="1" desc_key="reqGenericPoints01"/>
				<requirement name="ProgressionLevel" progression_name="perkMiner69r" operation="GTE" value="3" desc_key="minpresdesc12"/>
				<requirement name="ProgressionLevel" progression_name="perkSalvageOperations" operation="GTE" value="3" desc_key="minpresdesc22"/>
			</level_requirements>
			<level_requirements level="4">
				<requirement name="ProgressionLevel" progression_name="Prestige" operation="GTE" value="1" desc_key="reqGenericPoints01"/>
				<requirement name="ProgressionLevel" progression_name="perkMiner69r" operation="GTE" value="4" desc_key="minpresdesc13"/>
				<requirement name="ProgressionLevel" progression_name="perkSalvageOperations" operation="GTE" value="4" desc_key="minpresdesc23"/>
			</level_requirements>
			<level_requirements level="5">
				<requirement name="ProgressionLevel" progression_name="Prestige" operation="GTE" value="1" desc_key="reqGenericPoints01"/>
				<requirement name="ProgressionLevel" progression_name="perkMiner69r" operation="GTE" value="5" desc_key="minpresdesc14"/>
				<requirement name="ProgressionLevel" progression_name="perkSalvageOperations" operation="GTE" value="5" desc_key="minpresdesc24"/>
			</level_requirements>
			<effect_group>
				<passive_effect name="HarvestCount" operation="perc_add" level="1,5" value=".1,.5" tags="oreWoodHarvest">
					<requirement name="HoldingItemHasTags" tags="perkMiner69r"/>
				</passive_effect>
				<passive_effect name="HarvestCount" operation="perc_add" level="1,5" value=".1,.5" tags="salvageHarvest">
					<requirement name="HoldingItemHasTags" tags="salvageHarvest"/>
				</passive_effect>
				<passive_effect name="BlockDamage" operation="perc_add" value=".1,.5" level="1,5">
					<requirement name="HoldingItemHasTags" tags="perkMiner69r"/>
				</passive_effect>
				<passive_effect name="AttacksPerMinute" operation="perc_add" level="1,5" value=".05,.25" tags="Harvesting">
					<requirement name="HoldingItemHasTags" tags="melee"/>
				</passive_effect>
				<!--Regula xp-->
				<passive_effect name="PlayerExpGain" operation="perc_add" level="1,5" value="-.01,-.05" tags="Harvesting">
					<requirement name="HoldingItemHasTags" tags="perkMiner69r"/>
				</passive_effect>
				<passive_effect name="PlayerExpGain" operation="perc_add" level="1,5" value="-.05,-.2" tags="Harvesting">
					<requirement name="HoldingItemHasTags" tags="salvageHarvest"/>
				</passive_effect>
				<effect_description level="1" desc_key="perkMindesc1" long_desc_key="perkMinlongdesc1"/>
				<effect_description level="2" desc_key="perkMindesc2" long_desc_key="perkMinlongdesc2"/>
				<effect_description level="3" desc_key="perkMindesc3" long_desc_key="perkMinlongdesc3"/>
				<effect_description level="4" desc_key="perkMindesc4" long_desc_key="perkMinlongdesc4"/>
				<effect_description level="5" desc_key="perkMindesc5" long_desc_key="perkMinlongdesc5"/>
			</effect_group>
		</perk>

		<perk name="perkweapsp" parent="skillRangedMasteries" name_key="perkRSMS" desc_key="perkweadesc" icon="ui_game_symbol_run_and_gun">
			<level_requirements level="1">
				<requirement name="ProgressionLevel" progression_name="Prestige" operation="GTE" value="1" desc_key="prs2perk"/>
				<requirement name="ProgressionLevel" progression_name="perkMachineGunner" operation="GTE" value="1" desc_key="wppresdesc1"/>
				<requirement name="ProgressionLevel" progression_name="perkGunslinger" operation="GTE" value="1" desc_key="wppresdesc2"/>
				<requirement name="ProgressionLevel" progression_name="perkBoomstick" operation="GTE" value="1" desc_key="wppresdesc3"/>
				<requirement name="ProgressionLevel" progression_name="perkDeadEye" operation="GTE" value="1" desc_key="wppresdesc4"/>
			</level_requirements>
			<level_requirements level="2">
				<requirement name="ProgressionLevel" progression_name="Prestige" operation="GTE" value="1" desc_key="reqGenericPoints01"/>
				<requirement name="ProgressionLevel" progression_name="perkMachineGunner" operation="GTE" value="2" desc_key="wppresdesc11"/>
				<requirement name="ProgressionLevel" progression_name="perkGunslinger" operation="GTE" value="2" desc_key="wppresdesc21"/>
				<requirement name="ProgressionLevel" progression_name="perkBoomstick" operation="GTE" value="2" desc_key="wppresdesc31"/>
				<requirement name="ProgressionLevel" progression_name="perkDeadEye" operation="GTE" value="2" desc_key="wppresdesc41"/>
			</level_requirements>
			<level_requirements level="3">
				<requirement name="ProgressionLevel" progression_name="Prestige" operation="GTE" value="1" desc_key="reqGenericPoints01"/>
				<requirement name="ProgressionLevel" progression_name="perkMachineGunner" operation="GTE" value="3" desc_key="wppresdesc12"/>
				<requirement name="ProgressionLevel" progression_name="perkGunslinger" operation="GTE" value="3" desc_key="wppresdesc22"/>
				<requirement name="ProgressionLevel" progression_name="perkBoomstick" operation="GTE" value="3" desc_key="wppresdesc32"/>
				<requirement name="ProgressionLevel" progression_name="perkDeadEye" operation="GTE" value="3" desc_key="wppresdesc42"/>
			</level_requirements>
			<level_requirements level="4">
				<requirement name="ProgressionLevel" progression_name="Prestige" operation="GTE" value="1" desc_key="reqGenericPoints01"/>
				<requirement name="ProgressionLevel" progression_name="perkMachineGunner" operation="GTE" value="4" desc_key="wppresdesc13"/>
				<requirement name="ProgressionLevel" progression_name="perkGunslinger" operation="GTE" value="4" desc_key="wppresdesc23"/>
				<requirement name="ProgressionLevel" progression_name="perkBoomstick" operation="GTE" value="4" desc_key="wppresdesc33"/>
				<requirement name="ProgressionLevel" progression_name="perkDeadEye" operation="GTE" value="4" desc_key="wppresdesc43"/>
			</level_requirements>
			<level_requirements level="5">
				<requirement name="ProgressionLevel" progression_name="Prestige" operation="GTE" value="1" desc_key="reqGenericPoints01"/>
				<requirement name="ProgressionLevel" progression_name="perkMachineGunner" operation="GTE" value="5" desc_key="wppresdesc14"/>
				<requirement name="ProgressionLevel" progression_name="perkGunslinger" operation="GTE" value="5" desc_key="wppresdesc24"/>
				<requirement name="ProgressionLevel" progression_name="perkBoomstick" operation="GTE" value="5" desc_key="wppresdesc34"/>
				<requirement name="ProgressionLevel" progression_name="perkDeadEye" operation="GTE" value="5" desc_key="wppresdesc44"/>
			</level_requirements>
			<effect_group>
				<requirement name="ItemHasTags" tags="ranged"/>
				<passive_effect name="DamageFalloffRange" operation="perc_add" level="1,5" value=".05,.25"/>
				<passive_effect name="MaxRange" operation="perc_add" level="1,5" value=".05,.25"/>
				<passive_effect name="ReloadSpeedMultiplier" operation="perc_add" level="1,5" value=".05,.25"/>
				<passive_effect name="MagazineSize" operation="perc_add" level="1,5" value=".05,.25"/>

				<effect_description level="1" desc_key="perkweadesc1" long_desc_key="perkwealongdesc1"/>
				<effect_description level="2" desc_key="perkweadesc2" long_desc_key="perkwealongdesc2"/>
				<effect_description level="3" desc_key="perkweadesc3" long_desc_key="perkwealongdesc3"/>
				<effect_description level="4" desc_key="perkweadesc4" long_desc_key="perkwealongdesc4"/>
				<effect_description level="5" desc_key="perkweadesc5" long_desc_key="perkwealongdesc5"/>
			</effect_group>
			<effect_group>
				<passive_effect name="CraftingTier" operation="base_add" level="5" value="1" tags="perkBoomstick,perkMachineGunner,perkGunslinger,perkDeadEye"/>
			</effect_group>


		</perk>

		<perk name="perkjunkExplosiveMastery" max_level="5" parent="skillRangedMasteries" name_key="perkJE" desc_key="perkJEdesc" icon="ui_game_symbol_explosion">
			<level_requirements level="1">
				<requirement name="ProgressionLevel" progression_name="Prestige" operation="GTE" value="1" desc_key="prs2perk"/>
				<requirement name="ProgressionLevel" progression_name="perkDemolitionsExpert" operation="GTE" value="1" desc_key="etpresdesc1"/>
				<requirement name="ProgressionLevel" progression_name="perkTurrets" operation="GTE" value="1" desc_key="etpresdesc2"/>
			</level_requirements>
			<level_requirements level="2">
				<requirement name="ProgressionLevel" progression_name="Prestige" operation="GTE" value="1" desc_key="reqGenericPoints01"/>
				<requirement name="ProgressionLevel" progression_name="perkDemolitionsExpert" operation="GTE" value="2" desc_key="etpresdesc11"/>
				<requirement name="ProgressionLevel" progression_name="perkTurrets" operation="GTE" value="2" desc_key="etpresdesc21"/>
			</level_requirements>
			<level_requirements level="3">
				<requirement name="ProgressionLevel" progression_name="Prestige" operation="GTE" value="1" desc_key="reqGenericPoints01"/>
				<requirement name="ProgressionLevel" progression_name="perkDemolitionsExpert" operation="GTE" value="3" desc_key="etpresdesc12"/>
				<requirement name="ProgressionLevel" progression_name="perkTurrets" operation="GTE" value="3" desc_key="etpresdesc22"/>
			</level_requirements>
			<level_requirements level="4">
				<requirement name="ProgressionLevel" progression_name="Prestige" operation="GTE" value="1" desc_key="reqGenericPoints01"/>
				<requirement name="ProgressionLevel" progression_name="perkDemolitionsExpert" operation="GTE" value="4" desc_key="etpresdesc13"/>
				<requirement name="ProgressionLevel" progression_name="perkTurrets" operation="GTE" value="4" desc_key="etpresdesc23"/>
			</level_requirements>
			<level_requirements level="5">
				<requirement name="ProgressionLevel" progression_name="Prestige" operation="GTE" value="1" desc_key="reqGenericPoints01"/>
				<requirement name="ProgressionLevel" progression_name="perkDemolitionsExpert" operation="GTE" value="5" desc_key="etpresdesc14"/>
				<requirement name="ProgressionLevel" progression_name="perkTurrets" operation="GTE" value="5" desc_key="etpresdesc24"/>
			</level_requirements>



			<effect_group>
				<passive_effect name="CraftingTier" operation="base_add" level="5" value="1" tags="perkTurrets,perkDemolitionsExpert"/>

				<passive_effect name="JunkTurretActiveCount" operation="base_add" level="5" value="1"/>

				<passive_effect name="MagazineSize" operation="base_add" level="1,5" value="20,100">
					<requirement name="HoldingItemHasTags" tags="turretRanged"/>
				</passive_effect>

				<passive_effect name="MagazineSize" operation="base_add" level="1,5" value="20,100">
					<requirement name="HoldingItemHasTags" tags="turretRanged"/>
				</passive_effect>

				<passive_effect name="BlockDamage" operation="perc_add" level="1,5" value=".1,.5">
					<requirement name="HoldingItemHasTags" tags="perkDemolitionsExpert"/>
				</passive_effect>

				<passive_effect name="EntityDamage" operation="perc_add" level="1,5" value=".1,.5">
					<requirement name="HoldingItemHasTags" tags="perkDemolitionsExpert"/>
				</passive_effect>

				<passive_effect name="ReloadSpeedMultiplier" operation="perc_add" level="1,5" value=".05,.25">
					<requirement name="HoldingItemHasTags" tags="perkDemolitionsExpert,turretRanged"/>
				</passive_effect>
				<passive_effect name="MagazineSize" operation="base_add" level="3" value="1">
					<requirement name="HoldingItemHasTags" tags="perkDemolitionsExpert"/>
				</passive_effect>
				<passive_effect name="MagazineSize" operation="base_add" level="5" value="2">
					<requirement name="HoldingItemHasTags" tags="perkDemolitionsExpert"/>
				</passive_effect>

				<effect_description level="1" desc_key="perkJEdesc1" long_desc_key="perkJElongdesc1"/>
				<effect_description level="2" desc_key="perkJEdesc2" long_desc_key="perkJElongdesc2"/>
				<effect_description level="3" desc_key="perkJEdesc3" long_desc_key="perkJElongdesc3"/>
				<effect_description level="4" desc_key="perkJEdesc4" long_desc_key="perkJElongdesc4"/>
				<effect_description level="5" desc_key="perkJEdesc5" long_desc_key="perkJElongdesc5"/>

			</effect_group>
		</perk>
	</insertBefore>

	<append xpath="/progression/perks/perk[@name='perkTurrets']/effect_group">
		<passive_effect name="JunkTurretActiveCount" operation="base_add" value="1">
			<requirement name="ProgressionLevel" progression_name="perkjunkExplosiveMastery" operation="GTE" value="5"/>
		</passive_effect>
	</append>
</configs>