<configs>
	<append xpath="/quests">
		<!-- ▼▲▼▲▼▲▼▲▼▲▼▲▼▲▼▲▼▲ Prestige Skill Points ▼▲▼▲▼▲▼▲▼▲▼▲▼▲▼▲▼▲ -->
			<quest id="c_skillpoints">
				<property name="name_key" value="sp20name" />
				<property name="subtitle_key" value="sp20sub" />
				<property name="description_key" value="sp20desc" />
				<property name="offer_key" value="20SPKey" />
				<property name="repeatable" value="true" />
				<property name="repeatable" value="true" />
				<property name="icon" value="ui_game_symbol_loot_star" />
				<property name="category_key" value="pSPKey" />
				<property name="difficulty" value="easy" />
				<reward type="SkillPoints" value="20"/>
			</quest>
		<!-- ▼▲▼▲▼▲▼▲▼▲▼▲▼▲▼▲▼▲▼▲▼▲▼▲▼▲▼▲▼▲▼▲▼▲▼▲▼▲▼▲▼▲▼▲▼▲▼▲▼▲▼▲▼▲▼▲▼▲▼ -->
		<quest id="q_Presgio1">
			<property name="name_key" value="prestige1Title" />
			<property name="subtitle_key" value="" />
			<property name="description_key" value="prequestDesc" />
			<property name="offer_key" value="prestige1Desc" />
			<property name="repeatable" value="false" />			
			<property name="category_key" value="prestige1Title" />
			<property name="icon" value="ui_game_symbol_star" />				
			<property name="difficulty" value="easy" />			
			<reward type="Item" id="Prkit" value="1"/>

		</quest>
		<quest id="q_Presgio2">
			<property name="name_key" value="prestige2Title" />
			<property name="subtitle_key" value="" />
			<property name="description_key" value="prequestDesc2" />
			<property name="offer_key" value="prestige2Desc" />
			<property name="repeatable" value="false" />			
			<property name="category_key" value="prestige2Title" />
			<property name="icon" value="ui_game_symbol_twitch_special" />				
			<property name="difficulty" value="easy" />
			<reward type="Item" id="Prkit2" value="1"/>
		</quest>

	</append>
</configs>