<configs>
	<append xpath="/blocks">

	<!--Autominers empty-->
		<block name="autominerParent">			
			<property name="CreativeMode" value="None"/>
			<property name="CustomIcon" value="controlPanelBase01"/>
			<property name="DescriptionKey" value="autominerDesc"/>
			<property name="Class" value="PlantGrowing"/>
			<property name="MaxDamage" value="5000"/>
			<property name="Material" value="Morganic"/>
			<property name="CanPickup" value="true"/>
			<property name="PlantGrowing.Next" value="autominerParentFull"/> 
			<property name="PlantGrowing.GrowthRate" value="3"/>
			<property name="PlantGrowing.FertileLevel" value="0"/>
			<property name="PlantGrowing.IsRandom" value="false"/>
			<property name="PlantGrowing.LightLevelGrow" value="0"/>
			<property name="PlantGrowing.LightLevelStay" value="0"/>
			<!-- <property name="PlantGrowing.GrowIfAnythinOnTop" value="false"/>
			<property name="PlantGrowing.IsGrowOnTopEnabled" value="false"/> -->			
			<property name="Shape" value="ModelEntity"/>
			<property name="Model" value="Entities/Industrial/controlPanelBase_01Prefab"/>
			<property name="Place" value="TowardsPlacerInverted"/>
			<property name="Path" value="solid"/>					
			<property name="ImposterExchange" value="imposterBlock" param1="2"/>
			<property name="CanMobsSpawnOn" value="false"/>			
			<property name="StabilitySupport" value="false"/>
			
			<drop event="Fall" name="terrDestroyedStone" count="1" prob="1"/>
			<property class="RepairItems">
				<property name="resourceDuctTape" value="5"/>
			</property>
			<drop event="Destroy" name="autominerParent" count="1" />
			<property name="SortOrder1" value="70e3"/>
		</block>
		<block name="autominerStone">
			<property name="Extends" value="autominerParent"/>			
			<property name="CreativeMode" value="Dev"/>
			<property name="CustomIcon" value="controlPanelBase01"/>			
			<property name="PlantGrowing.Next" value="autominerStoneFull"/>
			<drop event="Fall" name="autominerStone" count="1" prob="1"/> 
			<drop event="Destroy" name="autominerStone" count="1" />
		</block>
		<block name="autominerIron">
			<property name="Extends" value="autominerParent"/>			
			<property name="CreativeMode" value="Dev"/>
			<property name="CustomIcon" value="controlPanelBase01"/>			
			<property name="PlantGrowing.Next" value="autominerIronFull"/>
			<drop event="Fall" name="autominerIron" count="1" prob="1"/> 
			<drop event="Destroy" name="autominerIron" count="1" />
		</block>
		<block name="autominerLead">
			<property name="Extends" value="autominerParent"/>			
			<property name="CreativeMode" value="Dev"/>
			<property name="CustomIcon" value="controlPanelBase01"/>			
			<property name="PlantGrowing.Next" value="autominerLeadFull"/>
			<drop event="Fall" name="autominerLead" count="1" prob="1"/> 
			<drop event="Destroy" name="autominerLead" count="1" />
		</block>
		<block name="autominerNitre">
			<property name="Extends" value="autominerParent"/>			
			<property name="CreativeMode" value="Dev"/>
			<property name="CustomIcon" value="controlPanelBase01"/>
			<property name="DescriptionKey" value="autominerNitreDesc"/>			
			<property name="PlantGrowing.Next" value="autominerNitreFull"/>
			<drop event="Fall" name="autominerNitre" count="1" prob="1"/> 
			<drop event="Destroy" name="autominerNitre" count="1" />
		</block>
		<block name="autominerCoal">
			<property name="Extends" value="autominerParent"/>			
			<property name="CreativeMode" value="Dev"/>
			<property name="CustomIcon" value="controlPanelBase01"/>			
			<property name="PlantGrowing.Next" value="autominerCoalFull"/>
			<drop event="Fall" name="autominerCoal" count="1" prob="1"/> 
			<drop event="Destroy" name="autominerCoal" count="1" />
		</block>
		<block name="autominerOil">
			<property name="Extends" value="autominerParent"/>			
			<property name="CreativeMode" value="Dev"/>
			<property name="CustomIcon" value="controlPanelBase01"/>			
			<property name="PlantGrowing.Next" value="autominerOilFull"/>
			<drop event="Fall" name="autominerOil" count="1" prob="1"/> 
			<drop event="Destroy" name="autominerOil" count="1" />
		</block>
		<block name="snowMaker">			
			<property name="CreativeMode" value="Dev"/>
			<property name="CustomIcon" value="controlPanelBase01"/>
			<property name="DescriptionKey" value="autominerDesc"/>
			<property name="Class" value="PlantGrowing"/>
			<property name="MaxDamage" value="5000"/>
			<property name="Material" value="Morganic"/>
			<property name="CanPickup" value="true"/>
			<property name="PlantGrowing.Next" value="snowMakerFull"/> 
			<property name="PlantGrowing.GrowthRate" value="3"/>
			<property name="PlantGrowing.FertileLevel" value="0"/>
			<property name="PlantGrowing.IsRandom" value="false"/>
			<property name="PlantGrowing.LightLevelGrow" value="0"/>
			<property name="PlantGrowing.LightLevelStay" value="0"/>
			<!-- <property name="PlantGrowing.GrowIfAnythinOnTop" value="false"/>
			<property name="PlantGrowing.IsGrowOnTopEnabled" value="false"/> -->			
			<property name="Shape" value="ModelEntity"/>
			<property name="Model" value="Entities/Industrial/controlPanelBase_01Prefab"/>
			<property name="Place" value="TowardsPlacerInverted"/>
			<property name="Path" value="solid"/>					
			<property name="ImposterExchange" value="imposterBlock" param1="2"/>
			<property name="CanMobsSpawnOn" value="false"/>			
			<property name="StabilitySupport" value="false"/>
			
			<drop event="Fall" name="snowMaker" count="1" prob="1"/>
			<property class="RepairItems">
				<property name="resourceDuctTape" value="5"/>
			</property>
			<drop event="Destroy" name="snowMaker" count="1" />
			<property name="SortOrder1" value="70e3"/>
		</block>

	<!--Autominers full-->
		<block name="autominerParentFull">
			<property name="CreativeMode" value="None"/>	
			<property name="CustomIcon" value="controlPanelBase01"/>	
			<property name="CustomIconTint" value="141414"/>
			<property name="TintColor" value="20,20,20"/>
			<property name="UMA.Overlay0Tint" value="20,20,20"/>
			<property name="Class" value="Loot" />			
			<property name="DisplayType" value="blockMulti" />
			<property name="Material" value="Morganic"/>
			<property name="Shape" value="ModelEntity"/>
			<property name="Model" value="Entities/Industrial/controlPanelBase_02Prefab"/>
			<property name="Place" value="TowardsPlacerInverted"/>
			<property name="Path" value="solid"/>			
			<property name="ImposterExchange" value="imposterBlock" param1="2"/>
			<property name="StabilitySupport" value="false"/>
			<property name="MaxDamage" value="5000"/>			
			<property class="RepairItems">
				<property name="resourceDuctTape" value="5"/>
			</property>
			<drop event="Fall" name="scrapMetalPile" count="1" prob="0.75" stick_chance="1"/>
			<property name="SortOrder1" value="70e3"/>

			<property name="LootList" value="autominerStone" />
			<drop event="Destroy" name="autominerParent" count="0" />			
			<property name="DowngradeBlock" value="autominerParent"/>
		</block>
		<block name="autominerStoneFull">
			<property name="Extends" value="autominerParentFull"/>
			<property name="CreativeMode" value="Dev"/>				
			<property name="CustomIcon" value="controlPanelBase01"/>

			<property name="CustomIconTint" value="141414"/>
			<property name="TintColor" value="20,20,20"/>
			<property name="UMA.Overlay0Tint" value="20,20,20"/>
			
			<property name="LootList" value="autominerStone" />
			<drop event="Destroy" name="autominerStone" count="0" />			
			<property name="DowngradeBlock" value="autominerStone"/>
		</block>
		<block name="autominerIronFull">
			<property name="Extends" value="autominerParentFull"/>
			<property name="CreativeMode" value="Dev"/>				
			<property name="CustomIcon" value="controlPanelBase01"/>

			<property name="CustomIconTint" value="141414"/>
			<property name="TintColor" value="20,20,20"/>
			<property name="UMA.Overlay0Tint" value="20,20,20"/>
			
			<property name="LootList" value="autominerIron" />
			<drop event="Destroy" name="autominerIron" count="0" />			
			<property name="DowngradeBlock" value="autominerIron"/>
		</block>
		<block name="autominerLeadFull">
			<property name="Extends" value="autominerParentFull"/>
			<property name="CreativeMode" value="Dev"/>				
			<property name="CustomIcon" value="controlPanelBase01"/>

			<property name="CustomIconTint" value="141414"/>
			<property name="TintColor" value="20,20,20"/>
			<property name="UMA.Overlay0Tint" value="20,20,20"/>
			
			<property name="LootList" value="autominerLead" />
			<drop event="Destroy" name="autominerLead" count="0" />			
			<property name="DowngradeBlock" value="autominerLead"/>
		</block>
		<block name="autominerNitreFull">
			<property name="Extends" value="autominerParentFull"/>
			<property name="CreativeMode" value="Dev"/>				
			<property name="CustomIcon" value="controlPanelBase01"/>

			<property name="CustomIconTint" value="141414"/>
			<property name="TintColor" value="20,20,20"/>
			<property name="UMA.Overlay0Tint" value="20,20,20"/>
			
			<property name="LootList" value="autominerNitre" />
			<drop event="Destroy" name="autominerNitre" count="0" />			
			<property name="DowngradeBlock" value="autominerNitre"/>
		</block>
		<block name="autominerCoalFull">
			<property name="Extends" value="autominerParentFull"/>
			<property name="CreativeMode" value="Dev"/>				
			<property name="CustomIcon" value="controlPanelBase01"/>

			<property name="CustomIconTint" value="141414"/>
			<property name="TintColor" value="20,20,20"/>
			<property name="UMA.Overlay0Tint" value="20,20,20"/>
			
			<property name="LootList" value="autominerCoal" />
			<drop event="Destroy" name="autominerCoal" count="0" />			
			<property name="DowngradeBlock" value="autominerCoal"/>
		</block>
		<block name="autominerOilFull">
			<property name="Extends" value="autominerParentFull"/>
			<property name="CreativeMode" value="Dev"/>				
			<property name="CustomIcon" value="controlPanelBase01"/>

			<property name="CustomIconTint" value="141414"/>
			<property name="TintColor" value="20,20,20"/>
			<property name="UMA.Overlay0Tint" value="20,20,20"/>
			
			<property name="LootList" value="autominerOil" />
			<drop event="Destroy" name="autominerOil" count="0" />			
			<property name="DowngradeBlock" value="autominerOil"/>
		</block>

		<block name="snowMakerFull">
			<property name="CreativeMode" value="None"/>	
			<property name="CustomIcon" value="controlPanelBase01"/>	
			<property name="CustomIconTint" value="141414"/>
			<property name="TintColor" value="20,20,20"/>
			<property name="UMA.Overlay0Tint" value="20,20,20"/>
			<property name="Class" value="Loot" />			
			<property name="DisplayType" value="blockMulti" />
			<property name="Material" value="Morganic"/>
			<property name="Shape" value="ModelEntity"/>
			<property name="Model" value="Entities/Industrial/controlPanelBase_02Prefab"/>
			<property name="Place" value="TowardsPlacerInverted"/>
			<property name="Path" value="solid"/>			
			<property name="ImposterExchange" value="imposterBlock" param1="2"/>
			<property name="StabilitySupport" value="false"/>
			<property name="MaxDamage" value="5000"/>			
			<property class="RepairItems">
				<property name="resourceDuctTape" value="5"/>
			</property>
			<drop event="Fall" name="scrapMetalPile" count="1" prob="0.75" stick_chance="1"/>
			<property name="SortOrder1" value="70e3"/>

			<property name="LootList" value="snowMaker" />
			<drop event="Destroy" name="snowMaker" count="0" />			
			<property name="DowngradeBlock" value="snowMaker"/>
		</block>
	</append>
</configs>

