<configs>
    <append xpath="/items">
        <item name="donationAutoMinerToken">
			<property name="Extends" value="gunMGT1AK47Parts"/>
            <property name="CustomIcon" value="meleeToolPickT2SteelPickaxe"/>
            <property name="DescriptionKey" value="donationAutoMinerTokenDesc"/>            
			<property name="Material" value="Morganic"/>			
			<property name="CustomIconTint" value="B65FCF"/>
			<property name="TintColor" value="B65FCF"/>
			<property name="EconomicBundleSize" value="1"/>			
			<property name="EconomicValue" value="1"/>
			<property name="Stacknumber" value="1"/>
        </item>
    </append>
</configs>