<configs>
	<append xpath="/recipes">
		<recipe name="autominerStone" count="1" craft_time="30" craft_area="workbench" tags="workbenchCrafting" >
			<ingredient name="donationAutoMinerToken" count="1"/>			
		</recipe>	
		<recipe name="autominerIron" count="1" craft_time="30" craft_area="workbench" tags="workbenchCrafting" >
			<ingredient name="donationAutoMinerToken" count="1"/>			
		</recipe>	
		<recipe name="autominerLead" count="1" craft_time="30" craft_area="workbench" tags="workbenchCrafting" >
			<ingredient name="donationAutoMinerToken" count="1"/>			
		</recipe>	
		<recipe name="autominerNitre" count="1" craft_time="30" craft_area="workbench" tags="workbenchCrafting" >
			<ingredient name="donationAutoMinerToken" count="1"/>			
		</recipe>	
		<recipe name="autominerCoal" count="1" craft_time="30" craft_area="workbench" tags="workbenchCrafting" >
			<ingredient name="donationAutoMinerToken" count="1"/>			
		</recipe>	
		<recipe name="autominerOil" count="1" craft_time="30" craft_area="workbench" tags="workbenchCrafting" >
			<ingredient name="donationAutoMinerToken" count="1"/>			
		</recipe>	
		<recipe name="snowMaker" count="1" craft_time="300" craft_area="workbench" tags="workbenchCrafting" >
			<ingredient name="resourceMechanicalParts" count="50"/>
			<ingredient name="resourceElectricParts" count="50"/>			
			<ingredient name="resourceForgedSteel" count="80"/>
			<ingredient name="resourceSpring" count="20"/>
			<ingredient name="resourceOil" count="50"/>
		</recipe>		
			
	</append>
</configs>