<MalenEI>
	<append xpath="/blocks">
		<!-- ▼▲▼▲▼▲▼▲▼▲▼▲▼▲▼▲▼▲ Special spawn ▼▲▼▲▼▲▼▲▼▲▼▲▼▲▼▲▼▲ -->
			<block name="sleeperZombieDogMummy">
				<property name="Extends" value="sleeperWolfAnimal"/>
				<property name="CustomIcon" value="sleeperZombieDogAnimal"/>
				<property name="CustomIconTint" value="2E2020"/>
				<property name="CreativeMode" value="Dev"/>
				<property name="Model" value="Entities/Animals/Wolf/sleeperPose/idleSleepZombieDogPrefab"/>
				<property name="CustomIcon" value="sleeperWolfAnimal"/>
				<property name="SpawnGroup" value="mummyDogGroup"/>
			</block>				
			<block name="sleeperSpecials"><!--sleeperTavo,sleeperSnukf-->
				<property name="Extends" value="sleeperSit"/>
				<property name="CustomIcon" value="sleeperIdle"/>
				<property name="ItemTypeIcon" value="star"/>
				<property name="CustomIconTint" value="FF0000"/>
				<property name="ExcludeWalkType" value="Crawler"/>
				<property name="Model" value="@:Entities/Zombies/Zombies/SleeperPoses/idleSleepPrefab.prefab"/>
				<property name="Pose" value="5"/>
				<property name="CreativeMode" value="Dev"/>
				<property name="LookIdentity" value="0,0,1"/>
				<property name="SpawnGroup" value="allspecial"/>
				<property name="DescriptionKey" value="sleeperGroupDesc"/>
			</block>
			<!-- Added by HolyVentus -->
				<block name="sleeperMinis">
					<property name="Extends" value="sleeperSit"/>
					<property name="CustomIcon" value="sleeperIdle"/>
					<property name="ItemTypeIcon" value="skull"/>
					<property name="CustomIconTint" value="2E2020"/>
					<property name="ExcludeWalkType" value="Crawler"/>
					<property name="Model" value="@:Entities/Zombies/Zombies/SleeperPoses/idleSleepPrefab.prefab"/>
					<property name="Pose" value="5"/>
					<property name="CreativeMode" value="Dev"/>
					<property name="LookIdentity" value="0,0,1"/>
					<property name="SpawnGroup" value="allMinis"/>
					<property name="DescriptionKey" value="sleeperGroupDesc"/>
				</block>		
			<!-- END Added by HolyVentus -->
		<!-- ▼▲▼▲▼▲▼▲▼▲▼▲▼▲▼▲▼▲▼▲▼▲▼▲▼▲▼▲▼▲▼▲▼▲▼▲▼▲▼▲▼▲▼▲▼▲▼▲ -->

		<!-- ▼▲▼▲▼▲▼▲▼▲▼▲▼▲▼▲▼▲ Lobby ▼▲▼▲▼▲▼▲▼▲▼▲▼▲▼▲▼▲ -->
			<block name="sleeperPractoLobby">
				<property name="Extends" value="sleeperSit"/>
				<property name="CustomIcon" value="sleeperIdle"/>
				<property name="ItemTypeIcon" value="star"/>
				<property name="CustomIconTint" value="2E2020"/>
				<property name="ExcludeWalkType" value="Crawler"/>
				<property name="Model" value="@:Entities/Zombies/Zombies/SleeperPoses/idleSleepPrefab.prefab"/>
				<property name="Pose" value="5"/>
				<property name="CreativeMode" value="Dev"/>
				<property name="LookIdentity" value="0,0,1"/>
				<property name="SpawnGroup" value="ZombiesPr"/>
				<property name="DescriptionKey" value="sleeperGroupDesc"/>
			</block>
			<block name="sleeperGladLobby">
				<property name="Extends" value="sleeperSit"/>
				<property name="CustomIcon" value="sleeperIdle"/>
				<property name="ItemTypeIcon" value="star"/>
				<property name="CustomIconTint" value="2E2020"/>
				<property name="ExcludeWalkType" value="Crawler"/>
				<property name="Model" value="@:Entities/Zombies/Zombies/SleeperPoses/idleSleepPrefab.prefab"/>
				<property name="Pose" value="5"/>
				<property name="CreativeMode" value="Dev"/>
				<property name="LookIdentity" value="0,0,1"/>
				<property name="SpawnGroup" value="ZombiesGDummy"/>
				<property name="DescriptionKey" value="sleeperGroupDesc"/>
			</block>
			<block name="sleeperMummyLobby">
				<property name="Extends" value="sleeperSit"/>
				<property name="CustomIcon" value="sleeperIdle"/>
				<property name="ItemTypeIcon" value="star"/>
				<property name="CustomIconTint" value="2E2020"/>
				<property name="ExcludeWalkType" value="Crawler"/>
				<property name="Model" value="@:Entities/Zombies/Zombies/SleeperPoses/idleSleepPrefab.prefab"/>
				<property name="Pose" value="5"/>
				<property name="CreativeMode" value="Dev"/>
				<property name="LookIdentity" value="0,0,1"/>
				<property name="SpawnGroup" value="ZombiesMDummy"/>
				<property name="DescriptionKey" value="sleeperGroupDesc"/>
			</block>
			<block name="sleeperSoldierLobby">
				<property name="Extends" value="sleeperSit"/>
				<property name="CustomIcon" value="sleeperIdle"/>
				<property name="ItemTypeIcon" value="star"/>
				<property name="CustomIconTint" value="2E2020"/>
				<property name="ExcludeWalkType" value="Crawler"/>
				<property name="Model" value="@:Entities/Zombies/Zombies/SleeperPoses/idleSleepPrefab.prefab"/>
				<property name="Pose" value="5"/>
				<property name="CreativeMode" value="Dev"/>
				<property name="LookIdentity" value="0,0,1"/>
				<property name="SpawnGroup" value="ZombiesSDummy"/>
				<property name="DescriptionKey" value="sleeperGroupDesc"/>
			</block>
			<block name="sleeperMineralLobby">
				<property name="Extends" value="sleeperSit"/>
				<property name="CustomIcon" value="sleeperIdle"/>
				<property name="ItemTypeIcon" value="star"/>
				<property name="CustomIconTint" value="2E2020"/>
				<property name="ExcludeWalkType" value="Crawler"/>
				<property name="Model" value="@:Entities/Zombies/Zombies/SleeperPoses/idleSleepPrefab.prefab"/>
				<property name="Pose" value="5"/>
				<property name="CreativeMode" value="Dev"/>
				<property name="LookIdentity" value="0,0,1"/>
				<property name="SpawnGroup" value="ZombiesMi"/>
				<property name="DescriptionKey" value="sleeperGroupDesc"/>
			</block>	
			<block name="sleeperHF">
				<property name="Extends" value="sleeperSit"/>
				<property name="CustomIcon" value="sleeperIdle"/>
				<property name="CustomIconTint" value="2E2020"/>
				<property name="ItemTypeIcon" value="star"/>
				<property name="ExcludeWalkType" value="Crawler"/>
				<property name="Model" value="@:Entities/Zombies/Zombies/SleeperPoses/idleSleepPrefab.prefab"/>
				<property name="Pose" value="5"/>
				<property name="CreativeMode" value="Dev"/>
				<property name="LookIdentity" value="0,0,1"/>
				<property name="SpawnGroup" value="ZombiesBChingon"/>
				<property name="DescriptionKey" value="sleeperGroupDesc"/>
			</block>
		<!-- ▼▲▼▲▼▲▼▲▼▲▼▲▼▲▼▲▼▲▼▲▼▲▼▲▼▲▼▲▼▲▼▲▼▲▼▲▼▲▼▲▼▲▼▲▼▲▼▲ -->

		<!-- ▼▲▼▲▼▲▼▲▼▲▼▲▼▲▼▲▼▲ HF variants ▼▲▼▲▼▲▼▲▼▲▼▲▼▲▼▲▼▲ -->
			<block name="sleeperElites">
				<property name="Extends" value="sleeperSit"/>
				<property name="CustomIcon" value="sleeperIdle"/>
				<property name="ItemTypeIcon" value="star"/>
				<property name="CustomIconTint" value="00FF00"/>
				<property name="ExcludeWalkType" value="Crawler"/>
				<property name="Model" value="@:Entities/Zombies/Zombies/SleeperPoses/idleSleepPrefab.prefab"/>
				<property name="Pose" value="5"/>
				<property name="CreativeMode" value="Dev"/>
				<property name="LookIdentity" value="0,0,1"/>
				<property name="SpawnGroup" value="allelitesgroup"/>
				<property name="DescriptionKey" value="sleeperGroupDesc"/>
			</block>
			<block name="sleeperMorte">
				<property name="Extends" value="sleeperSit"/>
				<property name="CustomIcon" value="sleeperIdle"/>
				<property name="ItemTypeIcon" value="star"/>
				<property name="CustomIconTint" value="00FF00"/>
				<property name="ExcludeWalkType" value="Crawler"/>
				<property name="Model" value="@:Entities/Zombies/Zombies/SleeperPoses/idleSleepPrefab.prefab"/>
				<property name="Pose" value="5"/>
				<property name="CreativeMode" value="Dev"/>
				<property name="LookIdentity" value="0,0,1"/>
				<property name="SpawnGroup" value="allelitesgroup"/>
				<property name="DescriptionKey" value="sleeperGroupDesc"/>
			</block>
			<block name="sleeperInfernal">
				<property name="Extends" value="sleeperSit"/>
				<property name="CustomIcon" value="sleeperIdle"/>
				<property name="ItemTypeIcon" value="star"/>
				<property name="CustomIconTint" value="00FF00"/>
				<property name="ExcludeWalkType" value="Crawler"/>
				<property name="Model" value="@:Entities/Zombies/Zombies/SleeperPoses/idleSleepPrefab.prefab"/>
				<property name="Pose" value="5"/>
				<property name="CreativeMode" value="Dev"/>
				<property name="LookIdentity" value="0,0,1"/>
				<property name="SpawnGroup" value="allelitesgroup"/>
				<property name="DescriptionKey" value="sleeperGroupDesc"/>
			</block>
			<block name="sleeperFrozen">
				<property name="Extends" value="sleeperSit"/>
				<property name="CustomIcon" value="sleeperIdle"/>
				<property name="ItemTypeIcon" value="star"/>
				<property name="CustomIconTint" value="00FF00"/>
				<property name="ExcludeWalkType" value="Crawler"/>
				<property name="Model" value="@:Entities/Zombies/Zombies/SleeperPoses/idleSleepPrefab.prefab"/>
				<property name="Pose" value="5"/>
				<property name="CreativeMode" value="Dev"/>
				<property name="LookIdentity" value="0,0,1"/>
				<property name="SpawnGroup" value="allelitesgroup"/>
				<property name="DescriptionKey" value="sleeperGroupDesc"/>
			</block>
			<block name="sleeperNightmare">
				<property name="Extends" value="sleeperSit"/>
				<property name="CustomIcon" value="sleeperIdle"/>
				<property name="ItemTypeIcon" value="star"/>
				<property name="CustomIconTint" value="00FF00"/>
				<property name="ExcludeWalkType" value="Crawler"/>
				<property name="Model" value="@:Entities/Zombies/Zombies/SleeperPoses/idleSleepPrefab.prefab"/>
				<property name="Pose" value="5"/>
				<property name="CreativeMode" value="Dev"/>
				<property name="LookIdentity" value="0,0,1"/>
				<property name="SpawnGroup" value="allelitesgroup"/>
				<property name="DescriptionKey" value="sleeperGroupDesc"/>
			</block>
		<!-- ▼▲▼▲▼▲▼▲▼▲▼▲▼▲▼▲▼▲▼▲▼▲▼▲▼▲▼▲▼▲▼▲▼▲▼▲▼▲▼▲▼▲▼▲▼▲▼▲ -->

		<!-- ▼▲▼▲▼▲▼▲▼▲▼▲▼▲▼▲▼▲ Semi Bosses ▼▲▼▲▼▲▼▲▼▲▼▲▼▲▼▲▼▲ -->
			<block name="sleeperRopa">
				<property name="Extends" value="sleeperSit"/>
				<property name="CustomIcon" value="sleeperIdle"/>
				<property name="CustomIconTint" value="2E2020"/>
				<property name="ExcludeWalkType" value="Crawler"/>
				<property name="Model" value="@:Entities/Zombies/Zombies/SleeperPoses/idleSleepPrefab.prefab"/>
				<property name="Pose" value="5"/>
				<property name="CreativeMode" value="Dev"/>
				<property name="LookIdentity" value="0,0,1"/>
				<property name="SpawnGroup" value="ZombiesR"/>
				<property name="DescriptionKey" value="sleeperGroupDesc"/>
			</block>
			<block name="sleeperHv">
				<property name="Extends" value="sleeperSit"/>
				<property name="CustomIcon" value="sleeperIdle"/>
				<property name="CustomIconTint" value="2E2020"/>
				<property name="ExcludeWalkType" value="Crawler"/>
				<property name="Model" value="@:Entities/Zombies/Zombies/SleeperPoses/idleSleepPrefab.prefab"/>
				<property name="Pose" value="5"/>
				<property name="CreativeMode" value="Dev"/>
				<property name="LookIdentity" value="0,0,1"/>
				<property name="SpawnGroup" value="ZombiesR"/>
				<property name="DescriptionKey" value="sleeperGroupDesc"/>
			</block>
		<!-- ▼▲▼▲▼▲▼▲▼▲▼▲▼▲▼▲▼▲▼▲▼▲▼▲▼▲▼▲▼▲▼▲▼▲▼▲▼▲▼▲▼▲▼▲▼▲▼▲ -->

		<!-- ▼▲▼▲▼▲▼▲▼▲▼▲▼▲▼▲▼▲ Bosses ▼▲▼▲▼▲▼▲▼▲▼▲▼▲▼▲▼▲ -->
			<block name="sleepermumy">
				<property name="Extends" value="sleeperSit"/>
				<property name="CustomIcon" value="sleeperIdle"/>
				<property name="ItemTypeIcon" value="skull"/>
				<property name="CustomIconTint" value="2E2020"/>
				<property name="ExcludeWalkType" value="Crawler"/>
				<property name="Model" value="@:Entities/Zombies/Zombies/SleeperPoses/idleSleepPrefab.prefab"/>
				<property name="Pose" value="5"/>
				<property name="CreativeMode" value="Dev"/>
				<property name="LookIdentity" value="0,0,1"/>
				<property name="SpawnGroup" value="ZombiesBM"/>
				<property name="DescriptionKey" value="sleeperGroupDesc"/>
			</block>		
			<block name="sleeperSoldier">
				<property name="Extends" value="sleeperSit"/>
				<property name="CustomIcon" value="sleeperIdle"/>
				<property name="CustomIconTint" value="2E2020"/>
				<property name="ItemTypeIcon" value="skull"/>
				<property name="ExcludeWalkType" value="Crawler"/>
				<property name="Model" value="@:Entities/Zombies/Zombies/SleeperPoses/idleSleepPrefab.prefab"/>
				<property name="Pose" value="5"/>
				<property name="CreativeMode" value="Dev"/>
				<property name="LookIdentity" value="0,0,1"/>
				<property name="SpawnGroup" value="ZombiesB"/>
				<property name="DescriptionKey" value="sleeperGroupDesc"/>
			</block>
			<block name="sleeperJugger">
				<property name="Extends" value="sleeperSit"/>
				<property name="CustomIcon" value="sleeperIdle"/>
				<property name="CustomIconTint" value="2E2020"/>
				<property name="ItemTypeIcon" value="skull"/>
				<property name="ExcludeWalkType" value="Crawler"/>
				<property name="Model" value="@:Entities/Zombies/Zombies/SleeperPoses/idleSleepPrefab.prefab"/>
				<property name="Pose" value="5"/>
				<property name="CreativeMode" value="Dev"/>
				<property name="LookIdentity" value="0,0,1"/>
				<property name="SpawnGroup" value="ZombiesJ"/>
				<property name="DescriptionKey" value="sleeperGroupDesc"/>
			</block>
			<block name="sleeperglad">
				<property name="Extends" value="sleeperSit"/>
				<property name="CustomIcon" value="sleeperIdle"/>
				<property name="ItemTypeIcon" value="skull"/>
				<property name="CustomIconTint" value="2E2020"/>
				<property name="ExcludeWalkType" value="Crawler"/>
				<property name="Model" value="@:Entities/Zombies/Zombies/SleeperPoses/idleSleepPrefab.prefab"/>
				<property name="Pose" value="5"/>
				<property name="CreativeMode" value="Dev"/>
				<property name="LookIdentity" value="0,0,1"/>
				<property name="SpawnGroup" value="ZombiesBG"/>
				<property name="DescriptionKey" value="sleeperGroupDesc"/>
			</block>
			<block name="sleeperCirujano">
				<property name="Extends" value="sleeperSit"/>
				<property name="CustomIcon" value="sleeperIdle"/>
				<property name="ItemTypeIcon" value="medical"/>
				<property name="CustomIconTint" value="00E0FF"/>
				<property name="ExcludeWalkType" value="Crawler"/>
				<property name="Model" value="@:Entities/Zombies/Zombies/SleeperPoses/idleSleepPrefab.prefab"/>
				<property name="Pose" value="5"/>
				<property name="CreativeMode" value="Dev"/>
				<property name="LookIdentity" value="0,0,1"/>
				<property name="SpawnGroup" value="ZombiesBC"/>
				<property name="DescriptionKey" value="sleeperGroupDesc"/>
			</block>				
			<block name="sleeperANY">
				<property name="Extends" value="sleeperSit"/>
				<property name="CustomIcon" value="sleeperIdle"/>
				<property name="CustomIconTint" value="2E2020"/>
				<property name="ExcludeWalkType" value="Crawler"/>
				<property name="ItemTypeIcon" value="skull"/>
				<property name="Model" value="@:Entities/Zombies/Zombies/SleeperPoses/idleSleepPrefab.prefab"/>
				<property name="Pose" value="5"/>
				<property name="CreativeMode" value="Dev"/>
				<property name="LookIdentity" value="0,0,1"/>
				<property name="SpawnGroup" value="ZombiesAB"/>
				<property name="DescriptionKey" value="sleeperGroupDesc"/>
			</block>
			
		<!-- ▼▲▼▲▼▲▼▲▼▲▼▲▼▲▼▲▼▲▼▲▼▲▼▲▼▲▼▲▼▲▼▲▼▲▼▲▼▲▼▲▼▲▼▲▼▲▼▲ -->
	</append>
	
</MalenEI>
