<configs>
	<append xpath="/gamestages">
		<group name="S_-_Group_Zom_ROPA_Only" emptyChance="0" decoyChance="0" decoy1hpChance="0">
			<spawner name="zombieSBRopa" count="5,6"/>
		</group>
		<group name="S_-_Group_Zom_JUGGER" emptyChance="0" decoyChance="0" decoy1hpChance="0">
			<spawner name="ZombieJUGGER" count="5,6"/>
		</group>
		<group name="S_-_Group_Zom_BOSS" emptyChance="0" decoyChance="0" decoy1hpChance="0">
			<spawner name="ZombieBOSS" count="5,6"/>
		</group>
		<group name="S_-_Group_Zom_ANY_BOSS" emptyChance="0" decoyChance="0" decoy1hpChance="0">
			<spawner name="ZombieABOSS" count="5,6"/>
		</group>
		<group name="S_-_Group_SNK_BOSS" emptyChance="0" decoyChance="0" decoy1hpChance="0">
			<spawner name="ANACONDA" count="5,6"/>
		</group>
		<group name="S_-_Group_Zom_TAVO_ONLY" emptyChance="0" decoyChance="0" decoy1hpChance="0">
			<spawner name="alltavos" count="5,6"/>
		</group>
		<group name="S_-_Group_Zom_ELITE_ONLY" emptyChance="0" decoyChance="0" decoy1hpChance="0">
			<spawner name="allelites" count="5,6"/>
		</group>
		<group name="S_-_Group_Zom_DIAMON" emptyChance="0" decoyChance="0" decoy1hpChance="0">
			<spawner name="DIAMONbosS" count="5,6"/>
		</group>
		<group name="S_-_Group_Zom_SNUKFIN_ONLY" emptyChance="0" decoyChance="0" decoy1hpChance="0">
			<spawner name="allsnukfin" count="5,6"/>
		</group>	
				
		<spawner name="allsnukfin">
			<gamestage stage="1">
				<spawn group="allsnukfingroup" num="1" maxAlive="2" duration="1"/>
			</gamestage>
		</spawner>
		<spawner name="zombieSBRopa">
			<gamestage stage="1">
				<spawn group="ZombiesR" num="1" maxAlive="2" duration="1"/>				
			</gamestage>
		</spawner>
		<spawner name="ZombieJUGGER">
			<gamestage stage="1">
				<spawn group="ZombiesJ" num="1" maxAlive="2" duration="1"/>
			</gamestage>
		</spawner>
		<spawner name="ZombieBOSS">
			<gamestage stage="1">
				<spawn group="ZombiesB" num="1" maxAlive="2" duration="1"/>
			</gamestage>
		</spawner>
		<spawner name="ZombieABOSS">
			<gamestage stage="1">
				<spawn group="ZombiesAB" num="1" maxAlive="2" duration="1"/>
			</gamestage>
		</spawner>
		<spawner name="ANACONDA">
			<gamestage stage="1">
				<spawn group="ZombiesSanakeBOSS" num="1" maxAlive="2" duration="1"/>
			</gamestage>
		</spawner>
		<spawner name="alltavos">
			<gamestage stage="1">
				<spawn group="alltavosgroup" num="1" maxAlive="2" duration="1"/>
			</gamestage>
		</spawner>
		<spawner name="allelites">
			<gamestage stage="1">
				<spawn group="allelitesgroup" num="1" maxAlive="2" duration="1"/>
			</gamestage>
		</spawner>
		<spawner name="DIAMONbosS">
			<gamestage stage="1">
				<spawn group="allbossesgroup" num="1" maxAlive="2" duration="1"/>
			</gamestage>
		</spawner>

	</append>
</configs>
