<configs>
	<append xpath="/Sounds">

		<!--==================================================================================================================== ==================================================================================================================== ==================================================================================================================== 
 								 SONIDOS [PESONALIZADOS] PARA T4VO ZOMBIE ROPA -->
		<SoundDataNode name="T4VOATACK">
			<AudioSource name="Sounds/AudioSource_VO"/>
			<Noise ID="2" noise="11" time="4" muffled_when_crouched="0.5"/>
			<AudioClip ClipName="Sounds/VO/Male_Hate/male_hate_attack_01"/>
			<AudioClip ClipName="Sounds/VO/Male_Hate/male_hate_attack_02"/>
			<AudioClip ClipName="Sounds/VO/Male_Hate/male_hate_attack_09"/>
			<AudioClip ClipName="Sounds/VO/Male_Hate/male_hate_alert_02"/>
			<AudioClip ClipName="Sounds/VO/Male_Hate/male_hate_alert_03"/>
			<LocalCrouchVolumeScale value="1.0"/>
			<CrouchNoiseScale value="0.5"/>
			<NoiseScale value="2"/>
			<MaxVoices value="10"/>
			<MaxRepeatRate value="0.0001"/>
		</SoundDataNode>

		<SoundDataNode name="T4VOalert">
			<AudioSource name="Sounds/AudioSource_VO"/>
			<Noise ID="3" noise="30" time="3" muffled_when_crouched="0.65" heat_map_strength="0.05" heat_map_time="60"/>
			<AudioClip ClipName="Sounds/VO/Male_Hate/male_hate_alert_06"/>
			<LocalCrouchVolumeScale value="1.0"/>
			<CrouchNoiseScale value="0.5"/>
			<NoiseScale value="1"/>
			<MaxVoices value="10"/>
			<MaxRepeatRate value="1.111"/>
		</SoundDataNode>

		<SoundDataNode name="T4VOroam">
			<AudioSource name="Sounds/AudioSource_VO"/>
			<Noise ID="1" noise="7" time="3" muffled_when_crouched="0.5"/>
			<AudioClip ClipName="Sounds/VO/Male_Hate/male_hate_roam_01"/>
			<AudioClip ClipName="Sounds/VO/Male_Hate/male_hate_roam_02"/>
			<AudioClip ClipName="Sounds/VO/Male_Hate/male_hate_roam_03"/>
			<LocalCrouchVolumeScale value="1.0"/>
			<CrouchNoiseScale value="0.5"/>
			<NoiseScale value="1"/>
			<MaxVoices value="10"/>
			<MaxRepeatRate value="1.111"/>
		</SoundDataNode>

		<SoundDataNode name="T4VOsense">
			<AudioSource name="Sounds/AudioSource_VO"/>
			<Noise ID="3" noise="30" time="3" muffled_when_crouched="0.65" heat_map_strength="0.05" heat_map_time="60"/>
			<AudioClip ClipName="Sounds/VO/Male_Hate/male_hate_sense_07"/>
			<LocalCrouchVolumeScale value="1.0"/>
			<CrouchNoiseScale value="0.5"/>
			<NoiseScale value="1"/>
			<MaxVoices value="10"/>
			<MaxRepeatRate value="1.111"/>
		</SoundDataNode>

		<SoundDataNode name="T4VOpain">
			<AudioSource name="Sounds/AudioSource_VO"/>
			<Noise ID="2" noise="11" time="4" muffled_when_crouched="0.5"/>
			<AudioClip ClipName="Sounds/VO/Male_Hate/male_hate_pain_01"/>
			<AudioClip ClipName="Sounds/VO/Male_Hate/male_hate_pain_02"/>
			<AudioClip ClipName="Sounds/VO/Male_Hate/male_hate_pain_03"/>
			<AudioClip ClipName="Sounds/VO/Male_Hate/male_hate_pain_04"/>
			<AudioClip ClipName="Sounds/VO/Male_Hate/male_hate_pain_09"/>
			<AudioClip ClipName="Sounds/VO/Male_Hate/male_hate_pain_10"/>
			<LocalCrouchVolumeScale value="1.0"/>
			<CrouchNoiseScale value="0.5"/>
			<NoiseScale value="1"/>
			<MaxVoices value="10"/>
			<MaxRepeatRate value="1.111"/>
		</SoundDataNode>

		<SoundDataNode name="T4VOdeath">
			<AudioSource name="Sounds/AudioSource_VO"/>
			<Noise ID="4" noise="60" time="2" heat_map_strength="0.2" heat_map_time="90"/>
			<AudioClip ClipName="Sounds/VO/Male_Hate/male_hate_death_11"/>
			<LocalCrouchVolumeScale value="1.0"/>
			<CrouchNoiseScale value="0.5"/>
			<NoiseScale value="1"/>
			<MaxVoices value="10"/>
			<MaxRepeatRate value="1.111"/>
		</SoundDataNode>

		<!-- ==================================================================================================================== ==================================================================================================================== ==================================================================================================================== 
 		-->

		<SoundDataNode name="Maquina_empty">
			<AudioSource name="Sounds/AudioSource_VO"/>
			<Noise ID="1" noise="7" time="3" muffled_when_crouched="0.5"/>
			<AudioClip ClipName="Sounds/VO/Drone/drone_shutdown_06"/>
			<LocalCrouchVolumeScale value="1.0"/>
			<CrouchNoiseScale value="0.5"/>
			<NoiseScale value="1"/>
			<MaxVoices value="10"/>
			<MaxRepeatRate value="1.111"/>
		</SoundDataNode>

		<SoundDataNode name="Maquina_Reparar">
			<AudioSource name="Sounds/AudioSource_VO"/>
			<Noise ID="1" noise="7" time="3" muffled_when_crouched="0.5"/>
			<AudioClip ClipName="Sounds/VO/Drone/drone_shutdown_07"/>
			<LocalCrouchVolumeScale value="1.0"/>
			<CrouchNoiseScale value="0.5"/>
			<NoiseScale value="1"/>
			<MaxVoices value="10"/>
			<MaxRepeatRate value="1.111"/>
		</SoundDataNode>

		<!-- MiniRopa Audio-->

		<SoundDataNode name="sonidomamalon">
			<AudioSource name="Sounds/AudioSource_VO"/>
			<Noise ID="3" noise="30" time="3" muffled_when_crouched="0.65" heat_map_strength="0.05" heat_map_time="60"/>
			<AudioClip ClipName="Sounds/VO/Male_Hate/male_hate_roam_01"/>
			<AudioClip ClipName="Sounds/VO/Male_Hate/male_hate_roam_02"/>
			<LowestPitch name="0"/>
			<HighestPitch name="1"/>
			<LocalCrouchVolumeScale value="1.0"/>
			<CrouchNoiseScale value="0.5"/>
			<NoiseScale value="1"/>
			<MaxVoices value="10"/>
			<MaxRepeatRate value="1.111"/>
		</SoundDataNode>

		<SoundDataNode name="malehatepainhf">
			<AudioSource name="Sounds/AudioSource_VO"/>
			<Noise ID="2" noise="11" time="4" muffled_when_crouched="0.5"/>
			<AudioClip ClipName="Sounds/VO/Male_Hate/male_hate_pain_01"/>
			<AudioClip ClipName="Sounds/VO/Male_Hate/male_hate_pain_02"/>
			<AudioClip ClipName="Sounds/VO/Male_Hate/male_hate_pain_03"/>
			<AudioClip ClipName="Sounds/VO/Male_Hate/male_hate_pain_04"/>
			<AudioClip ClipName="Sounds/VO/Male_Hate/male_hate_pain_05"/>
			<AudioClip ClipName="Sounds/VO/Male_Hate/male_hate_pain_06"/>
			<AudioClip ClipName="Sounds/VO/Male_Hate/male_hate_pain_07"/>
			<AudioClip ClipName="Sounds/VO/Male_Hate/male_hate_pain_08"/>
			<AudioClip ClipName="Sounds/VO/Male_Hate/male_hate_pain_09"/>
			<AudioClip ClipName="Sounds/VO/Male_Hate/male_hate_pain_10"/>
			<AudioClip ClipName="Sounds/VO/Male_Hate/male_hate_pain_11"/>
			<AudioClip ClipName="Sounds/VO/Male_Hate/male_hate_pain_12"/>
			<HighestPitch name="2"/>
			<LocalCrouchVolumeScale value="1.0"/>
			<CrouchNoiseScale value="0.5"/>
			<NoiseScale value="1"/>
			<MaxVoices value="10"/>
			<MaxRepeatRate value="1.111"/>
		</SoundDataNode>

		<SoundDataNode name="malehateattackhf">
			<AudioSource name="Sounds/AudioSource_VO"/>
			<Noise ID="2" noise="11" time="4" muffled_when_crouched="0.5"/>
			<AudioClip ClipName="Sounds/VO/Male_Hate/male_hate_attack_01"/>
			<AudioClip ClipName="Sounds/VO/Male_Hate/male_hate_attack_01"/>
			<AudioClip ClipName="Sounds/VO/Male_Hate/male_hate_attack_02"/>
			<AudioClip ClipName="Sounds/VO/Male_Hate/male_hate_attack_03"/>
			<AudioClip ClipName="Sounds/VO/Male_Hate/male_hate_attack_04"/>
			<AudioClip ClipName="Sounds/VO/Male_Hate/male_hate_attack_05"/>
			<AudioClip ClipName="Sounds/VO/Male_Hate/male_hate_attack_06"/>
			<AudioClip ClipName="Sounds/VO/Male_Hate/male_hate_attack_07"/>
			<AudioClip ClipName="Sounds/VO/Male_Hate/male_hate_attack_08"/>
			<AudioClip ClipName="Sounds/VO/Male_Hate/male_hate_attack_09"/>
			<AudioClip ClipName="Sounds/VO/Male_Hate/male_hate_attack_10"/>
			<AudioClip ClipName="Sounds/VO/Male_Hate/male_hate_attack_11"/>
			<HighestPitch name="2"/>
			<LocalCrouchVolumeScale value="1.0"/>
			<CrouchNoiseScale value="0.5"/>
			<NoiseScale value="1"/>
			<MaxVoices value="10"/>
			<MaxRepeatRate value="1.111"/>
		</SoundDataNode>

		<!-- Jugger Audio-->

		<!-- Added by HolyVentus -->
			<!-- HearthBeat -->
			<SoundDataNode name="hearthbeat">
				<AudioSource name="Sounds/AudioSource_VO"/>
				<Noise ID="3" noise="30" time="3" muffled_when_crouched="0.65" heat_map_strength="0.05" heat_map_time="60"/>
				<AudioClip ClipName="Sounds/Buffs/buff_bleeding_lp" Loop="true"/>
				<LocalCrouchVolumeScale value="1.0"/>
				<CrouchNoiseScale value="0.5"/>
				<NoiseScale value="1"/>
				<MaxVoices value="10"/>
				<MaxRepeatRate value="0.5"/>
			</SoundDataNode>
		<!-- END Added by HolyVentus -->
		<!-- Snufkin Sounds -->
			<SoundDataNode name="bansheescream">
				<AudioSource name="Sounds/AudioSource_Screamer"/>
				<AudioClip ClipName="Sounds/Enemies/Scout_Zombie/zombiefemalescoutalert3"/>
				<Channel name="Mouth"/>
				<Priority name="3"/>
				<maxVoicesPerEntity value="10"/>
				<LowestPitch name="0.95"/>
				<HighestPitch name="1.05"/>
				<LocalCrouchVolumeScale value="1.0"/>
				<CrouchNoiseScale value="0.5"/>
				<NoiseScale value="1"/>
				<MaxVoices value="10"/>
				<MaxRepeatRate value="0.01"/>
			</SoundDataNode>
			<SoundDataNode name="bansheebuff0">
				<AudioSource name="Sounds/AudioSource_Notifications"/>
				<AudioClip ClipName="Sounds/Enemies/Scout_Zombie/zombiefemalescoutalert2"/>
				<LocalCrouchVolumeScale value="1.0"/>
				<CrouchNoiseScale value="0.5"/>
				<NoiseScale value="1"/>
				<MaxVoices value="10"/>
				<MaxRepeatRate value="0.01"/>
			</SoundDataNode>
			<SoundDataNode name="bansheebuff1">
				<AudioSource name="Sounds/AudioSource_Notifications"/>
				<AudioClip ClipName="Sounds/Ambient_Oneshots/a_horde_oneshot2"/>
				<LocalCrouchVolumeScale value="1.0"/>
				<CrouchNoiseScale value="0.5"/>
				<NoiseScale value="1"/>
				<MaxVoices value="10"/>
				<MaxRepeatRate value="0.01"/>
			</SoundDataNode>
			
			<SoundDataNode name="sirenidle">
				<AudioSource name="Sounds/AudioSource_VO_Announce"/>
				<AudioClip ClipName="Sounds/Ambient_oneshots/a_lullabye"/>
				<AudioClip ClipName="Sounds/VO/Trader/Announcements/trader_announce_closed"/>
				<AudioClip ClipName="Sounds/Ambient_oneshots/a_lullabye"/>
				<AudioClip ClipName="Sounds/VO/Trader/Announcements/trader_announce_closing"/>
				<AudioClip ClipName="Sounds/Ambient_oneshots/a_lullabye"/>
				<AudioClip ClipName="Sounds/VO/Trader/Announcements/trader_announce_open"/>
				<AudioClip ClipName="Sounds/Ambient_oneshots/a_lullabye"/>
				<AudioClip ClipName="Sounds/VO/Trader/Jen/trader_jen_announce_special_03"/>
				<AudioClip ClipName="Sounds/Ambient_oneshots/a_lullabye"/>
				<AudioClip ClipName="Sounds/VO/Trader/Jen/trader_jen_announce_special_02"/>
				<AudioClip ClipName="Sounds/Ambient_oneshots/a_lullabye"/>
				<AudioClip ClipName="Sounds/VO/Trader/Jen/trader_jen_announce_special_01"/>
				<AudioClip ClipName="Sounds/VO/Trader/Jen/trader_jen_announce_closed_01"/>
				<AudioClip ClipName="Sounds/Ambient_oneshots/a_lullabye"/>
				<AudioClip ClipName="Sounds/VO/Trader/Jen/trader_jen_announce_closed_02"/>
				<AudioClip ClipName="Sounds/Ambient_oneshots/a_lullabye"/>
				<AudioClip ClipName="Sounds/VO/Trader/Jen/trader_jen_announce_closed_03"/>
				<AudioClip ClipName="Sounds/VO/Trader/Jen/trader_jen_announce_closing_01"/>
				<AudioClip ClipName="Sounds/Ambient_oneshots/a_lullabye"/>
				<AudioClip ClipName="Sounds/VO/Trader/Jen/trader_jen_announce_closing_02"/>
				<AudioClip ClipName="Sounds/VO/Trader/Jen/trader_jen_announce_closing_03"/>
				<AudioClip ClipName="Sounds/Ambient_oneshots/a_lullabye"/>
				<AudioClip ClipName="Sounds/VO/Trader/Jen/trader_jen_announce_open_01"/>
				<AudioClip ClipName="Sounds/Ambient_oneshots/a_lullabye"/>
				<AudioClip ClipName="Sounds/VO/Trader/Jen/trader_jen_announce_open_02"/>
				<AudioClip ClipName="Sounds/Ambient_oneshots/a_lullabye"/>
				<AudioClip ClipName="Sounds/VO/Trader/Jen/trader_jen_announce_open_03"/>
				<LowestPitch name="0"/>
				<HighestPitch name="0"/>
				<Channel name="Mouth"/>
				<Priority name="2"/>
				<maxVoicesPerEntity value="1"/>
				<LocalCrouchVolumeScale value="1.0"/>
				<CrouchNoiseScale value="0.5"/>
				<NoiseScale value="1"/>
				<MaxVoices value="10"/>
				<MaxRepeatRate value="0.001"/>
			</SoundDataNode>
			<SoundDataNode name="sirenspawn">
				<AudioSource name="Sounds/AudioSource_VO_Announce"/>
				<AudioClip ClipName="Sounds/Ambient_oneshots/a_lullabye"/>
				<LowestPitch name="0"/>
				<HighestPitch name="0"/>
				<Channel name="Mouth"/>
				<Priority name="1"/>
				<maxVoicesPerEntity value="1"/>
				<LocalCrouchVolumeScale value="1.0"/>
				<CrouchNoiseScale value="0.5"/>
				<NoiseScale value="1"/>
				<MaxVoices value="10"/>
				<MaxRepeatRate value="0.001"/>
			</SoundDataNode>
			<SoundDataNode name="sirenmed">
				<AudioSource name="Sounds/AudioSource_Notifications"/>
				<AudioClip ClipName="Sounds/Ambient_Loops/a_radiated_strong_lp" Loop="true"/>
				<LocalCrouchVolumeScale value="1.0"/>
				<CrouchNoiseScale value="0.5"/>
				<NoiseScale value="1"/>
				<MaxVoices value="10"/>
				<MaxRepeatRate value="0.001"/>
			</SoundDataNode>
			<SoundDataNode name="sirenstrong">
				<AudioSource name="Sounds/AudioSource_Notifications"/>
				<AudioClip ClipName="Sounds/Ambient_Loops/a_radiated_kill_lp" Loop="true"/>
				<LocalCrouchVolumeScale value="1.0"/>
				<CrouchNoiseScale value="0.5"/>
				<NoiseScale value="1"/>
				<MaxVoices value="10"/>
				<MaxRepeatRate value="0.001"/>
			</SoundDataNode>
			<SoundDataNode name="sirenweak">
				<AudioSource name="Sounds/AudioSource_Notifications"/>
				<AudioClip ClipName="Sounds/Ambient_Loops/a_radiated_medium_lp" Loop="true"/>
				<LocalCrouchVolumeScale value="1.0"/>
				<CrouchNoiseScale value="0.5"/>
				<NoiseScale value="1"/>
				<MaxVoices value="10"/>
				<MaxRepeatRate value="0.001"/>
			</SoundDataNode>		
		<!---->

	</append>
</configs>
