<configs>
	
	<set xpath="/Sounds/SoundDataNode[@name='Pistol_Fire']/Noise[@ID='0']/@heat_map_strength">0</set>
	<set xpath="/Sounds/SoundDataNode[@name='pistol_s_fire']/Noise[@ID='0']/@heat_map_strength">0</set>
	<set xpath="/Sounds/SoundDataNode[@name='desertvulture_fire']/Noise[@ID='0']/@heat_map_strength">0</set>
	<set xpath="/Sounds/SoundDataNode[@name='smg_fire']/Noise[@ID='0']/@heat_map_strength">0</set>
	<set xpath="/Sounds/SoundDataNode[@name='smg_s_fire']/Noise[@ID='0']/@heat_map_strength">0</set>
	<set xpath="/Sounds/SoundDataNode[@name='44magnum_fire']/Noise[@ID='0']/@heat_map_strength">0</set>
	<set xpath="/Sounds/SoundDataNode[@name='pump_shotgun_fire']/Noise[@ID='0']/@heat_map_strength">0</set>
	<set xpath="/Sounds/SoundDataNode[@name='pump_shotgun_s_fire']/Noise[@ID='0']/@heat_map_strength">0</set>
	<set xpath="/Sounds/SoundDataNode[@name='sawed_off_shotgun_fire']/Noise[@ID='5']/@heat_map_strength">0</set>
	<set xpath="/Sounds/SoundDataNode[@name='shotgundb_fire']/Noise[@ID='0']/@heat_map_strength">0</set>
	<set xpath="/Sounds/SoundDataNode[@name='autoshotgun_fire']/Noise[@ID='0']/@heat_map_strength">0</set>
	<set xpath="/Sounds/SoundDataNode[@name='blunderbuss_fire']/Noise[@ID='0']/@heat_map_strength">0</set>
	<set xpath="/Sounds/SoundDataNode[@name='hunting_rifle_fire']/Noise[@ID='0']/@heat_map_strength">0</set>
	<set xpath="/Sounds/SoundDataNode[@name='hunting_rifle_s_fire']/Noise[@ID='0']/@heat_map_strength">0</set>
	<set xpath="/Sounds/SoundDataNode[@name='tacticalar_fire']/Noise[@ID='0']/@heat_map_strength">0</set>
	<set xpath="/Sounds/SoundDataNode[@name='sniperrifle_fire']/Noise[@ID='0']/@heat_map_strength">0</set>
	<set xpath="/Sounds/SoundDataNode[@name='sniperrifle_s_fire']/Noise[@ID='0']/@heat_map_strength">0</set>
	<set xpath="/Sounds/SoundDataNode[@name='sharpshooter_fire']/Noise[@ID='0']/@heat_map_strength">0</set>
	<set xpath="/Sounds/SoundDataNode[@name='sharpshooter_s_fire']/Noise[@ID='0']/@heat_map_strength">0</set>
	<set xpath="/Sounds/SoundDataNode[@name='ak47_fire']/Noise[@ID='0']/@heat_map_strength">0</set>
	<set xpath="/Sounds/SoundDataNode[@name='ak47_s_fire']/Noise[@ID='0']/@heat_map_strength">0</set>
	<set xpath="/Sounds/SoundDataNode[@name='m60_fire']/Noise[@ID='0']/@heat_map_strength">0</set>
	<set xpath="/Sounds/SoundDataNode[@name='m60_s_fire']/Noise[@ID='0']/@heat_map_strength">0</set>
	<set xpath="/Sounds/SoundDataNode[@name='m136_fire']/Noise[@ID='4']/@heat_map_strength">0</set>
	<set xpath="/Sounds/SoundDataNode[@name='bullethitmetal']/Noise[@ID='0']/@heat_map_strength">0</set>
	<set xpath="/Sounds/SoundDataNode[@name='metalhitmetal']/Noise[@ID='0']/@heat_map_strength">0</set>
	<set xpath="/Sounds/SoundDataNode[@name='stonehitmetal']/Noise[@ID='0']/@heat_map_strength">0</set>
	<set xpath="/Sounds/SoundDataNode[@name='open_vehicle']/Noise[@ID='3']/@heat_map_strength">0</set>
	<set xpath="/Sounds/SoundDataNode[@name='close_vehicle']/Noise[@ID='3']/@heat_map_strength">0</set>
	<set xpath="/Sounds/SoundDataNode[@name='open_vending']/Noise[@ID='3']/@heat_map_strength">0</set>
	<set xpath="/Sounds/SoundDataNode[@name='close_vending']/Noise[@ID='3']/@heat_map_strength">0</set>
	<set xpath="/Sounds/SoundDataNode[@name='turret_fire']/Noise[@ID='0']/@heat_map_strength">0</set>
	<set xpath="/Sounds/SoundDataNode[@name='junkturret_fire']/Noise[@ID='0']/@heat_map_strength">0</set>
	<set xpath="/Sounds/SoundDataNode[@name='bladetrap_fire_lp']/Noise[@ID='3']/@heat_map_strength">0</set>
	<set xpath="/Sounds/SoundDataNode[@name='bladetrap_dm1_lp']/Noise[@ID='3']/@heat_map_strength">0</set>
	<set xpath="/Sounds/SoundDataNode[@name='bladetrap_dm2_lp']/Noise[@ID='3']/@heat_map_strength">0</set>
	<set xpath="/Sounds/SoundDataNode[@name='darttrap_fire_lp']/Noise[@ID='3']/@heat_map_strength">0</set>
	<set xpath="/Sounds/SoundDataNode[@name='darttrap_fire']/Noise[@ID='3']/@heat_map_strength">0</set>
	<set xpath="/Sounds/SoundDataNode[@name='malehatealert']/Noise[@ID='3']/@heat_map_strength">0</set>
	<set xpath="/Sounds/SoundDataNode[@name='malehatedeath']/Noise[@ID='4']/@heat_map_strength">0</set>
	<set xpath="/Sounds/SoundDataNode[@name='player1death']/Noise[@ID='4']/@heat_map_strength">0</set>


	<append xpath="/Sounds">
		<SoundDataNode name="screamer_summoner">
			<AudioSource name="Sounds/AudioSource_WeaponFire"/>
			<NetworkAudioSource name="Sounds/AudioSource_WeaponFire_Network"/>
			<Noise ID="0" noise="81" time="2" muffled_when_crouched="0.8" heat_map_strength="100.00" heat_map_time="60"/>
			<AudioClip ClipName="Sounds/Weapons/Ranged/blunderbuss/blunderbuss_fire1"/>
			<AudioClip ClipName="Sounds/Weapons/Ranged/blunderbuss/blunderbuss_fire2"/>
			<AudioClip ClipName="Sounds/Weapons/Ranged/blunderbuss/blunderbuss_fire3"/>
			<AudioClip ClipName="Sounds/Weapons/Ranged/blunderbuss/blunderbuss_fire4"/>
			<LocalCrouchVolumeScale value="1"/>
			<CrouchNoiseScale value="1"/>
			<NoiseScale value="1"/>
			<MaxVoices value="3"/>
			<MaxRepeatRate value="0.001"/>
		</SoundDataNode>
	</append>
</configs>
