<configs>
	<!--Compas-->
	<remove xpath="/windows/window[@name='windowCompass']/sprite[@pos='240,-60']"/>
	<append xpath="/windows/window[@name='windowCompass']">
		<label depth="20" name="TextContent" pos="50,2" width="380" height="41" text="I" font_size="41" color="[white]" justify="center"/>
		<!--Day-->
		<sprite depth="0" sprite="ui_game_header_fill" pos="-69,-3" width="106" height="39" type="sliced" color="150,150,150,150" foregroundlayer="true"/>
		<sprite depth="1" sprite="ui_game_header_fill" pos="-65,-6" width="98" height="33" type="sliced" color="0,0,0,200" foregroundlayer="true"/>
		<label depth="2" name="hudDayTxt" pos="-65,-12" width="98" height="33" color="[white]" text="{daytitle}: [{daycolor}]{day}" font_size="22" justify="center" globalopacity="false"/>
		<!--Time-->
		<sprite depth="0" sprite="ui_game_header_fill" pos="443,-3" width="106" height="39" type="sliced" color="150,150,150,150" foregroundlayer="true"/>
		<sprite depth="1" sprite="ui_game_header_fill" pos="447,-6" width="98" height="33" type="sliced" color="0,0,0,200" foregroundlayer="true"/>
		<label depth="2" name="hufTimeTxt" pos="447,-12" width="98" height="33" color="[white]" text="{timetitle}: [DECEA3]{time}" font_size="22" justify="center" effect="outline"/>
		<rect name="rect_compassStats" pos="0,-5">
			<sprite name="compassStatsBackground" depth="0" pos="48,-39" width="384" height="24" type="sliced" fillcenter="false" color="52, 73, 94, 200" sprite="ui_game_header_fill" />
			<!--Dukes-->
			<sprite name="coinIconCompass" depth="2" pos="50,-41" size="20,20" sprite="ui_game_symbol_coin" color="[gold]" foregroundlayer="true"/>
			<label name="currencyTxt" depth="2" pos="70,-40" width="172" height="24" text="[FFFF00] {currencyamount}" font_size="22" effect="outline" controller="BackpackWindow"/>

			<rect name="compassMapStats" pos="40,-40" width="400" height="32" controller="MapStats" anchor="CenterTop">

				<!--Wind-->
				<sprite name="compassIconWind" depth="2" pos="172,-1" size="20,20" sprite="ui_game_symbol_wind" foregroundlayer="true"/>
				<label name="compassWindThx" depth="2" pos="190,0" width="172" height="24" text=" [DECEA3]{mapwind} MPH[-]" font_size="22" effect="outline" />
				<!--Elevation-->
				<sprite name="ompassIconElevaytion" depth="2" pos="312,-1" size="20,20" sprite="ui_game_symbol_climb" foregroundlayer="true"/>
				<label name="compassElevationTxt" depth="2" pos="332,0" width="172" height="24" text=" [DECEA3]{mapelevation} M[-]" font_size="22" effect="outline" />
			</rect>
		</rect>
	</append>


	<!--Barra Lateral-->
	<set xpath="/windows/window[@name='HUDLeftStatBars']/rect/rect[@stat_type='Health']/filledsprite[@name='BarContent']/@color">255,0,0,200</set>
	<set xpath="/windows/window[@name='HUDLeftStatBars']/rect/rect[@stat_type='Stamina']/filledsprite[@name='BarContent']/@color">0,54,255,200</set>
	<!--Mueve La barra de buff-->

	<set xpath="/windows/window[@name='HUDLeftStatBars']/rect[@name='hud' and @side='left']/@pos">90,179</set>
	<!--Mueve La barra de Vida/stamina/sigilo-->
	<set xpath="/windows/window[@name='HUDLeftStatBars']/rect[@name='hud' and @side='right']/@pos">09,203</set>

	<!--Agrega barras de comida y agua-->
	<append xpath="/windows/window[@name='HUDLeftStatBars']">
		<rect name="wellnessBars" pos="9,53" rows="1" cols="1" side="right">
			<!--comida-->
			<rect width="84" height="38" pos="0,0" controller="HUDStatBar" stat_type="Food" visible="{statvisible}">
				<sprite depth="1" name="border" color="0,0,0,128" type="sliced" />
				<sprite depth="2" name="background" color="64,64,64,100" type="sliced" />
				<sprite depth="9" color="[black]" sprite="menu_empty2px" globalopacity="false" type="sliced" fillcenter="false" />
				<filledsprite depth="5" pos="1,0" width="82" name="BarContent" color="0,128,0,200" type="filled" fill="0" globalopacity="false" />
				<sprite depth="6" name="Icon" atlas="{staticonatlas|once}" sprite="{staticon|once}" size="26,26" pos="4,-6" foregroundlayer="true"/>

				<label depth="7" name="TextContent" pos="14,-6" font_size="28" color="[white]" justify="center" pivot="topleft" text="{statcurrent}%" height="28" />
			</rect>
			<!--agua-->
			<rect width="84" height="38" pos="87,0" controller="HUDStatBar" stat_type="Water" visible="{statvisible}">
				<sprite depth="1" name="border" color="0,0,0,128" type="sliced" />
				<sprite depth="2" name="background" color="64,64,64,100" type="sliced" />
				<sprite depth="9" color="[black]" sprite="menu_empty2px" globalopacity="false" type="sliced" fillcenter="false" />
				<filledsprite depth="5" pos="1,0" width="82" name="BarContent" color="64,164,223,200" type="filled" fill="0" globalopacity="false" />
				<sprite depth="6" name="Icon" atlas="{staticonatlas|once}" sprite="{staticon|once}" size="26,26" pos="4,-6" foregroundlayer="true" />
				<label depth="7" name="TextContent" pos="14,-6" font_size="28" color="[white]" justify="center" pivot="topleft" text="{statcurrent}%" height="28" />
			</rect>
		</rect>
	</append>

	<!--Toolbelt-->
	<remove xpath="/windows/window[@name='windowToolbelt']"/>
	<append xpath="/windows">
		<window name="windowToolbelt" width="753" height="78" depth="5" anchor="CenterBottom" pos="-388, 92" backgroundcolor="[black]" controller="ToolbeltWindow" visible="{toolbeltvisible}" cursor_area="true" xp_fill_speed="2.5">
			<!--Toolbelt Slots-->
			<rect pos="3,-3" controller="Toolbelt">
				
				<grid depth="10" name="inventory" rows="1" cols="10" pos="0,-14" cell_width="75" cell_height="75" repeat_content="true">
					<item_stack name="0"/>
				</grid>
				<button depth="3" name="btnClearInventory1" sprite="ui_game_symbol_trash" tooltip_key="lblClearInventory" pos="800, -32" style="icon32px, press, hover" pivot="center" sound="[paging_click]" visible="{creativewindowopen}" />
				<!--Extra Toolbelt Prefab Editor-->
				<grid depth="10" name="inventory2" rows="1" cols="10" pos="0,78" cell_width="75" cell_height="75" repeat_content="true" visible="{secondrow}">
					<item_stack name="0"/>
				</grid>
				<button depth="3" name="btnClearInventory2" sprite="ui_game_symbol_trash" tooltip_key="lblClearInventory" pos="800, 50" style="icon32px, press, hover" pivot="center" sound="[paging_click]" visible="{# creativewindowopen and secondrow}" />
				<!-- Toolbelt Numbers -->
				<sprite depth="19" pos="56,-17" height="13" width="13" color="[black]" type="sliced" foregroundlayer="true" />
				<label depth="20" name="slot#" pos="61,-17" width="10" height="12" text="[FFFFFF]1" font_size="12" color="" />

				<sprite depth="19" pos="132,-17" height="13" width="13" color="[black]" type="sliced" foregroundlayer="true" />
				<label depth="20" name="slot#" pos="136,-17" width="10" height="12" text="[FFFFFF]2" font_size="12" color="" />

				<sprite depth="19" pos="207,-17" height="13" width="13" color="[black]" type="sliced" foregroundlayer="true" />
				<label depth="20" name="slot#" pos="211,-17" width="10" height="12" text="[FFFFFF]3" font_size="12" color="" />

				<sprite depth="19" pos="282,-17" height="13" width="13" color="[black]" type="sliced" foregroundlayer="true" />
				<label depth="20" name="slot#" pos="286,-17" width="10" height="12" text="[FFFFFF]4" font_size="12" color="" />

				<sprite depth="19" pos="357,-17" height="13" width="13" color="[black]" type="sliced" foregroundlayer="true" />
				<label depth="20" name="slot#" pos="361,-17" width="10" height="12" text="[FFFFFF]5" font_size="12" color="" />

				<sprite depth="19" pos="432,-17" height="13" width="13" color="[black]" type="sliced" foregroundlayer="true" />
				<label depth="20" name="slot#" pos="436,-17" width="10" height="12" text="[FFFFFF]6" font_size="12" color="" />

				<sprite depth="19" pos="507,-17" height="13" width="13" color="[black]" type="sliced" foregroundlayer="true" />
				<label depth="20" name="slot#" pos="511,-17" width="10" height="12" text="[FFFFFF]7" font_size="12" color="" />

				<sprite depth="19" pos="582,-17" height="13" width="13" color="[black]" type="sliced" foregroundlayer="true" />
				<label depth="20" name="slot#" pos="586,-17" width="10" height="12" text="[FFFFFF]8" font_size="12" color="" />

				<sprite depth="19" pos="657,-17" height="13" width="13" color="[black]" type="sliced" foregroundlayer="true" />
				<label depth="20" name="slot#" pos="661,-17" width="10" height="12" text="[FFFFFF]9" font_size="12" color="" />

				<sprite depth="19" pos="732,-17" height="13" width="13" color="[black]" type="sliced" foregroundlayer="true" />
				<label depth="20" name="slot#" pos="736,-17" width="10" height="12" text="[FFFFFF]0" font_size="12" color="" />
				<!--  Prefab Editor Toolbelt Numbers -->
				<sprite depth="19" pos="54,75" height="13" width="15" color="[black]" type="sliced" foregroundlayer="true" visible="{secondrow}"/>
				<label depth="20" name="slot#" pos="56,75" width="12" height="12" text="[FFFFFF]S1" font_size="12" color="" visible="{secondrow}"/>

				<sprite depth="19" pos="130,75" height="13" width="15" color="[black]" type="sliced" foregroundlayer="true" visible="{secondrow}"/>
				<label depth="20" name="slot#" pos="132,75" width="12" height="12" text="[FFFFFF]S2" font_size="12" color="" visible="{secondrow}"/>

				<sprite depth="19" pos="205,75" height="13" width="15" color="[black]" type="sliced" foregroundlayer="true" visible="{secondrow}"/>
				<label depth="20" name="slot#" pos="207,75" width="12" height="12" text="[FFFFFF]S3" font_size="12" color="" visible="{secondrow}"/>

				<sprite depth="19" pos="280,75" height="13" width="15" color="[black]" type="sliced" foregroundlayer="true" visible="{secondrow}"/>
				<label depth="20" name="slot#" pos="282,75" width="12" height="12" text="[FFFFFF]S4" font_size="12" color="" visible="{secondrow}"/>

				<sprite depth="19" pos="355,75" height="13" width="15" color="[black]" type="sliced" foregroundlayer="true" visible="{secondrow}"/>
				<label depth="20" name="slot#" pos="357,75" width="12" height="12" text="[FFFFFF]S5" font_size="12" color="" visible="{secondrow}"/>

				<sprite depth="19" pos="430,75" height="13" width="15" color="[black]" type="sliced" foregroundlayer="true" visible="{secondrow}"/>
				<label depth="20" name="slot#" pos="432,75" width="12" height="12" text="[FFFFFF]S6" font_size="12" color="" visible="{secondrow}"/>

				<sprite depth="19" pos="505,75" height="13" width="15" color="[black]" type="sliced" foregroundlayer="true" visible="{secondrow}"/>
				<label depth="20" name="slot#" pos="507,75" width="12" height="12" text="[FFFFFF]S7" font_size="12" color="" visible="{secondrow}"/>

				<sprite depth="19" pos="580,75" height="13" width="15" color="[black]" type="sliced" foregroundlayer="true" visible="{secondrow}"/>
				<label depth="20" name="slot#" pos="582,75" width="12" height="12" text="[FFFFFF]S8" font_size="12" color="" visible="{secondrow}"/>

				<sprite depth="19" pos="655,75" height="13" width="15" color="[black]" type="sliced" foregroundlayer="true" visible="{secondrow}"/>
				<label depth="20" name="slot#" pos="657,75" width="12" height="12" text="[FFFFFF]S9" font_size="12" color="" visible="{secondrow}"/>

				<sprite depth="19" pos="730,75" height="13" width="15" color="[black]" type="sliced" foregroundlayer="true" visible="{secondrow}"/>
				<label depth="20" name="slot#" pos="732,75" width="12" height="12" text="[FFFFFF]S0" font_size="12" color="" visible="{secondrow}"/>
			</rect>
			<!--XP BAR-->
			<sprite depth="1" pos="0,2" height="18" color="[mediumGrey]" sprite="menu_empty2px" globalopacity="false" type="sliced" />
			<sprite depth="9" pos="0,2" height="18" color="[black]" sprite="menu_empty2px" globalopacity="false" type="sliced" fillcenter="false" />
			<sprite depth="4" pos="0,2" height="18" width="750" color="{xpcolor}" globalopacity="false" type="filled" fill="{xp}" />
			<!--<label depth="6" pos="0,2" height="18" width="750" color="[white]" font_size="16" justify="center" pivot="topleft" text="Lvl: {playerlevel}" controller="PlayerStatsWindow" />-->
			<!--<label depth="6" pos="0,2" height="18" width="750" color="[white]" font_size="16" justify="center" pivot="topleft" text="Lvl: {playerlevel}" controller="PlayerStatsWindow" />-->			<!--XP: {xp} Funsiona pero muestra eb .00000 formato-->

			<!-- ♦♦ Special thx to Scomar Death/kill Counter are based on Scomar82 HUD MOD ♦♦ -->
			<rect controller="CharacterFrameWindow">
				<!--Nesesario para extraer la Info-->
				<panel name="header" height="15" depth="1" pos="9999,9999" backgroundspritename="ui_game_panel_header">
					<label depth="2" name="characterName" pos="42,-6" width="150" height="32" text="" font_size="32"/>
					<label depth="2" name="levelNumber" pos="240,-10" width="80" height="28" text="" color="[lightGrey]"/>
				</panel>
				<rect visible="{showcharacter}" pos="9999,9999">
					<panel name="previewFrame" depth="0" pos="0,0" width="10" on_press="true" on_hover="true" disableautobackground="true" snap="false">
						<rect>
							<texture depth="2" name="playerPreview" material="Materials/Transparent Colored" size="8,8" globalopacity="false"/>
						</rect>
					</panel>
				</rect>
				<!--LVL e Icon-->
				<sprite depth="5" name="lvlIcon" width="15" height="15" pos="328,0" sprite="ui_game_symbol_trophy" color="255,255,255" foregroundlayer="true"/>
				<label depth="9" name="lvlTxt" width="50" height="20" pos="350,0" text="LVL: {cvar($LastPlayerLevel)}" font_size="15" color="[white]" justify="Right" controller="ToolbeltWindow"/>

				<!--Zombie Kills-->
				<rect name="zkills" pos="753,-15" width="75" height="37">
					<sprite depth="1" width="75" height="37" name="border" color="0, 0, 0" type="sliced" fillcenter="false"/>
					<sprite depth="3" width="73" height="35" pos="1,-1" name="background" color="52, 73, 94, 200" type="sliced"/>
					<sprite depth="5" name="TodeIcon" width="22" height="22" pos="2,-7" sprite="ui_game_symbol_marksmanship" color="255,255,255" foregroundlayer="true"/>
					<label depth="9" name="zombieKillsText" width="50" height="22" text="{playerzombiekills}" font_size="18" color="[white]" pos="24,-10" justify="center"/>
				</rect>
				<!--Player Deaths-->
				<rect name="pdeaths" pos="753,-54" width="75" height="37">
					<sprite depth="1" width="75" height="37" name="border" color="0, 0, 0" type="sliced" fillcenter="false"/>
					<sprite depth="3" width="73" height="35" pos="1,-1" name="background" color="52, 73, 94, 200" type="sliced"/>
					<sprite depth="5" name="TodeIcon" width="22" height="22" pos="2,-7" sprite="ui_game_symbol_near_death_trauma" color="[red]" foregroundlayer="true"/>
					<label depth="9" name="deathsText" width="50" height="22" text="{playerdeaths}" font_size="18" color="[white]" pos="24,-10" justify="center"/>
				</rect>
			</rect>
			<!--Temperatura Ambiente-->
			<rect name="hudTemp" pos="-75,-15" width="75" height="37" visible="{statvisible}">
				<sprite depth="1" width="75" height="37" name="border" color="0, 0, 0" type="sliced" fillcenter="false"/>
				<sprite depth="3" pos="1,-1" width="73" height="35" name="background" color="52, 73, 94, 200" type="sliced"/>
				<sprite depth="5" pos="2,-7" name="icon" width="22" height="22" sprite="ui_game_symbol_temperature" color="255,255,255" foregroundlayer="true"/>
				<label depth="9" pos="24,-10" name="hudTxtTemp" width="50" height="22" text="[DECEA3] {maptemperature}" font_size="18" color="[white]" justify="center" controller="MapStats"/>
			</rect>
			<!--Temperara de Player-->
			<rect name="hudPlayerTemp" pos="-75,-54" width="75" height="37" controller="MapStats" visible="{statvisible}">
				<sprite depth="1" width="75" height="37" name="border" color="0, 0, 0" type="sliced" fillcenter="false"/>
				<sprite depth="3" width="73" height="35" pos="1,-1" name="background" color="52, 73, 94, 200" type="sliced"/>
				<sprite depth="5" name="TodeIcon" width="22" height="22" pos="2,-7" sprite="ui_game_symbol_character" color="255,255,255" foregroundlayer="true"/>
				<label depth="9" name="hudTxtPlayerTemp" width="50" height="22" text="[DECEA3] {playercoretemp}" font_size="18" color="[white]" pos="23,-10" justify="center"/>
			</rect>
			<!--END-->
		</window>
	</append>

</configs>
