<configs>
<append xpath="/controls">
	<!-- Make cells not look like crap and item icons fit properly -->
	<malen_backpack_item_stack controller="ItemStack" on_scroll="false" allow_dropping="true" prefix_id="false" show_favorites="false">
		<rect controller="${controller}" style="malen_itemStack, hover" collider_scale="1.0"  on_scroll="${on_scroll}" allow_dropping="${allow_dropping}" prefix_id="${prefix_id}" show_favorites="${show_favorites}" tooltip="{tooltip}">
			<sprite depth="2" name="backgroundMain" sprite="menu_empty3px" pos="-3,3" width="69" height="69" color="[black]" type="sliced" fillcenter="false" />	
			<sprite depth="4" name="background" sprite="menu_empty3px" width="62" height="62" color="{selectionbordercolor}" type="sliced" globalopacity="true" fillcenter="false"/>
			<sprite depth="3" name="highlightOverlay" width="63" height="63" color="{selectionbordercolor}" pos="0,0" type="sliced" globalopacity="true"/>

			<texture depth="3" name="backgroundTexture" material="Materials/Transparent Colored" size="63,63" globalopacity="true"/>			
			<sprite depth="8" name="favoriteIcon" width="24" height="24" sprite="server_favorite" pos="10,-10" foregroundlayer="true" visible="{isfavorite}"/>
			<sprite depth="4" name="itemIcon" width="52" height="52" atlas="ItemIconAtlas" sprite="{itemicon}" pos="32,-32" pivot="center" foregroundlayer="true" color="{iconcolor}" />
			<sprite depth="8" name="lockTypeIcon" width="24" height="24" sprite="{locktypeicon}" pos="2,-2" foregroundlayer="true"/>
			<sprite depth="8" name="itemtypeicon" width="24" height="24" sprite="ui_game_symbol_{itemtypeicon}" pos="2,-2" foregroundlayer="true" visible="{hasitemtypeicon}" color="{itemtypeicontint}" />
			
			<sprite depth="3" name="durabilityBackground" width="61" height="7" sprite="menu_empty3px" color="[darkGrey]" type="sliced" pos="1, -54" foregroundlayer="true" visible="{hasdurability}"/>
			<filledsprite depth="4" name="durability" width="61" height="7" sprite="menu_empty2px" color="{durabilitycolor}" fill="{durabilityfill}" type="filled" pos="1, -54" foregroundlayer="true" visible="{hasdurability}"/>
			
			<sprite depth="5" name="disabledOverlay" width="62" height="62" color="[darkGrey_half_alpha]" pos="1,-1" type="sliced" visible="false"/>
			
			<label depth="7" name="stackValue" pos="-2,-40" width="60" height="17" text="{itemcount}" font_size="18" effect="outline" justify="center" />
			<label depth="7" name="timer" pos="35,-33" width="60" height="21" font_size="18" justify="center" pivot="center" effect="outline" color="[beige]"/>
			<sprite depth="9" name="cancel" sprite="ui_game_symbol_x" width="60" height="60" color="255,0,0,255" type="sliced" visible="false" foregroundlayer="true"/>
		
			<sprite depth="13" name="assembleIcon" size="28,28" sprite="{stacklockicon}" color="{stacklockcolor}" visible="{isassemblelocked}" pos="14,-14" foregroundlayer="true" />
		</rect>
	</malen_backpack_item_stack>

	
</append>
</configs>