<MalenEI>
	<!-- ▼▲▼▲▼▲▼▲▼▲▼▲▼▲▼▲▼▲ Cars PassThroughDamage ▼▲▼▲▼▲▼▲▼▲▼▲▼▲▼▲▼▲ -->
	<append xpath="/blocks/block[starts-with(@name,'cntCar')]">
		<property name="PassThroughDamage" value="false"/>
	</append>
	<append xpath="/blocks/block[@name='cntBusSchool']">
		<property name="PassThroughDamage" value="false"/>
	</append>
	<append xpath="/blocks/block[@name='concreteShapes']">
		<property name="Texture" value="315"/>
		<property name="UiBackgroundTexture" value="315"/>
	</append>	
	<!-- ▼▲▼▲▼▲▼▲▼▲▼▲▼▲▼▲▼▲▼▲▼▲▼▲▼▲▼▲▼▲▼▲▼▲▼▲▼▲▼▲▼▲▼▲▼▲▼▲▼▲▼▲▼▲▼▲▼▲▼▲ -->

	<!-- ▼▲▼▲▼▲▼▲▼▲▼▲▼▲▼▲▼▲ Change cars damage type ▼▲▼▲▼▲▼▲▼▲▼▲▼▲▼▲▼▲ 
		<set xpath="/blocks/block[@name='cntCar03SedanDamage0Master']/property[@name='PassThroughDamage']/@value">false</set>
		<set xpath="/blocks/block[@name='cntCar03SedanDamage1Master']/property[@name='PassThroughDamage']/@value">false</set>-->
	<!-- ▼▲▼▲▼▲▼▲▼▲▼▲▼▲▼▲▼▲▼▲▼▲▼▲▼▲▼▲▼▲▼▲▼▲▼▲▼▲▼▲▼▲▼▲▼▲▼▲▼▲▼▲▼▲▼▲▼▲▼▲▼-->

	<!-- ▼▲▼▲▼▲▼▲▼▲▼▲▼▲▼▲▼▲ Doors Advanced rotation ▼▲▼▲▼▲▼▲▼▲▼▲▼▲▼▲▼▲ 
	<set xpath="/blocks/block[starts-with(@name, 'garageDoor')]/property[@name='OnlySimpleRotations']/@value">false</set>-->
	
	<set xpath="/blocks/block[starts-with(@name, 'metalReinforcedWoodDrawBridge')]/property[@name='OnlySimpleRotations']/@value">false</set>
	
	<append xpath="/blocks/block[starts-with(@name, 'rollUpDoor')]">
		<property name="OnlySimpleRotations" value="false"/>
	</append>


	<!-- ▼▲▼▲▼▲▼▲▼▲▼▲▼▲▼▲▼▲▼▲▼▲▼▲▼▲▼▲▼▲▼▲▼▲▼▲▼▲▼▲▼▲▼▲▼▲▼▲▼▲▼▲▼▲▼▲▼▲▼▲▼ -->

	<!-- ▼▲▼▲▼▲▼▲▼▲▼▲▼▲▼▲▼▲ Change Block Colors ▼▲▼▲▼▲▼▲▼▲▼▲▼▲▼▲▼▲ -->
	<!--<set xpath="/blocks/block[@name='stainlessSteelMaster']/property[@name='Texture']/@value">62</set>
	<set xpath="/blocks/block[starts-with(@name, 'metalSignLetter_a')]/property[@name='Texture']/@value">580</set>-->
	<!-- ▼▲▼▲▼▲▼▲▼▲▼▲▼▲▼▲▼▲▼▲▼▲▼▲▼▲▼▲▼▲▼▲▼▲▼▲▼▲▼▲▼▲▼▲▼▲▼▲▼▲▼▲▼▲▼▲▼ -->

	<!-- ▼▲▼▲▼▲▼▲▼▲▼▲▼▲▼▲▼▲ Traps Upgrade ▼▲▼▲▼▲▼▲▼▲▼▲▼▲▼▲▼▲ -->
	<append xpath="/blocks/block[@name='trapSpikesIronDmg0']">
		<property class="UpgradeBlock">
			<property name="ToBlock" value="trapSpikesSteelDmg0"/>
			<property name="Item" value="resourceForgedSteel"/>
			<property name="ItemCount" value="30"/>
			<property name="UpgradeHitCount" value="4"/>
		</property>
	</append>
	<append xpath="/blocks/block[@name='barbedWireSheet']">
		<property name="Damage_received" value="5"/>
		<property name="MaxDamage" value="1000"/>
		<property class="UpgradeBlock">
			<property name="ToBlock" value="barbedWireSpindle1m"/>
			<property name="Item" value="resourceForgedSteel"/>
			<property name="ItemCount" value="20"/>
			<property name="UpgradeHitCount" value="4"/>
		</property>
	</append>
	<!-- ▼▲▼▲▼▲▼▲▼▲▼▲▼▲▼▲▼▲▼▲▼▲▼▲▼▲▼▲▼▲▼▲▼▲▼▲▼▲▼▲▼▲▼▲▼▲▼▲▼▲▼-->

	<!-- ▼▲▼▲▼▲▼▲▼▲▼▲▼▲▼▲▼▲ Add to glass variants ▼▲▼▲▼▲▼▲▼▲▼▲▼▲▼▲▼▲ -->	
	<append xpath="/blocks/block[@name='glassBulletproofBlockVariantHelper']/property[@name='PlaceAltBlockValue']/@value">,glassBulletproofInvplate,glassBulletproofInvblock,glassBulletproofInvplated,glassBulletprooroundplate,glassBulletproofDplate</append>
	<!-- ▼▲▼▲▼▲▼▲▼▲▼▲▼▲▼▲▼▲▼▲▼▲▼▲▼▲▼▲▼▲▼▲▼▲▼▲▼▲▼▲▼▲▼▲▼▲▼▲▼▲▼▲▼▲▼▲▼▲▼-->

	<!-- ▼▲▼▲▼▲▼▲▼▲▼▲▼▲▼▲▼▲ Pick Light source ▼▲▼▲▼▲▼▲▼▲▼▲▼▲▼▲▼▲ 
		<append xpath="/blocks/block[@name='burningBarrel']">
			<property name="CanPickup" value="true" param1="burningBarrelPlayer"/>
			<property name="TakeDelay" value="2"/>
			<property name="Class" value=""/>
		</append>
		-->
		<append xpath="/blocks/block[@name='lanternDecorLightWhite']">
			<property name="CanPickup" value="true" param1="lanternDecorLightBlockVariantHelper"/>
			<property name="TakeDelay" value="2"/>
			<property name="Class" value=""/>
		</append>
			<append xpath="/blocks/block[@name='flashlightDecorWhite']">
			<property name="CanPickup" value="true" param1="meleeToolFlashlight02"/>
			<property name="TakeDelay" value="2"/>
			<property name="Class" value=""/>
		</append>

	<!-- ▼▲▼▲▼▲▼▲▼▲▼▲▼▲▼▲▼▲▼▲▼▲▼▲▼▲▼▲▼▲▼▲▼▲▼▲▼▲▼▲▼▲▼▲▼▲▼▲▼▲▼▲▼▲▼ -->

	<!-- ▼▲▼▲▼▲▼▲▼▲▼▲▼▲▼▲▼▲ Grave Stone Rapair and upgrade ▼▲▼▲▼▲▼▲▼▲▼▲▼▲▼▲▼▲ -->
		<append xpath="/blocks/block[starts-with(@name,'graveStone')]">
			<property class="RepairItems">
				<property name="resourceConcreteMix" value="5"/>
			</property>
		</append>
		<append xpath="/blocks/block[@name='graveStone05']">
			<property class="UpgradeBlock">
				<property name="ToBlock" value="graveStone01"/>
				<property name="Item" value="resourceConcreteMix"/>
				<property name="ItemCount" value="1"/>
				<property name="UpgradeHitCount" value="4"/>
			</property>
		</append>
		<append xpath="/blocks/block[@name='graveStone06']">
			<property class="UpgradeBlock">
				<property name="ToBlock" value="graveStone02"/>
				<property name="Item" value="resourceConcreteMix"/>
				<property name="ItemCount" value="1"/>
				<property name="UpgradeHitCount" value="4"/>
			</property>
		</append>
		<append xpath="/blocks/block[@name='graveStone07']">
			<property class="UpgradeBlock">
				<property name="ToBlock" value="graveStone03"/>
				<property name="Item" value="resourceConcreteMix"/>
				<property name="ItemCount" value="1"/>
				<property name="UpgradeHitCount" value="4"/>
			</property>
		</append>
		<append xpath="/blocks/block[@name='graveStone08']">
			<property class="UpgradeBlock">
				<property name="ToBlock" value="graveStone04"/>
				<property name="Item" value="resourceConcreteMix"/>
				<property name="ItemCount" value="1"/>
				<property name="UpgradeHitCount" value="4"/>
			</property>
		</append>
	<!-- ▼▲▼▲▼▲▼▲▼▲▼▲▼▲▼▲▼▲▼▲▼▲▼▲▼▲▼▲▼▲▼▲▼▲▼▲▼▲▼▲▼▲▼▲▼▲▼▲▼▲▼▲▼▲▼▲▼▲▼▲▼▲▼▲▼▲▼▲ -->

	<append xpath="/blocks">
		<!-- ▼▲▼▲▼▲▼▲▼▲▼▲▼▲▼▲▼▲ Legend Workbench ▼▲▼▲▼▲▼▲▼▲▼▲▼▲▼▲▼▲ -->
			<block name="SPWK">
				<property name="ItemTypeIcon" value="star"/>
				<property name="CustomIcon" value="cntHardenedChestSecureT5"/>
				<property name="CustomIconTint" value="292726"/>
				
				<property name="Tags" value="workbench,noblocks"/>
				<property name="UnlockedBy" value="perkAdvancedEngineering"/>
				<property name="MultiBlockDim" value="2,1,1"/>
				<property name="Texture" value="62"/>
				<property name="MaxDamage" value="1000"/>

				<property name="Shape" value="ModelEntity"/>
				<property name="Model" value="@:Entities/LootContainers/tier5LootChestPrefab.prefab"/>

				<property name="Class" value="Workstation"/>
				<property name="Material" value="Mmetal"/>
				<property name="StabilitySupport" value="true"/>
				<property name="DisplayType" value="blockMulti"/>
				<property name="ImposterDontBlock" value="true"/>
				<property name="Place" value="TowardsPlacerInverted"/>
				<property name="OnlySimpleRotations" value="true"/>
				<property name="IsTerrainDecoration" value="true"/>
				<property name="Stacknumber" value="1"/>

				<property class="Workstation">
					<property name="Modules" value="output"/>
					<property name="CraftingAreaRecipes" value="legenstation"/>
				</property>

				<property name="WorkstationIcon" value="ui_game_symbol_workbench"/>

				<property name="OpenSound" value="open_apache_artifact_chest"/>
				<property name="CloseSound" value="close_workbench"/>

				<property name="WorkstationJournalTip" value="workbenchTip"/>

				<property class="RepairItems">
					<property name="resourceForgedIron" value="25"/>
					<property name="resourceMechanicalParts" value="20"/>
					<property name="resourceWood" value="50"/>
				</property>
				<drop event="Harvest" name="resourceScrapIron" count="200" tag="allHarvest"/>
				<drop event="Destroy" count="0"/>
				<drop event="Fall" name="terrDestroyedWoodDebris" count="1" prob="0.75" stick_chance="1"/>
				<property name="TakeDelay" value="5"/>

				<property name="EconomicValue" value="2000"/>
				<property name="Group" value="Building,advBuilding"/>
				<property name="FilterTags" value="fdecor,fother,ffurniture"/>
				<property name="SortOrder1" value="70i0"/>
				<property name="WorkstationWindow" value="workstation_workbench" />
			</block>
		<!-- ▼▲▼▲▼▲▼▲▼▲▼▲▼▲▼▲▼▲▼▲▼▲▼▲▼▲▼▲▼▲▼▲▼▲▼▲▼▲▼▲▼▲▼▲▼▲▼▲▼▲▼▲▼▲ -->
		<!-- ▼▲▼▲▼▲▼▲▼▲▼▲▼▲▼▲▼▲ Legend Workbench ▼▲▼▲▼▲▼▲▼▲▼▲▼▲▼▲▼▲ -->
			<block name="forgeHF">
				<property name="Class" value="Forge"/>
				<property name="UnlockedBy" value="HML"/>
				<property name="Group" value="Tools/Traps"/>
				<property name="Material" value="Mstone_scrap"/>
				<property name="CustomIcon" value="cntWoodBurningStove" />
				<property name="CustomIconTint" value="231E1E"/>
				<property name="TintColor" value="231E1E"/>
				<property name="ItemTypeIcon" value="star"/>
				<property name="Tags" value="noblocks"/>
				<property name="MaxDamage" value="4000"/>
				<property name="StabilitySupport" value="true"/>
				<property name="Weight" value="0"/>
				<property name="Shape" value="ModelEntity"/>
				<property name="Path" value="solid"/>
				<!--<property name="Model" value="Entities/Crafting/forgeWorkstationPrefab"/>-->
				<property name="Model" value="Entities/Furniture/woodBurningStovePrefab"/>
				<property name="Place" value="TowardsPlacerInverted"/>
				<property name="OnlySimpleRotations" value="true"/>
				<property name="IsTerrainDecoration" value="true"/>
				<property name="ParticleName" value="forge"/>
				<property name="ParticleOffset" value="0.5,0.4,0.5"/>
				<property name="ImposterDontBlock" value="true"/>
				<property name="Stacknumber" value="1"/>
				<property name="HeatMapStrength" value="3"/>
				<property name="HeatMapTime" value="2500"/>
				<property name="HeatMapFrequency" value="2000"/>
				<property name="BuffsWhenWalkedOn" value="buffBurningEnvironment"/>
				<property name="ActiveRadiusEffects" value="buffCampfireAOE(5)"/>
				<property class="Workstation">
					<property name="CraftingAreaRecipes" value="forgeHF"/>
					<property name="Modules" value="tools,output,fuel,material_input"/>
					<property name="InputMaterials" value="diamon,gold,silver,practo,iron,glass,brass,stone,lead,clay"/>
				</property>
				<property name="WorkstationIcon" value="ui_game_symbol_forge"/>
				<property name="OpenSound" value="forge_open"/>
				<property name="CloseSound" value="forge_close"/>
				<property name="CraftSound" value="forge_smelt_click"/>
				<property name="CraftCompleteSound" value="forge_item_complete"/>
				<property name="WorkstationJournalTip" value="forgeTip"/>
				
				<property class="RepairItems">
					<property name="resourceForgedIron" value="100"/>
					<property name="resourceConcreteMix" value="40"/>
					<property name="resourceMetalPipe" value="20"/>
				</property>
				<drop event="Harvest" name="resourceForgedIron" count="80" tag="allHarvest"/>
				<drop event="Harvest" name="resourceConcreteMix" count="30" tag="allHarvest"/>
				
				<drop event="Destroy" count="0"/>
				<drop event="Fall" name="terrDestroyedStone" count="1" prob="0.75" stick_chance="1"/>
				<property name="TakeDelay" value="10"/>
				<property name="DescriptionKey" value="forgeDesc"/>				
				<property name="FilterTags" value="MC_playerBlocks,SC_decor"/>
				<property name="EconomicValue" value="10000"/>				
			</block>
		<!-- ▼▲▼▲▼▲▼▲▼▲▼▲▼▲▼▲▼▲▼▲▼▲▼▲▼▲▼▲▼▲▼▲▼▲▼▲▼▲▼▲▼▲▼▲▼▲▼▲▼▲▼▲▼▲ -->
		
		<!-- ▼▲▼▲▼▲▼▲▼▲▼▲▼▲▼▲▼▲ New Traps ▼▲▼▲▼▲▼▲▼▲▼▲▼▲▼▲▼▲ -->
			<block name="DbladeTrap">
				<property name="CustomIcon" value="bladeTrap"/>
				<property name="CustomIconTint" value="00AAE4"/>
				<property name="TintColor" value="00AAE4"/>
				<property name="ItemTypeIcon" value="computer"/>
				<property name="Tags" value="noblocks"/>
				<property name="DescriptionKey" value="DbladeTrapDesc"/>
				<property name="CreativeMode" value="Player"/>
				<property name="Class" value="BladeTrap"/>
				<property name="UnlockedBy" value="PBMT"/>
				<property name="Material" value="Mmetal_hard"/>
				<property name="Damage" value="200"/>
				<property name="DamageReceived" value="1"/>
				<property name="BreakingPercentage" value="0.5"/>
				<property name="BrokenPercentage" value="0.25"/>
				<property name="ImpactSound" value="bladetrap_impact"/>
				<property name="StartSound" value="bladetrap_startup"/>
				<property name="StopSound" value="bladetrap_stop"/>
				<property name="RunningSound" value="bladetrap_fire_lp"/>
				<property name="RunningSoundBreaking" value="bladetrap_dm1_lp"/>
				<property name="RunningSoundBroken" value="bladetrap_dm2_lp"/>
				<property name="MaxDamage" value="10000"/>
				<property name="StabilitySupport" value="false"/>
				<property name="Shape" value="ModelEntity"/>
				<property name="Collide" value="movement,melee"/>
				<property name="Model" value="Entities/Electrical/trapSpinningBladePrefab"/>
				<property name="HandleFace" value="Bottom"/>
				<property name="MultiBlockDim" value="3,1,3"/>
				<property name="DisplayType" value="blockElectricalHardenedMulti"/>
				<property name="ImposterExchange" value="imposterPlate" param1="111"/>
				<property name="IsTerrainDecoration" value="true"/>
				<property name="Collide" value="movement,melee,bullet,arrow,rocket"/>
				<property name="RequiredPower" value="10"/>
				<property name="Group" value="Ltech"/>
				<property name="ActivationDistance" value="6"/>
				<property class="RepairItems">
					<property name="resourceRawDiamond" value="2"/>
				</property>
				<drop event="Harvest" name="terrStone" count="0" tool_category="Disassemble"/>
				<drop event="Harvest" name="resourceScrapIron" count="20,100" tag="allHarvest"/>
				<drop event="Harvest" name="resourceRawDiamond" count="1" tag="allHarvest"/>
				<drop event="Destroy" count="0"/>
				<drop event="Fall" name="scrapMetalPile" count="1" prob="0.75" stick_chance="1"/>
				<property name="Stacknumber" value="30"/>
				<property name="TakeDelay" value="5"/>
				<property name="EconomicValue" value="5000"/>
				<property name="FilterTags" value="fdecor,felectrical,ftraps"/>
				<property name="SortOrder1" value="70a0"/>
			</block>
			<block name="proelectricfence">
				<property name="ItemTypeIcon" value="computer"/>
				<property name="CustomIconTint" value="255,255,0"/>
				<property name="TintColor" value="255,255,0"/>
				<property name="CreativeMode" value="Player"/>				
				<property name="Class" value="ElectricWire"/>
				<property name="CustomIcon" value="electricfencepost"/>
				<property name="UnlockedBy" value="PBMT"/>
				<property name="Material" value="Msteel"/>
				<property name="StabilitySupport" value="true"/>
				<property name="Shape" value="ModelEntity"/>				
				<property name="MaxDamage" value="2000"/>
				<property name="DamageReceived" value="0"/>				
				<property name="Model" value="Entities/Electrical/electric_fencePrefab"/>
				<property name="HandleFace" value="Bottom"/>
				<property class="RepairItems">
					<property name="resourceElectricParts" value="1"/>
					<property name="resourceForgedSteel" value="2"/>
					<property name="resourceGoldNugget" value="1"/>
				</property>
				<property name="DisplayType" value="blockElectricalMulti"/>
				<property name="MultiBlockDim" value="1,2,1"/>
				<property name="DescriptionKey" value="profencesDesc"/>

				<property name="ImposterDontBlock" value="true"/>
				<property name="Collide" value="movement,melee"/>
				<property name="RequiredPower" value="5"/>
				<property name="Buff" value="buffShocked"/>
				<property name="BuffChance" value="1"/>
				<property name="Group" value="Ltech"/>
				<drop event="Harvest" name="terrStone" count="0" tool_category="Disassemble"/>
				<drop event="Harvest" name="resourceElectricParts" count="0,1" tag="salvageHarvest"/>
				<drop event="Harvest" name="resourceScrapIron" count="5,40" tag="allHarvest"/>
				<drop event="Destroy" count="0"/>
				<drop event="Fall" name="scrapMetalPile" count="1" prob="0.75" stick_chance="1"/>
				<property name="EconomicValue" value="200"/>
				<property name="FilterTags" value="MC_playerBlocks,SC_electrical,SC_traps"/>				
				<property name="SellableToTrader" value="false"/>				
				<property name="WaterFlow" value="permitted"/>
				<property name="Tags" value="trapsSkill,noblocks"/>
			</block>
			<block name="trapSpikesScrapSteelMaster">				
				<property name="CreativeMode" value="None"/>
				<property name="Class" value="TrunkTip"/>				
				<property name="BlockTag" value="Spike"/>
				<property name="Damage" value="100"/>
				<property name="Damage_received" value="100"/>
				<property name="Material" value="MtrapSpikesIron"/>
				<property name="DisplayType" value="blockHardened"/>
				<property name="MaxDamage" value="1000"/>				
				<property name="Texture" value="62"/>
				<property name="Shape" value="ModelEntity"/>
				<property name="Model" value="Entities/traps/ironSpikesTrapPrefab"/>
				<property name="WaterFlow" value="permitted"/>
				<property name="IsTerrainDecoration" value="false"/>
				<property name="ImposterExclude" value="true"/>
				<property name="Tags" value="noblocks"/>
				<property name="Collide" value="movement,melee"/>
				<property name="LightOpacity" value="6"/>
				<property name="Path" value="solid"/>
				<!--  <property name="BuffsWhenWalkedOn" value="trapDamageZombie"/>  -->
				<property class="RepairItems">
					<property name="resourceForgedSteel" value="4"/>
				</property>
				<property name="CustomUpgradeSound" value="place_block_metal"/>
				<drop event="Destroy" name="resourceScrapIron" count="10,20"/>
				<drop event="Fall" count="0"/>
				<property name="Group" value="Ltech"/>
				<property name="DescriptionKey" value="trapSpikesGroupDesc"/>
				<property name="EconomicValue" value="60"/>
				<property name="EconomicBundleSize" value="20"/>
				<property name="FilterTags" value="MC_building,SC_traps"/>
			</block>
			<block name="trapSpikesSteelDmg2">
				<property name="Extends" value="trapSpikesScrapSteelMaster"/>
				<property name="CreativeMode" value="Dev"/>
				<property name="TintColor" value="00AAE4"/>
				<property name="CustomIconTint" value="00AAE4"/>
				<property name="CustomIcon" value="trapSpikesIronDmg2"/>
				<property name="Model" value="Entities/traps/ironSpikesTrap2BloodPrefab"/>
				<property class="UpgradeBlock">
					<property name="ToBlock" value="trapSpikesSteelDmg0"/>
					<property name="Item" value="resourceForgedSteel"/>
					<property name="ItemCount" value="4"/>
					<property name="UpgradeHitCount" value="4"/>
				</property>
			</block>
			<block name="trapSpikesSteelDmg1">
				<property name="Extends" value="trapSpikesScrapSteelMaster"/>
				<property name="CreativeMode" value="Dev"/>
				<property name="CustomIconTint" value="00AAE4"/>
				<property name="CustomIcon" value="trapSpikesIronDmg1"/>
				<property name="TintColor" value="00AAE4"/>
				<property name="Model" value="Entities/traps/ironSpikesTrap1BloodPrefab"/>
				<property class="UpgradeBlock">
					<property name="ToBlock" value="trapSpikesSteelDmg0"/>
					<property name="Item" value="resourceForgedSteel"/>
					<property name="ItemCount" value="4"/>
					<property name="UpgradeHitCount" value="4"/>
				</property>
				<property name="DowngradeBlock" value="trapSpikesSteelDmg2"/>
			</block>
			<block name="trapSpikesSteelDmg0">				
				<property name="Extends" value="trapSpikesScrapSteelMaster"/>
				<property name="TintColor" value="00AAE4"/>
				<property name="CustomIconTint" value="1E1A19"/>
				<property name="CustomIcon" value="trapSpikesScrapIronMaster"/>
				<property name="Tags" value="noblocks"/>				
				<property name="DowngradeBlock" value="trapSpikesSteelDmg1"/>
				<property name="Group" value="Mods"/>
			</block>
			<block name="extrablock1">
				<!--   log spike 7 SSteel   -->
				<property name="Collide" value="movement,melee"/>
				<property name="Class" value="TrunkTip"/>
				<property name="BlockTag" value="Spike"/>
				<property name="CreativeMode" value="Dev"/>
				<property name="CustomIcon" value="steelLogSpike6"/>
				<property name="TintColor" value="00AAE4"/>
				<property name="MaxDamage" value="10000"/>
				<property name="CustomIconTint" value="00AAE4"/>
				<property name="Damage" value="25"/>
				<property name="Damage_received" value="25"/>
				<property name="Texture" value="62"/>
				<property name="DisplayType" value="blockHardened"/>
				<property name="Material" value="Msteel"/>
				<property name="Shape" value="New"/>
				<property name="LightOpacity" value="6"/>
				<property name="Path" value="solid"/>
				<property name="Model" value="cone1m"/>
				<property name="ImposterExchange" value="imposterPyramid" param1="112"/>
				<property name="ImposterDontBlock" value="true"/>
				<property name="UseGlobalUV" value="Local"/>
				<!--  property name="DontDamageOnTouch" value="true" /  -->
				<!--  <property name="BuffsWhenWalkedOn" value="trapDamage1Trigger"/>  -->
				<property class="RepairItems">
					<property name="resourceForgedSteel" value="10"/>
				</property>
				<property name="CustomUpgradeSound" value="place_block_metal"/>
				<drop event="Destroy" name="resourceScrapIron" count="10,20"/>
				<drop event="Fall" name="scrapMetalPile" count="1" prob="0.75" stick_chance="1"/>
				<property name="EconomicValue" value="300"/>
				<property name="Group" value="Tools/Traps"/>
				<property name="DescriptionKey" value="woodLogSpike1Desc"/>
				<property name="FilterTags" value="fdecor,ftraps"/>
			</block>
			<block name="extrablock2">
				<!--   log spike 7 SSteel   -->
				<property name="Collide" value="movement,melee"/>
				<property name="Class" value="TrunkTip"/>
				<property name="BlockTag" value="Spike"/>
				<property name="CreativeMode" value="Dev"/>
				<property name="CustomIcon" value="steelLogSpike6"/>
				<property name="TintColor" value="00AAE4"/>
				<property name="MaxDamage" value="10000"/>
				<property name="CustomIconTint" value="00AAE4"/>
				<property name="Damage" value="25"/>
				<property name="Damage_received" value="25"/>
				<property name="Texture" value="62"/>
				<property name="DisplayType" value="blockHardened"/>
				<property name="Material" value="Msteel"/>
				<property name="Shape" value="New"/>
				<property name="LightOpacity" value="6"/>
				<property name="Path" value="solid"/>
				<property name="Model" value="cone1m"/>
				<property name="ImposterExchange" value="imposterPyramid" param1="112"/>
				<property name="ImposterDontBlock" value="true"/>
				<property name="UseGlobalUV" value="Local"/>
				<!--  property name="DontDamageOnTouch" value="true" /  -->
				<!--  <property name="BuffsWhenWalkedOn" value="trapDamage1Trigger"/>  -->
				<property class="RepairItems">
					<property name="resourceForgedSteel" value="10"/>
				</property>
				<property name="CustomUpgradeSound" value="place_block_metal"/>
				<drop event="Destroy" name="resourceScrapIron" count="10,20"/>
				<drop event="Fall" name="scrapMetalPile" count="1" prob="0.75" stick_chance="1"/>
				<property name="EconomicValue" value="300"/>
				<property name="Group" value="Tools/Traps"/>
				<property name="DescriptionKey" value="woodLogSpike1Desc"/>
				<property name="FilterTags" value="fdecor,ftraps"/>
			</block>
			<block name="extrablock3">
				<!--   log spike 7 SSteel   -->
				<property name="Collide" value="movement,melee"/>
				<property name="Class" value="TrunkTip"/>
				<property name="BlockTag" value="Spike"/>
				<property name="CreativeMode" value="Dev"/>
				<property name="CustomIcon" value="steelLogSpike6"/>
				<property name="TintColor" value="00AAE4"/>
				<property name="MaxDamage" value="10000"/>
				<property name="CustomIconTint" value="00AAE4"/>
				<property name="Damage" value="25"/>
				<property name="Damage_received" value="25"/>
				<property name="Texture" value="62"/>
				<property name="DisplayType" value="blockHardened"/>
				<property name="Material" value="Msteel"/>
				<property name="Shape" value="New"/>
				<property name="LightOpacity" value="6"/>
				<property name="Path" value="solid"/>
				<property name="Model" value="cone1m"/>
				<property name="ImposterExchange" value="imposterPyramid" param1="112"/>
				<property name="ImposterDontBlock" value="true"/>
				<property name="UseGlobalUV" value="Local"/>
				<!--  property name="DontDamageOnTouch" value="true" /  -->
				<!--  <property name="BuffsWhenWalkedOn" value="trapDamage1Trigger"/>  -->
				<property class="RepairItems">
					<property name="resourceForgedSteel" value="10"/>
				</property>
				<property name="CustomUpgradeSound" value="place_block_metal"/>
				<drop event="Destroy" name="resourceScrapIron" count="10,20"/>
				<drop event="Fall" name="scrapMetalPile" count="1" prob="0.75" stick_chance="1"/>
				<property name="EconomicValue" value="300"/>
				<property name="Group" value="Tools/Traps"/>
				<property name="DescriptionKey" value="woodLogSpike1Desc"/>
				<property name="FilterTags" value="fdecor,ftraps"/>
			</block>
			<block name="extrablock4">
				<!--   log spike 7 SSteel   -->
				<property name="Collide" value="movement,melee"/>
				<property name="Class" value="TrunkTip"/>
				<property name="BlockTag" value="Spike"/>
				<property name="CreativeMode" value="Dev"/>
				<property name="CustomIcon" value="steelLogSpike6"/>
				<property name="TintColor" value="00AAE4"/>
				<property name="MaxDamage" value="10000"/>
				<property name="CustomIconTint" value="00AAE4"/>
				<property name="Damage" value="25"/>
				<property name="Damage_received" value="25"/>
				<property name="Texture" value="62"/>
				<property name="DisplayType" value="blockHardened"/>
				<property name="Material" value="Msteel"/>
				<property name="Shape" value="New"/>
				<property name="LightOpacity" value="6"/>
				<property name="Path" value="solid"/>
				<property name="Model" value="cone1m"/>
				<property name="ImposterExchange" value="imposterPyramid" param1="112"/>
				<property name="ImposterDontBlock" value="true"/>
				<property name="UseGlobalUV" value="Local"/>
				<!--  property name="DontDamageOnTouch" value="true" /  -->
				<!--  <property name="BuffsWhenWalkedOn" value="trapDamage1Trigger"/>  -->
				<property class="RepairItems">
					<property name="resourceForgedSteel" value="10"/>
				</property>
				<property name="CustomUpgradeSound" value="place_block_metal"/>
				<drop event="Destroy" name="resourceScrapIron" count="10,20"/>
				<drop event="Fall" name="scrapMetalPile" count="1" prob="0.75" stick_chance="1"/>
				<property name="EconomicValue" value="300"/>
				<property name="Group" value="Tools/Traps"/>
				<property name="DescriptionKey" value="woodLogSpike1Desc"/>
				<property name="FilterTags" value="fdecor,ftraps"/>
			</block>
		<!-- ▼▲▼▲▼▲▼▲▼▲▼▲▼▲▼▲▼▲▼▲▼▲▼▲▼▲▼▲▼▲▼▲▼▲▼▲▼▲▼▲▼▲▼▲▼▲▼ -->
		
		<!-- ▼▲▼▲▼▲▼▲▼▲▼▲▼▲▼▲▼▲ New tech blocks ▼▲▼▲▼▲▼▲▼▲▼▲▼▲▼▲▼▲ -->
			<block name="ProSolarbank">
				<property name="CreativeMode" value="Player"/>
				<property name="Class" value="SolarPanel"/>
				<property name="CustomIcon" value="solarbank"/>
				<property name="Material" value="Mmetal_weak"/>
				<property name="ItemTypeIcon" value="computer"/>
				<property name="StabilitySupport" value="true"/>
				<property name="Shape" value="ModelEntity"/>
				<property name="UnlockedBy" value="PBMT"/>
				<property name="CustomIconTint" value="255,255,0"/>
				<property name="TintColor" value="00AAE4"/>
				<property name="Tags" value="noblocks"/>
				<!--<property name="CustomIconTint" value="00AAE4"/>-->
				<property name="DescriptionKey" value="trapSpikesGroupDesc"/>

				<property name="Path" value="solid"/>
				<property name="Model" value="Entities/Electrical/solar_panelPrefab"/>
				<property name="ModelOffset" value=".5,.5,0"/>
				<property name="DisplayType" value="blockElectricalMulti"/>
				<property name="MultiBlockDim" value="4,1,1"/>
				<property name="Place" value="TowardsPlacerInverted"/>
				<property name="OnlySimpleRotations" value="true"/>
				<property name="ImposterExchange" value="imposterRamp" param1="18"/>
				<property name="DescriptionKey" value="progenedesc"/>
				<property name="OutputPerStack" value="120"/>
				<property name="SlotItem" value="ProSolarCell"/>
				<property name="MaxPower" value="360"/>
				<property name="MaxDamage" value="10000"/>
				<property name="Group" value="Ltech"/>
				<property name="ActivationDistance" value="10"/>
				<property name="Collide" value="movement,melee"/>
				<property class="RepairItems">
					<property name="resourceForgedSteel" value="20"/>
					<property name="resourceGoldNugget" value="1"/>
					<property name="resourceElectricParts" value="20"/>
					<property name="resourceScrapPolymers" value="20"/>
				</property>
				<drop event="Harvest" name="terrStone" count="0" tool_category="Disassemble"/>				
				<drop event="Destroy" count="0"/>
				<drop event="Fall" name="scrapMetalPile" count="1" prob="0.75" stick_chance="1"/>
				<property name="Stacknumber" value="1"/>
				<property name="TakeDelay" value="5"/>
				<property name="EconomicValue" value="20000"/>
				<property name="FilterTags" value="fdecor,felectrical"/>
				<property name="SortOrder1" value="70a0"/>
			</block>
			<block name="ProGeneratorbank">
				<property name="Class" value="Generator"/>

				<property name="MaxDamage" value="6000"/>
				<property name="CustomIcon" value="generatorbank"/>
				<property name="ItemTypeIcon" value="computer"/>
				<property name="StabilitySupport" value="true"/>
				<property name="CustomIconTint" value="255,255,0"/>
				<property name="CreativeMode" value="Player"/>
				<property name="Tags" value="noblocks"/>
				<property name="Class" value="Generator"/>
				<property name="DisplayType" value="blockElectricalHardened"/>
				<property name="UnlockedBy" value="PBMT"/>
				<property name="Material" value="Mmetal_medium"/>				
				<property name="Path" value="solid"/>
				<property name="Shape" value="ModelEntity"/>
				<property name="Model" value="Entities/Electrical/smallGeneratorPrefab"/>
				<property name="HandleFace" value="Bottom"/>
				<property name="ImposterDontBlock" value="true"/>
				<property name="Collide" value="movement,melee"/>
				<property name="DescriptionKey" value="progenedesc"/>
				<property name="MaxFuel" value="10000"/>
				<!-- <property name="OutputPerFuel" value="11250"/> -->
				<property name="OutputPerFuel" value="25000"/>
				<property name="MaxPower" value="25000"/>
				<property name="OutputPerStack" value="200"/>
				<property name="SlotItem" value="ProEngine"/>
				<property name="Group" value="Ltech"/>
				<property class="RepairItems">
					<property name="resourceForgedSteel" value="10"/>
					<property name="resourceGoldNugget" value="1"/>
					<property name="resourceElectricParts" value="10"/>
					<property name="resourceMechanicalParts" value="10"/>
				</property>
				<drop event="Harvest" name="resourceForgedSteel" count="20" tag="allHarvest"/>
				<drop event="Harvest" name="terrStone" count="0" tool_category="Disassemble"/>
				<drop event="Destroy" count="0"/>
				<drop event="Fall" name="scrapMetalPile" count="1" prob="0.75" stick_chance="1"/>
				<property name="Stacknumber" value="1"/>
				<property name="TakeDelay" value="10"/>
				<property name="EconomicValue" value="5000"/>
				<property name="FilterTags" value="fdecor,felectrical"/>
				<property name="SortOrder1" value="70a0"/>

				<property name="WaterFlow" value="permitted"/>

			</block>
			<block name="ProBatterybank">
				<property name="MaxDamage" value="6000"/>
				<property name="CustomIcon" value="batterybank"/>
				<property name="ItemTypeIcon" value="computer"/>
				<property name="StabilitySupport" value="true"/>
				<property name="CustomIconTint" value="255,255,0"/>
				<property name="CreativeMode" value="Player"/>
				<property name="Class" value="BatteryBank"/>
				<property name="Material" value="Mmetal_weak"/>
				<property name="StabilitySupport" value="false"/>
				<property name="Tags" value="noblocks"/>
				<property name="Shape" value="ModelEntity"/>
				<property name="Path" value="solid"/>
				<property name="TintColor" value="00AAE4"/>
				<property name="Model" value="Entities/Electrical/battery_bankPrefab"/>
				<property name="HandleFace" value="Bottom"/>
				<property name="ImposterDontBlock" value="true"/>
				<property name="Collide" value="movement,melee"/>
				<property name="DescriptionKey" value="progenedesc"/>
				<property name="UnlockedBy" value="PBMT"/>
				<property name="MaxPower" value="600"/>
				<property name="InputPerTick" value="5"/>
				<property name="ChargePerInput" value="5"/>
				<property name="OutputPerStack" value="200"/>
				<property name="OutputPerCharge" value="100"/>
				<property name="SlotItem" value="ProCarBattery"/>
				<property name="Group" value="Ltech"/>
				<property class="RepairItems">
					<property name="resourceForgedSteel" value="10"/>
					<property name="resourceGoldNugget" value="1"/>
					<property name="resourceElectricParts" value="10"/>
					<property name="resourceScrapPolymers" value="10"/>
				</property>
				<drop event="Harvest" name="resourceForgedSteel" count="20" tag="allHarvest"/>
				<drop event="Harvest" name="terrStone" count="0" tool_category="Disassemble"/>
				<drop event="Destroy" count="0"/>
				<drop event="Fall" name="scrapMetalPile" count="1" prob="0.75" stick_chance="1"/>
				<property name="Stacknumber" value="1"/>
				<property name="TakeDelay" value="15"/>
				<property name="EconomicValue" value="400"/>
				<property name="FilterTags" value="fdecor,felectrical"/>
				<property name="SortOrder1" value="70a0"/>
			</block>
			<block name="ProPressureplate">
				<property name="Extends" value="pressureplate"/>
				<property name="MaxDamage" value="6000"/>
				<property name="CustomIcon" value="pressureplate"/>
				<property name="ItemTypeIcon" value="computer"/>
				<property name="StabilitySupport" value="true"/>
				<property name="CustomIconTint" value="255,255,0"/>
				<property name="Collide" value="melee"/>
				<property name="UnlockedBy" value="PBMT"/>
				<property name="Material" value="Mmetal"/>
				<property name="RequiredPower" value="0"/>
				<property name="Group" value="Ltech"/>
				<property class="RepairItems">
					<property name="resourceForgedIron" value="8"/>
					<property name="resourceMechanicalParts" value="1"/>
					<property name="resourceElectricParts" value="1"/>
				</property>
				<property name="DescriptionKey" value="pppdesc"/>
				<property name="EconomicValue" value="1240"/>
			</block>
			<block name="ProPressureplateLong">
				<property name="Extends" value="pressureplateLong"/>
				<property name="MaxDamage" value="6000"/>
				<property name="CustomIcon" value="pressureplateLong"/>
				<property name="CustomIconTint" value="255,255,0"/>
				<property name="TintColor" value="00AAE4"/>
				<property name="ItemTypeIcon" value="computer"/>
				<property name="StabilitySupport" value="true"/>				
				<property name="UnlockedBy" value="PBMT"/>
				<property name="Collide" value="melee"/>
				<property name="RequiredPower" value="0"/>
				<property name="Group" value="Ltech"/>
				<property name="DescriptionKey" value="pppdesc"/>
				<property class="RepairItems">
					<property name="resourceForgedIron" value="40"/>
					<property name="resourceMechanicalParts" value="6"/>
					<property name="resourceElectricParts" value="4"/>
				</property>
				<property name="EconomicValue" value="5240"/>
			</block>
			<block name="Promotionsensor">
				<property name="Extends" value="motionsensor"/>
				<property name="MaxDamage" value="3000"/>
				<property name="CustomIcon" value="motionsensor"/>
				<property name="ItemTypeIcon" value="computer"/>
				<property name="CustomIconTint" value="255,255,0"/>
				<property name="TintColor" value="00AAE4"/>
				<property name="DescriptionKey" value="Promotionsensordesc"/>
				<property name="UnlockedBy" value="PBMT"/>
				<property name="Material" value="Mmetal"/>
				<property name="StabilitySupport" value="false"/>
				<property name="Collide" value="melee"/>
				<property name="RequiredPower" value="1"/>
				<property name="YawRange" value="90"/>
				<property name="PitchRange" value="90"/>
				<property name="Group" value="Ltech"/>
				<property class="RepairItems">
					<property name="resourceForgedIron" value="2"/>
					<property name="resourceElectricParts" value="1"/>
				</property>
				<property name="EconomicValue" value="1350"/>
			</block>
			<block name="proautoTurret">
				<property name="Extends" value="autoTurret"/>
				<property name="CustomIcon" value="autoTurret"/>
				<property name="TintColor" value="00AAE4"/>
				<property name="CustomIconTint" value="255,255,0"/>
				<property name="TintColor" value="255,255,0"/>
				<property name="AmmoItem" value="ammo9mmBulletAP"/>
				<property name="MaxDistance" value="60"/>		
				<property name="EntityDamage" value="65"/>
				<property name="BurstRoundCount" value="20"/>
				<property name="BurstFireRate" value="0.15"/>
				<property name="CooldownTime" value="1"/>
				<property name="OvershootTime" value="0.4"/>
				<property name="EconomicValue" value="10000"/>
				<property name="UnlockedBy" value="PBMT"/>
				<property name="DescriptionKey" value="proturretsdesc"/>
				<property name="RequiredPower" value="5"/>
				<property name="MaxDamage" value="3000"/>
				<property name="Group" value="Ltech"/>
			</block>
			<block name="proshotgunTurret">
				<property name="Extends" value="shotgunTurret"/>
				<property name="CustomIcon" value="shotgunTurret"/>
				<property name="TintColor" value="00AAE4"/>
				<property name="CustomIconTint" value="255,255,0"/>
				<property name="TintColor" value="255,255,0"/>
				<property name="AmmoItem" value="ammoShotgunShell"/>	
				<!--  does not use the damage value  -->
				<property name="MaxDistance" value="30"/>
				<property name="EntityDamage" value="20"/>
				<property name="RayCount" value="8"/>
				<property name="BurstRoundCount" value="4"/>
				<property name="BurstFireRate" value="0.61"/>
				<property name="CooldownTime" value="1"/>
				<property name="OvershootTime" value="0.8"/>				
				<property name="EconomicValue" value="10000"/>				
				<property name="UnlockedBy" value="PBMT"/>
				<property name="DescriptionKey" value="proturretsdesc"/>
				<property name="RequiredPower" value="5"/>
				<property name="MaxDamage" value="3000"/>				
				<property name="Group" value="Ltech"/>
			</block>
		<!-- ▼▲▼▲▼▲▼▲▼▲▼▲▼▲▼▲▼▲▼▲▼▲▼▲▼▲▼▲▼▲▼▲▼▲▼▲▼▲▼▲▼▲▼▲▼▲▼▲▼▲▼▲▼ -->

		<!-- ▼▲▼▲▼▲▼▲▼▲▼▲▼▲▼▲▼▲ Wireless Relays ▼▲▼▲▼▲▼▲▼▲▼▲▼▲▼▲▼▲ -
			<block name="Wireless_Box1">
				<property name="Extends" value="corrugatedMetalNoUpgradeMaster"/>
				<property name="CreativeMode" value="Player"/>
				<property name="Class" value="Powered"/>
				<property name="Material" value="Mmetal_weak"/>
				<property name="StabilitySupport" value="false"/>
				<property name="DisplayType" value="blockElectrical"/>
				<property name="Shape" value="Ext3dModel"/>
				<property name="Mesh" value="models"/>
				<property name="Model" value="Industrial/fusebox" param1="main_mesh"/>
				<property name="RequiredPower" value="0"/>
				<property name="Group" value="Science"/>
				<property name="TakeDelay" value="5"/>
				<property name="Texture" value="293"/>
				<property name="UnlockedBy" value="PBMT"/>
				<property name="HandleFace" value="South"/>
				<property name="LightOpacity" value="0"/>
				<property name="Collide" value="movement,melee,bullet,arrow,rocket"/>
				<property class="RepairItems">
					<property name="resourceForgedIron" value="1"/>
				</property>
				<drop event="Harvest" name="terrStone" count="0" tool_category="Disassemble"/>
				<drop event="Harvest" name="resourceElectricParts" count="1" prob="0.2" tag="salvageHarvest"/>
				<drop event="Destroy" name="resourceScrapIron" count="1,5" prob="1"/>
				<drop event="Fall" name="scrapMetalPile" count="1" prob="0.75" stick_chance="1"/>
				<property name="EconomicValue" value="28"/>
				
				<property name="FilterTags" value="fdecor,felectrical"/>
				<property name="SortOrder1" value="70a0"/>
				<property name="CustomIcon" value="fusebox"/>
			</block>
			<block name="Wireless_Box2">
				<property name="Extends" value="corrugatedMetalNoUpgradeMaster"/>
				<property name="CreativeMode" value="Player"/>
				<property name="Class" value="Powered"/>
				<property name="Material" value="Mmetal_weak"/>
				<property name="StabilitySupport" value="false"/>
				<property name="DisplayType" value="blockElectrical"/>
				<property name="Shape" value="Ext3dModel"/>
				<property name="Mesh" value="models"/>
				<property name="Model" value="Industrial/electrical_box01" param1="main_mesh"/>
				<property name="RequiredPower" value="0"/>
				<property name="Group" value="Science"/>
				<property name="TakeDelay" value="5"/>
				<property name="Texture" value="293"/>
				<property name="UnlockedBy" value="PBMT"/>
				<property name="HandleFace" value="South"/>
				<property name="LightOpacity" value="0"/>
				<property name="Collide" value="movement,melee,bullet,arrow,rocket"/>
				<property class="RepairItems">
					<property name="resourceForgedIron" value="1"/>
				</property>
				<drop event="Harvest" name="terrStone" count="0" tool_category="Disassemble"/>
				<drop event="Harvest" name="resourceElectricParts" count="1" prob="0.2" tag="salvageHarvest"/>
				<drop event="Destroy" name="resourceScrapIron" count="1,5" prob="1"/>
				<drop event="Fall" name="scrapMetalPile" count="1" prob="0.75" stick_chance="1"/>
				<property name="EconomicValue" value="28"/>
				
				<property name="FilterTags" value="fdecor,felectrical"/>
				<property name="SortOrder1" value="70a0"/>
				<property name="CustomIcon" value="fusebox"/>
			</block>
			-->
			<block name="Wireless_Block">
				<property name="Class" value="ElectricWire"/>
				<property name="Material" value="Mmetal"/>
				<property name="MaxDamage" value="1000"/>
				<property name="StabilitySupport" value="true"/>
				<property name="CustomIcon" value="bridgeMetalRivetBlock"/>
				<property name="ImposterDontBlock" value="true"/>
				<property name="Collide" value="movement,melee,bullet,arrow,rocket"/>
				<property name="IsTerrainDecoration" value="true"/>
				<property name="Stacknumber" value="10"/>
				<property name="Shape" value="New"/>
				<property name="Texture" value="46"/>
				<property name="Model" value="cube"/>
				<property name="UnlockedBy" value="PBMT"/>
				<property name="Tags" value="noblocks"/>	
				<property name="RequiredPower" value="0"/>
				<property name="Group" value="Building"/>
				<property name="DamageReceived" value="0.5"/>
				<property name="FilterTags" value="fdecor,fother,felectrical"/>
				<property name="SortOrder1" value="70e0"/>
				<property class="RepairItems">
					<property name="resourceScrapIron" value="8"/>
				</property>
				<drop event="Harvest" name="terrStone" count="0" tool_category="Disassemble"/>
				<drop event="Harvest" name="resourceMechanicalParts" count="1,3" tag="salvageHarvest"/>
				<drop event="Harvest" name="resourceScrapIron" count="4,8" tag="salvageHarvest"/>
				<drop event="Destroy" name="resourceScrapIron" count="4,8" prob="1"/>
				<drop event="Fall" name="scrapMetalPile" count="1" prob="0.75" stick_chance="1"/>
				<property class="UpgradeBlock">
					<property name="ToBlock" value="Wireless_BlockR"/>
					<property name="Item" value="resourceForgedSteel"/>
					<property name="ItemCount" value="20"/>
					<property name="UpgradeHitCount" value="4"/>
				</property>
			</block>
			<block name="Wireless_BlockR">
				<property name="Class" value="ElectricWire"/>
				<property name="Material" value="Mmetal"/>
				<property name="MaxDamage" value="4000"/>
				<property name="CustomIconTint" value="100,100,100"/>
				<property name="StabilitySupport" value="true"/>
				<property name="CustomIcon" value="bridgeMetalRivetBlock"/>
				<property name="ImposterDontBlock" value="true"/>
				<property name="Collide" value="movement,melee,bullet,arrow,rocket"/>
				<property name="IsTerrainDecoration" value="true"/>
				<property name="Stacknumber" value="10"/>
				<property name="Shape" value="New"/>
				<property name="Tags" value="noblocks"/>
				<property name="UnlockedBy" value="PBMT"/>
				<property name="Texture" value="191"/>
				<property name="Model" value="cube"/>
				<property name="RequiredPower" value="0"/>
				<property name="Group" value="Building"/>
				<property name="DamageReceived" value="0.5"/>
				<property name="FilterTags" value="fdecor,fother,felectrical"/>
				<property name="SortOrder1" value="70e0"/>
				<property class="RepairItems">
					<property name="resourceForgedSteel" value="10"/>
				</property>
				<drop event="Harvest" name="terrStone" count="0" tool_category="Disassemble"/>
				<drop event="Harvest" name="resourceMechanicalParts" count="1,3" tag="salvageHarvest"/>
				<drop event="Harvest" name="resourceForgedSteel" count="8,16" tag="salvageHarvest"/>
				<drop event="Destroy" name="resourceForgedSteel" count="4,8" prob="1"/>
				<drop event="Fall" name="scrapMetalPile" count="1" prob="0.75" stick_chance="1"/>
			</block>
		<!-- ▼▲▼▲▼▲▼▲▼▲▼▲▼▲▼▲▼▲▼▲▼▲▼▲▼▲▼▲▼▲▼▲▼▲▼▲▼▲▼▲▼▲▼▲▼▲▼▲▼▲▼▲▼ -->

		<!-- ▼▲▼▲▼▲▼▲▼▲▼▲▼▲▼▲▼▲  NEW Bullet Proof Glass ▼▲▼▲▼▲▼▲▼▲▼▲▼▲▼▲▼▲ -->
			<block name="glassBulletproofDplate">
				<property name="Extends" value="glassBulletproofMaster"/>
				<property name="Model" value="plate_corner"/>
				<property name="ImposterExchange" value="imposterBlock" param1="170"/>
				<property name="CustomIconTint" value="B2FFFF"/>
				<property name="CustomIcon" value="shapePlateCorner"/>
			</block>
			<block name="glassBulletproofInvblock">
				<property name="Extends" value="glassBulletproofMaster"/>
				<property name="Model" value="cube_glass"/>
				<property name="Texture" value="285"/>
				<property name="CustomIcon" value="glassBusinessBlock"/>
				<property name="ImposterExchange" value="imposterBlock" param1="170"/>
				<property name="CustomIconTint" value="B2FFFF"/>
			</block>
			<block name="glassBulletproofInvplated">
				<property name="Extends" value="glassBulletproofMaster"/>
				<property name="Model" value="billboard"/>
				<property name="Texture" value="285"/>
				<property name="CustomIconTint" value="B2FFFF"/>
				<property name="CustomIcon" value="corrugatedMetal2PlateCorner"/>
				<property name="ImposterExchange" value="imposterBlock" param1="170"/>
				<property name="CustomIconTint" value="B2FFFF"/>
				<property name="CustomIcon" value="glassBusinessSheet"/>
			</block>
			<block name="glassBulletproofInvplate">
				<property name="Extends" value="glassBulletproofMaster"/>
				<property name="Model" value="plate"/>
				<property name="Texture" value="285"/>
				<property name="CustomIcon" value="glassBulletproofPlate"/>
				<property name="ImposterExchange" value="imposterBlock" param1="170"/>
				<property name="CustomIconTint" value="B2FFFF"/>

			</block>
			<block name="glassBulletprooroundplate">
				<property name="Extends" value="glassBulletproofMaster"/>
				<property name="Model" value="corner_round_plate"/>
				<property name="Texture" value="285"/>
				<property name="CustomIconTint" value="B2FFFF"/>
				<property name="CustomIcon" value="glassBulletproofPlate"/>
				<property name="ImposterExchange" value="imposterBlock" param1="170"/>
			</block>
		<!-- ▼▲▼▲▼▲▼▲▼▲▼▲▼▲▼▲▼▲▼▲▼▲▼▲▼▲▼▲▼▲▼▲▼▲▼▲▼▲▼▲▼▲▼▲▼▲▼▲▼▲▼▲▼▲▼▲▼▲▼▲▼ -->

		<!-- ▼▲▼▲▼▲▼▲▼▲▼▲▼▲▼▲▼▲  NEW Blocks ▼▲▼▲▼▲▼▲▼▲▼▲▼▲▼▲▼▲ -->
			<block name="woodBarsCentered">
				<property name="Extends" value="woodNoUpgradeMaster"/>
				<property name="Texture" value="84"/>
				<property name="CustomIcon" value="ironBarsCentered"/>
				<property name="CustomIconTint" value="795C34"/>
				<property name="MaxDamage" value="500"/>
				<property name="Shape" value="New"/>
				<property name="LightOpacity" value="0"/>
				<property name="Model" value="iron_bars_centered"/>
				<property name="UseGlobalUV" value="Local"/>
				<property name="ImposterExcludeAndStop" value="true"/>
				<property name="AllowAllRotations" value="true"/>
				<property name="Place" value="TowardsPlacer"/>
				<property name="Collide" value="movement,melee,rocket"/>
				<!-- -rocket -->
				<property class="RepairItems">
					<property name="resourceWood" value="4"/>
				</property>
				<property name="DescriptionKey" value="woodBarsDesc"/>
				<property name="FilterTags" value="fdecor,fother,fwindows,fdoors"/>
				<property name="Group" value="Building,advBuilding"/>
				<property class="UpgradeBlock">
					<property name="ToBlock" value="ironBarsCentered"/>
					<property name="Item" value="resourceForgedIron"/>
					<property name="ItemCount" value="10"/>
					<property name="UpgradeHitCount" value="4"/>
				</property>
			</block>
			<block name="woodBars">
				<property name="Extends" value="woodBarsCentered"/>
				<property name="CustomIcon" value="ironBarsCentered"/>
				<property name="Model" value="iron_bars"/>
				<property name="Place" value="TowardsPlacerInverted"/>
				<property class="UpgradeBlock">
					<property name="ToBlock" value="ironBars"/>
				</property>
			</block>
			<block name="woodBarsCNR">
				<property name="Extends" value="woodBarsCentered"/>
				<property name="CustomIcon" value="ironBarsCNR"/>
				<property name="Model" value="iron_bars_corner"/>
				<property name="Place" value="TowardsPlacerInverted"/>
			</block>
			
			<block name="steelBarsCentered">
				<property name="CustomIcon" value="ironBarsCentered"/>
				<property name="CustomIconTint" value="434B4D"/>
				<property name="DisplayType" value="blockHardened"/>
				<property name="Material" value="Msteel_shapes"/>
				<property name="Shape" value="New"/>
				<property name="LightOpacity" value="0"/>
				<property name="Model" value="iron_bars_centered"/>
				<property name="Texture" value="191"/>
				<property name="UseGlobalUV" value="Local"/>
				<property name="ImposterExcludeAndStop" value="true"/>
				<property name="Place" value="TowardsPlacer"/>
				<property name="AllowAllRotations" value="true"/>
				<property name="Collide" value="movement,melee,rocket"/>
				<!--  -rocket  -->
				<property class="RepairItems">
					<property name="resourceForgedSteel" value="10"/>
				</property>
				<drop event="Harvest" name="resourceScrapIron" count="96" tag="allHarvest"/>
				<drop event="Destroy" count="0"/>
				<drop event="Fall" name="scrapMetalPile" count="1" prob="0.75" stick_chance="1"/>
				<property name="Group" value="Building,advBuilding"/>
				<property name="EconomicValue" value="10"/>
				<property name="DescriptionKey" value="ironBarsDesc"/>
				<property name="FilterTags" value="fdecor,fother,fwindows,fdoors"/>
				<!--  SortDoors  -->
			</block>
			<block name="steelBars">
				<property name="CustomIconTint" value="434B4D"/>
				<property name="Extends" value="steelBarsCentered"/>
				<property name="CustomIcon" value="ironBarsCentered"/>
				<property name="Model" value="iron_bars"/>
				<property name="Place" value="TowardsPlacerInverted"/>

				<!--  SortDoors  -->
			</block>
			<block name="steelBarsCNR">
				<property name="Extends" value="steelBarsCentered"/>
				<property name="CustomIcon" value="ironBarsCNR"/>
				<property name="CustomIconTint" value="434B4D"/>
				<property name="Model" value="iron_bars_corner"/>
				<property name="Place" value="TowardsPlacerInverted"/>
				<!--  SortDoors  -->
			</block>
			
			<block name="woodRailing22">
				<property name="CustomIcon" value="metalRailing"/>
				<property name="CustomIconTint" value="795C34"/>
				<property name="Extends" value="woodBarsCentered"/>
				<property name="LightOpacity" value="0"/>
				<property name="Model" value="metal_rail"/>
				<property name="Collide" value="movement,melee,rocket"/>
				<property name="SortOrder2" value="0690"/>
				<property name="ImposterExclude" value="true"/>
				<property name="FuelValue" value="150"/>
				<property name="Texture" value="241"/>
				<property class="RepairItems">
					<property name="resourceWood" value="3"/>
				</property>
				<property class="UpgradeBlock">
					<property name="ToBlock" value="metalRailing22"/>

				</property>
				<property name="EconomicValue" value="5"/>
				<property name="EconomicBundleSize" value="20"/>
				<property name="FilterTags" value="fbuilding,fwood,fdecor,fother"/>
				<drop event="Fall" count="0" prob="0"/>
				<property name="Group" value="Building,advBuilding"/>
			</block>
			<block name="woodRailingDiagonalThin2">
				<property name="Extends" value="woodBarsCentered"/>
				<property name="CustomIcon" value="metalRailingDiagonal"/>
				<property name="CustomIconTint" value="CF7F29"/>
				<property name="Model" value="metal_rail_diagonal"/>
				<property class="UpgradeBlock">
					<property name="ToBlock" value="ironRailingDiagonalThin2"/>
				</property>
			</block>
			<block name="woodRailingCNR22">
				<property name="CustomIcon" value="metalRailingCNR"/>
				<property name="CustomIconTint" value="795C34"/>
				<property name="Extends" value="woodBarsCentered"/>
				<property name="LightOpacity" value="0"/>
				<property name="Model" value="rail_metal_corner"/>
				<property name="Collide" value="movement,melee,rocket"/>
				<property name="SortOrder2" value="0690"/>
				<property name="ImposterExclude" value="true"/>
				<property name="FuelValue" value="150"/>
				<property name="Texture" value="241"/>
				<property class="RepairItems">
					<property name="resourceWood" value="3"/>
				</property>
				<property class="UpgradeBlock">
					<property name="ToBlock" value="metalRailingCNR22"/>

				</property>
				<property name="EconomicValue" value="5"/>
				<property name="EconomicBundleSize" value="20"/>
				<property name="FilterTags" value="fbuilding,fwood,fdecor,fother"/>
				<drop event="Fall" count="0" prob="0"/>
				<property name="Group" value="Building,advBuilding"/>
			</block>
			<block name="metalRailing22">
				<property name="CustomIcon" value="metalRailing"/>
				<property name="CustomIconTint" value="9C8867"/>
				<property name="Extends" value="ironBarsCentered"/>
				<property name="Model" value="metal_rail"/>
				<property class="UpgradeBlock">
					<property name="ToBlock" value="steelRailing22"/>
				</property>
			</block>
			<block name="metalRailingCNR22">
				<property name="CustomIcon" value="metalRailingCNR"/>
				<property name="CustomIconTint" value="9C8867"/>
				<property name="Extends" value="ironBarsCentered"/>
				<property name="Model" value="rail_metal_corner"/>
				<property class="UpgradeBlock">
					<property name="ToBlock" value="steelRailingCNR22"/>
				</property>
			</block>
			<block name="ironRailingDiagonalThin2">
				<property name="Extends" value="ironBarsCentered"/>
				<property name="CustomIcon" value="metalRailingDiagonal"/>
				<property name="CustomIconTint" value="652A0E"/>
				<property name="Model" value="metal_rail_diagonal"/>
				<property class="UpgradeBlock">
					<property name="ToBlock" value="steelRailingDiagonalThin2"/>
				</property>
			</block>

			<block name="steelRailing22">
				<property name="CustomIcon" value="metalRailing"/>
				<property name="CustomIconTint" value="434B4D"/>
				<property name="Extends" value="steelBarsCentered"/>
				<property name="Model" value="metal_rail"/>
				<property name="LightOpacity" value="0"/>
				<property name="ImposterExclude" value="true"/>
			</block>
			<block name="steelRailingCNR22">
				<property name="CustomIcon" value="metalRailingCNR"/>
				<property name="CustomIconTint" value="434B4D"/>
				<property name="Extends" value="steelBarsCentered"/>
				<property name="Model" value="rail_metal_corner"/>
			</block>
			<block name="steelRailingDiagonalThin2">
				<property name="Extends" value="steelBarsCentered"/>
				<property name="CustomIcon" value="metalRailingDiagonal"/>
				<property name="CustomIconTint" value="434B4D"/>
				<property name="Model" value="metal_rail_diagonal"/>
			</block>
			
			<block name="steelSheet">
				<property name="CustomIcon" value="glassBusinessSheet"/>
				<property name="CustomIconTint" value="434B4D"/>
				<property name="DisplayType" value="blockHardened"/>
				<property name="DescriptionKey" value="scrapIronGroupDesc"/>
				<property name="Material" value="Msteel"/>
				<property name="Shape" value="New"/>
				<property name="Model" value="billboard"/>
				<!-- <property name="HandleFace" value="South"/> -->
				<property name="SortOrder2" value="0181"/>
				<!-- SortShape -->
				<property name="SortOrder1" value="40e0"/>
				<property name="Place" value="TowardsPlacerInverted"/>
				<!--<property name="Texture" value="62"/>-->
				<property name="Texture" value="191"/>
				<property class="RepairItems">
					<property name="resourceForgedSteel" value="10"/>
				</property>
				<drop event="Destroy" name="resourceScrapIron" count="50,90"/>
			</block>
		<!-- ▼▲▼▲▼▲▼▲▼▲▼▲▼▲▼▲▼▲▼▲▼▲▼▲▼▲▼▲▼▲▼▲▼▲▼▲▼▲▼▲▼▲▼▲▼▲▼▲▼▲▼▲▼▲▼▲▼▲▼▲▼ -->	

		<!-- ▼▲▼▲▼▲▼▲▼▲▼▲▼▲▼▲▼▲  NEW VARIANTS ▼▲▼▲▼▲▼▲▼▲▼▲▼▲▼▲▼▲ 
			<block name="woodBarsVariantHelper">
				<property name="Extends" value="woodBarsCentered"/>
				<property name="CustomIconTint" value="795C34"/>
				<property name="CustomIcon" value="ironBarsCentered"/>
				<property name="DescriptionKey" value="blockVariantHelperGroupDesc"/>
				<property name="ItemTypeIcon" value="all_blocks"/>
				<property name="SelectAlternates" value="true"/>
				<property name="PlaceAltBlockValue" value="woodBarsCentered,woodBarsCentered,woodBarsCNR,woodRailing22,woodRailingCNR22,woodRailingDiagonalThin2"/>
				<property name="Group" value="Basics,Building,advBuilding"/>
				<property name="PickupJournalEntry" value="shapeMenuTip"/>
				<property name="AllowAllRotations" value="true"/>
				<property name="CustomIconTint" value="795C34"/>
			</block>
			<block name="ironBarsVariantHelper">
				<property name="Extends" value="woodFrameBlock"/>
				<property name="CustomIcon" value="ironBarsCentered"/>
				<property name="CustomIconTint" value="652A0E"/>
				<property name="CreativeMode" value="Player"/>
				<property name="DescriptionKey" value="blockVariantHelperGroupDesc"/>
				<property name="ItemTypeIcon" value="all_blocks"/>
				<property name="SelectAlternates" value="true"/>
				<property name="PlaceAltBlockValue" value="ironBarsCentered,ironBars,ironBarsCNR,metalRailing22,metalRailingCNR22,ironRailingDiagonalThin2"/>
				<property name="Group" value="Basics,Building,advBuilding"/>
				<property name="PickupJournalEntry" value="shapeMenuTip"/>
				<property name="AllowAllRotations" value="true"/>
			</block>
			<block name="steelBarsVariantHelper">
				<property name="Extends" value="woodFrameBlock"/>
				<property name="CustomIcon" value="ironBarsCentered"/>
				<property name="CustomIconTint" value="434B4D"/>
				<property name="CreativeMode" value="Player"/>
				<property name="DescriptionKey" value="blockVariantHelperGroupDesc"/>
				<property name="ItemTypeIcon" value="all_blocks"/>
				<property name="SelectAlternates" value="true"/>
				<property name="PlaceAltBlockValue" value="steelBarsCentered,steelBars,jailBars,steelBarsCNR,steelRailing22,steelRailingCNR22,steelRailingDiagonalThin2"/>
				
				<property name="Group" value="Basics,Building,advBuilding"/>
				<property name="PickupJournalEntry" value="shapeMenuTip"/>
				<property name="AllowAllRotations" value="true"/>
			</block>
			
			-->
			<block name="stainlesSteelShapes" shapes="All">
                <property name="DescriptionKey" value="steelBlockGroupDesc"/>            
                <property name="DisplayType" value="blockHardened"/>
                <property name="Material" value="MstainlessSteel"/>
				<property name="Tags" value="noblocks"/>
				<property name="Tags" value="blocks"/>
                <property name="Shape" value="New"/>
                <property name="Texture" value="62"/>
                <property name="UiBackgroundTexture" value="62"/>   
                <drop event="Destroy" count="0"/>
                <drop event="Fall" name="scrapMetalPile" count="1" prob="0.75" stick_chance="1"/>
                <property name="UpgradeSound" value="place_block_metal"/>
                <property name="SortOrder1" value="S040"/>              
                <property name="Group" value="Building,advBuilding"/>
                <property name="FilterTags" value="MC_Shapes"/>
                <property class="RepairItems">
					<property name="resourceSteelPolishR" value="4"/>
				</property>
			</block>
		<!-- ▼▲▼▲▼▲▼▲▼▲▼▲▼▲▼▲▼▲▼▲▼▲▼▲▼▲▼▲▼▲▼▲▼▲▼▲▼▲▼▲▼▲▼▲▼▲▼▲▼▲▼▲▼▲▼▲▼▲▼▲▼ -->		
	</append>
	<!-- ▼▲▼▲▼▲▼▲▼▲▼▲▼▲▼▲▼▲  Add blocks upgrade to steel ▼▲▼▲▼▲▼▲▼▲▼▲▼▲▼▲▼▲ -->	
		<append xpath="/blocks/block[@name='metalRivetSheet']">
			<property name="CustomIconTint" value="652A0E"/>
			<property class="UpgradeBlock">
				<property name="ToBlock" value="steelSheet"/>
				<property name="Item" value="resourceForgedSteel"/>
				<property name="ItemCount" value="10"/>
				<property name="UpgradeHitCount" value="4"/>
			</property>
		</append>
		<append xpath="/blocks/block[@name='ironBarsCentered']">
		<!--<property name="CustomIconTint" value="652A0E"/>-->
		<property class="UpgradeBlock">
			<property name="ToBlock" value="steelShapes:barsCentered"/>
			<property name="Item" value="resourceForgedSteel"/>
			<property name="ItemCount" value="15"/>
			<property name="UpgradeHitCount" value="4"/>
		</property>
		</append>
		<append xpath="/blocks/block[@name='ironBars']">
			<property class="UpgradeBlock">
				<property name="ToBlock" value="steelBars"/>
				<property name="Item" value="resourceForgedSteel"/>
				<property name="ItemCount" value="10"/>
				<property name="UpgradeHitCount" value="4"/>
			</property>
		</append>
		<append xpath="/blocks/block[@name='ironBarsCNR']">
			<property class="UpgradeBlock">
				<property name="ToBlock" value="steelBarsCNR"/>
				<property name="Item" value="resourceForgedSteel"/>
				<property name="ItemCount" value="10"/>
				<property name="UpgradeHitCount" value="4"/>
			</property>
		</append>
	<!-- ▼▲▼▲▼▲▼▲▼▲▼▲▼▲▼▲▼▲  Steel shapes upgrade to Stainless Steel ▼▲▼▲▼▲▼▲▼▲▼▲▼▲▼▲▼▲ -->	
		<append xpath="/blocks/block[@name='steelShapes']">
			<property class="UpgradeBlock">
				<property name="ToBlock" value="stainlesSteelShapes"/>
				<property name="Item" value="resourceSteelPolishR"/>
				<property name="ItemCount" value="10"/>
				<property name="UpgradeHitCount" value="4"/>
			</property>
		</append>	
	<!-- ▼▲▼▲▼▲▼▲▼▲▼▲▼▲▼▲▼▲  BookSelf Protection ▼▲▼▲▼▲▼▲▼▲▼▲▼▲▼▲▼▲ -->
		<append xpath="/blocks/block[starts-with(@name,'cntBook')]">
			<property name="Collide" value="movement,melee"/>
			<property name="MaxDamage" value="1000"/>
		</append>
	<!--▼▲▼▲▼▲▼▲▼▲▼▲▼▲▼▲▼▲▼▲▼▲▼▲▼▲▼▲▼▲▼▲▼▲▼▲▼▲▼▲▼▲▼▲▼▲▼▲▼▲▼-->
	<!-- ▼▲▼▲▼▲▼▲▼▲▼▲▼▲▼▲▼▲  Dew collector balance ▼▲▼▲▼▲▼▲▼▲▼▲▼▲▼▲▼▲ -->
	<append xpath="/blocks/block[@name='cntDewCollector']">	
		<property name="ConvertToItem" value="murkWaterBundle"/>
		<property name="ModdedConvertToItem" value="waterBundle" />
		<property name="HeatMapStrength" value="1"/>
		<property class="UpgradeBlock">
            <property name="ToBlock" value="woodMaster"/>
            <property name="Item" value="CD"/>
            <property name="ItemCount" value="1"/>
            <property name="UpgradeHitCount" value="1"/>
        </property>
	</append>
<!--▼▲▼▲▼▲▼▲▼▲▼▲▼▲▼▲▼▲▼▲▼▲▼▲▼▲▼▲▼▲▼▲▼▲▼▲▼▲▼▲▼▲▼▲▼▲▼▲▼▲▼-->


	<!-- ▼▲▼▲▼▲▼▲▼▲▼▲▼▲▼▲▼▲  NOT USED ANYMORE ▼▲▼▲▼▲▼▲▼▲▼▲▼▲▼▲▼▲ -->
		<!--
		<append xpath="/blocks/block[@name='cntBookcaseEmpty']">
			<property name="Collide" value="melee"/>
			<property name="MaxDamage" value="1000"/>
		</append>
		<append xpath="/blocks/block[@name='cntBookcaseFull']">
			<property name="Collide" value="melee"/>
			<property name="MaxDamage" value="1000"/>
		</append>
		<append xpath="/blocks/block[@name='cntBookShelfSingleBottomFull01']">
			<property name="Collide" value="melee"/>
			<property name="MaxDamage" value="1000"/>
		</append>
		//////////////////Traders//////////////////			
			<block name="PTrader1">
				<property name="Extends" value="cntVendingMachine2Broken"/>
				<property name="CreativeMode" value="Player"/>
				<property name="Stacknumber" value="1"/>
				<property name="Shape" value="Ext3dModel"/>
				<property name="Mesh" value="models"/>
				<property name="Model" value="Furniture/tv" param1="main_mesh"/>
				<property name="ItemTypeIcon" value="star"/>
				<property name="Class" value="VendingMachine"/>
				<property name="CustomIcon" value="tv"/>
				<property name="Collide" value="movement,melee"/>
				<property name="MultiBlockDim" value="1,1,1"/>
				<property name="MaxDamage" value="30000"/>
				<property name="TraderID" value="1"/>
				<property name="DescriptionKey" value="PTraDesc"/>
				<property class="RepairItems">
					<property name="resourceRockSmall" value="1"/>
					<property name="resourceForgedSteel" value="0"/>
				</property>
				<drop event="Harvest" name="terrStone" count="0" tool_category="Disassemble"/>
				<drop event="Harvest" name="resourceElectricParts" count="0" tag="salvageHarvest"/>
				<drop event="Harvest" name="resourceMechanicalParts" count="0" tag="salvageHarvest"/>
				<drop event="Harvest" name="resourceForgedIron" count="0" tag="salvageHarvest"/>
				<drop event="Harvest" name="resourceForgedSteel" count="0" tag="salvageHarvest"/>
				<drop event="Harvest" name="resourceScrapPolymers" count="0" tag="allHarvest"/>
				<drop event="Harvest" name="resourceSpring" count="0" tag="allHarvest"/>
				<drop event="Destroy" name="resourceScrapIron" count="0"/>
			</block>			
			<block name="PTrader2">
				<property name="Extends" value="PTrader1"/>
				<property name="CustomIcon" value="tv"/>
				<property name="TraderID" value="2"/>
			</block>
			<block name="PTrader3">
				<property name="Extends" value="PTrader1"/>
				<property name="CustomIcon" value="tv"/>
				<property name="TraderID" value="6"/>
			</block>
			<block name="PTrader4">
				<property name="Extends" value="PTrader1"/>
				<property name="CustomIcon" value="tv"/>
				<property name="TraderID" value="7"/>
			</block>
			<block name="PTrader5">
				<property name="Extends" value="PTrader1"/>
				<property name="CustomIcon" value="tv"/>
				<property name="TraderID" value="8"/>
			</block>			
		//////////////////END//////////////////
		-->
	<!--▼▲▼▲▼▲▼▲▼▲▼▲▼▲▼▲▼▲▼▲▼▲▼▲▼▲▼▲▼▲▼▲▼▲▼▲▼▲▼▲▼▲▼▲▼▲▼▲▼▲▼-->
</MalenEI>