<MalenEI>
    <append xpath="/ui_display_info/item_display">
        <!-- Divine water -->
        <item_display_info display_type="divinewater" display_group="groupConsumables">
            <display_entry name="CURAA" title_key="HP/ST/HEALT" display_type="Percent" display_leading_plus="true"/>
            <display_entry name="POWAA" title_key="DF" display_type="Time"/>
            <display_entry name="WAA" title_key="DivDesc" display_type="Time"/>
            <display_entry name="VELOO" title_key="DV" display_type="Time"/>
            <display_entry name="WAA" title_key="DivDesc2" display_type="Time"/>
            <display_entry name="DEFEE" title_key="DP" display_type="Time"/>
            <display_entry name="WAA" title_key="DivDesc3" display_type="Time"/>
        </item_display_info>
        <!-- Lentes legendarios -->
        <item_display_info display_type="LLD" display_group="groupConsumables">
            <display_entry name="LDatt" title_key="AAP1" display_leading_plus="true"/>
            <display_entry name="dTreasureBlocksPerReduction" title_key="statTreasureRadius" display_leading_plus="true" negative_preferred="true"/>
            <display_entry name="LootGamestage" title_key="statLootGamestage" display_leading_plus="true"/>
            <display_entry name="dCraftingTime" title_key="statCraftingTime" display_type="Percent" display_leading_plus="true" negative_preferred="true"/>
            <display_entry name="dPlayerExpGain" title_key="statShowPlayerExpGain" display_type="Percent" display_leading_plus="true"/>
        </item_display_info>
        <item_display_info display_type="LLD2" display_group="groupConsumables">
            <display_entry name="LDatt" title_key="AAP1" display_leading_plus="true"/>
            <display_entry name="dTreasureBlocksPerReduction" title_key="statTreasureRadius" display_leading_plus="true" negative_preferred="true"/>
            <display_entry name="LootGamestage" title_key="statLootGamestage" display_leading_plus="true"/>
            <display_entry name="dCraftingTime" title_key="statCraftingTime" display_type="Percent" display_leading_plus="true" negative_preferred="true"/>
            <display_entry name="dPlayerExpGain" title_key="statShowPlayerExpGain" display_type="Percent" display_leading_plus="true"/>
            <display_entry name="LLDL" title_key="LDL" display_type="Time"/>
        </item_display_info>  
        <!-- Newcome -->
        <item_display_info display_type="NewCGun" display_group="groupRanged">
            <display_entry name="EntityDamage" title_key="statEntityDamageRanged" tags="perkGunslinger,revolver,perkBoomstick,perkDeadEye,perkMachineGunner,perkBookAutoWeapons,perkTurrets,perkArchery,admin"/>
            <display_entry name="dBlockRepairAmount" title_key="statBlockRepairAmount"/>
            <display_entry name="MagazineSize" title_key="statMagazineSize" tags="perkGunslinger,perkBoomstick,perkDeadEye,perkMachineGunner,perkBookAutoWeapons,perkTurrets,perkArchery,admin"/>
            <display_entry name="DamageFalloffRange" title_key="statDamageFalloffRange" tags="perkGunslinger,perkBoomstick,perkDeadEye,perkMachineGunner,perkBookAutoWeapons,perkTurrets,perkArchery,admin"/>
            <display_entry name="RoundsPerMinute" title_key="statRoundsPerMinute" tags="perkGunslinger,perkBoomstick,perkDeadEye,perkMachineGunner,perkBookAutoWeapons,perkTurrets,perkArchery,admin"/>
            <!--  <display_entry name="WeaponHandling" title_key="statWeaponHandling" display_type="Percent" show_inverted="true"/>  -->
            <display_entry name="dPlayerExpGain" title_key="statShowPlayerExpGain" display_type="Percent" display_leading_plus="true"/>
            <display_entry name="DegradationMax" title_key="statDegradationMax" tags="perkGunslinger,perkBoomstick,perkDeadEye,perkMachineGunner,perkBookAutoWeapons,perkTurrets,perkArchery,admin"/>
        </item_display_info>      
        <!-- One shot -->
        <item_display_info display_type="oneShotDisp" display_group="groupRanged">
            <display_entry name="EntityDamage" title_key="statEntityDamageRanged" tags="perkGunslinger,revolver,perkBoomstick,perkDeadEye,perkMachineGunner,perkBookAutoWeapons,perkTurrets,perkArchery,admin"/>
            <display_entry name="MagazineSize" title_key="statMagazineSize" tags="perkGunslinger,perkBoomstick,perkDeadEye,perkMachineGunner,perkBookAutoWeapons,perkTurrets,perkArchery,admin"/>
            <display_entry name="RoundsPerMinute" title_key="statRoundsPerMinute" tags="perkGunslinger,perkBoomstick,perkDeadEye,perkMachineGunner,perkBookAutoWeapons,perkTurrets,perkArchery,admin"/>
            <display_entry name="DamageFalloffRange" title_key="statDamageFalloffRange" tags="perkGunslinger,perkBoomstick,perkDeadEye,perkMachineGunner,perkBookAutoWeapons,perkTurrets,perkArchery,admin"/>
            <display_entry name="dEntityDamageSneak" title_key="statEntityDamageSneak" display_type="Percent" display_leading_plus="true"/>
            <display_entry name="DegradationMax" title_key="statDegradationMax" tags="perkGunslinger,perkBoomstick,perkDeadEye,perkMachineGunner,perkBookAutoWeapons,perkTurrets,perkArchery,admin"/>
        </item_display_info>
        <item_display_info display_type="legendNailgun" display_group="groupMelee">
            <display_entry name="EntityDamage" title_key="statEntityDamageMelee" tags="perkMiner69r"/>
            <display_entry name="dBlockRepairAmount" title_key="statBlockRepairAmount"/>
            <display_entry name="BlockDamage" title_key="statBlockDamage" tags="perkMiner69r"/>
            <display_entry name="DamageFalloffRange" title_key="statDamageFalloffRange" tags="perkMiner69r"/>
            <display_entry name="RoundsPerMinute" title_key="statAttacksPerMinute" tags="perkMiner69r"/>
            <display_entry name="dPlayerExpGain" title_key="statShowPlayerExpGain" display_type="Percent" display_leading_plus="true"/>
            <display_entry name="DegradationMax" title_key="statDegradationMax" tags="nailgun,admin"/>
        </item_display_info>
        <!-- Unique armors -->
        <item_display_info display_type="uniqueArmorHeavy" display_group="groupAttire" >
			<display_entry name="PhysicalDamageResist" display_type="Decimal1" title_key="statPhysicalDamageResistHeavy"/>
			<display_entry name="ElementalDamageResist" display_type="Decimal1" title_key="statExplosionResistance" tags="heat,electrical"/> 
			<display_entry name="BuffResistance" title_key="statBuffResistance" display_type="Percent" tags="buffFatiguedTrigger,buffArmSprainedCHTrigger,buffLegSprainedCHTrigger,buffLaceration,buffInfectionCatch,buffInjuryStunned01CHTrigger" show_inverted="true"/>
			<display_entry name="dPercDef" title_key="uniqueSwatkey" display_type="Percent" display_leading_plus="true" negative_preferred="true"/>
            <display_entry name="dStaminaChangeOT" title_key="statStaminaChangeOT" display_type="Decimal2"/>
			<display_entry name="Mobility" title_key="statMobility" display_type="Percent" show_inverted="true" negative_preferred="false"/>
			<display_entry name="dNoiseMultiplier" title_key="statNoiseIncrease" display_type="Percent" show_inverted="false" negative_preferred="true"/>
		</item_display_info>
        <item_display_info display_type="uniqueArmorLight" display_group="groupAttire" >
			<display_entry name="PhysicalDamageResist" title_key="statPhysicalDamageResistHeavy"/>
			<display_entry name="ElementalDamageResist" title_key="statExplosionResistance" tags="heat,electrical"/>		
			<display_entry name="BuffResistance" title_key="statBuffResistance" display_type="Percent" tags="buffFatiguedTrigger,buffArmSprainedCHTrigger,buffLegSprainedCHTrigger,buffLaceration,buffInfectionCatch,buffInjuryStunned01CHTrigger" show_inverted="true"/>
			<display_entry name="dNoiseMultiplier" title_key="combineArmorStat2" display_type="Percent" show_inverted="false" negative_preferred="true"/>
            <display_entry name="dCarryCapacity" title_key="statCarryCapacity" display_leading_plus="true"/>			
            <display_entry name="Mobility" title_key="statMobility" display_type="Percent" show_inverted="true" display_leading_plus="true" negative_preferred="false"/>
            <display_entry name="dPercJump" title_key="uniqueMilikey" display_type="Percent" display_leading_plus="true" negative_preferred="true"/>
		</item_display_info>
        <!-- Ancient Armor -->
        <item_display_info display_type="ancientArmorDisp" display_group="groupAttire" >
			<display_entry name="PhysicalDamageResist" title_key="statPhysicalDamageResistHeavy"/>
			<display_entry name="ElementalDamageResist" title_key="statExplosionResistance" tags="heat,electrical"/>
			<display_entry name="dNoiseMultiplier" title_key="combineArmorStat2" display_type="Percent" show_inverted="false" negative_preferred="true"/>
            <display_entry name="dCarryCapacity" title_key="statCarryCapacity" display_leading_plus="true"/>
			<display_entry name="dPercDef" title_key="uniqueSwatkey" display_type="Percent" display_leading_plus="true" negative_preferred="true"/>
            <display_entry name="Mobility" title_key="statMobility" display_type="Percent" show_inverted="true" display_leading_plus="true" negative_preferred="false"/>
            <display_entry name="dPercJump" title_key="uniqueMilikey" display_type="Percent" display_leading_plus="true" negative_preferred="true"/>         
		</item_display_info>
        <!-- Ancient Hammer -->
        <item_display_info display_type="ancientHammer" display_group="groupMelee">
            <display_entry name="EntityDamage" title_key="statEntityDamageMelee" tags="perkMiner69r"/>
            <display_entry name="dBlockRepairAmount" title_key="statBlockRepairAmount"/>
            <display_entry name="BlockDamage" title_key="statBlockDamage" tags="perkMiner69r"/>
            <display_entry name="StaminaLoss" title_key="statStaminaLoss" negative_preferred="true"/>
            <display_entry name="AttacksPerMinute" title_key="statAttacksPerMinute" tags="perkMiner69r"/>
            <display_entry name="dPlayerExpGain" title_key="statShowPlayerExpGain" display_type="Percent" display_leading_plus="true"/>
            <display_entry name="DegradationMax" title_key="statDegradationMax" tags="perkMiner69r,perkAdvancedEngineering,admin"/>
        </item_display_info>
        <!-- Cursed mods -->    
        <item_display_info display_type="modUIArmorCursed" display_group="modAttire">
            <display_entry name="dPlayerExpGain" title_key="statShowPlayerExpGain" display_type="Percent" display_leading_plus="true"/>
			<display_entry name="PhysicalDamageResist" title_key="statPhysicalDamageResist" display_leading_plus="true"/>			
		</item_display_info>
        <!-- Last Stand -->
        <item_display_info display_type="rangedGunLS" display_group="groupRanged">
            <display_entry name="LSDamage" title_key="LSdamageKey" display_type="Time"/>
			<display_entry name="MagazineSize" title_key="statMagazineSize" tags="perkGunslinger,perkBoomstick,perkDeadEye,perkMachineGunner,perkBookAutoWeapons,perkTurrets,perkArchery,admin"/>
			<display_entry name="RoundsPerMinute" title_key="statRoundsPerMinute" tags="perkGunslinger,perkBoomstick,perkDeadEye,perkMachineGunner,perkBookAutoWeapons,perkTurrets,perkArchery,admin"/>
			<display_entry name="DamageFalloffRange" title_key="statDamageFalloffRange" tags="perkGunslinger,perkBoomstick,perkDeadEye,perkMachineGunner,perkBookAutoWeapons,perkTurrets,perkArchery,admin"/>
			<!-- <display_entry name="WeaponHandling" title_key="statWeaponHandling" display_type="Percent" show_inverted="true"/> -->
			<display_entry name="DegradationMax" title_key="statDegradationMax" tags="perkGunslinger,perkBoomstick,perkDeadEye,perkMachineGunner,perkBookAutoWeapons,perkTurrets,perkArchery,admin"/>
		</item_display_info>
        <!-- Comidas -->
         <item_display_info display_type="foodMoma" display_group="groupConsumables">
			<display_entry name="$foodAmountAdd" title_key="statFoodAmount"/>
			<display_entry name="foodHealthAmount" title_key="statHealthAmount"/>
			<display_entry name="$waterAmountAdd" title_key="statWaterAmount"/>
			<display_entry name=".foodStaminaBonusAdd" title_key="statFoodStaminaBonus"/>
            <display_entry title_key="momaCure" display_type="Time"/>
		</item_display_info>
        <item_display_info display_type="foodComercialcake" display_group="groupConsumables">
			<display_entry name="$foodAmountAdd" title_key="statFoodAmount"/>
			<display_entry name="foodHealthAmount" title_key="statHealthAmount"/>
			<display_entry name=".foodStaminaBonusAdd" title_key="statFoodStaminaBonus"/>
            <display_entry name="dBarteringS" title_key="statBarteringSellBuy" display_type="Percent" display_leading_plus="true"/>
			<display_entry name="dBarteringB" title_key="statBarteringBuy" display_type="Percent" display_leading_plus="true"/>
			<display_entry name="dDuration" title_key="statDuration" display_type="Time"/>
		</item_display_info>
        <item_display_info display_type="waterGrandmastee" display_group="groupConsumables">
			<display_entry name="dPlayerExpGain" title_key="statShowPlayerExpGain" display_type="Percent" display_leading_plus="true"/>
			<display_entry name="dRunSpeed" title_key="xuiBuffStatMovementSpeed" display_type="Percent" display_leading_plus="true"/>
            <display_entry name="dDuration" title_key="statDuration" display_type="Time"/>
		</item_display_info>
        <item_display_info display_type="supaColaD" display_group="groupConsumables">
			<display_entry name="$waterAmountAdd" title_key="statWaterAmount"/>
			<display_entry name="dStaminaRegen" title_key="statStaminaRegen" display_type="Percent"/>
			<display_entry name="dHarvestMining" title_key="statHarvestMining" display_type="Percent" display_leading_plus="true"/>
            <display_entry name="dHyperthermalResist" title_key="statHyperthermalResist"/>
			<display_entry name="dDuration" title_key="statDuration" display_type="Time"/>
		</item_display_info>
        <item_display_info display_type="uwuprofen" display_group="groupConsumables">
			<display_entry name="dInstantHealth" title_key="statShowInstantHealth"/>
			<display_entry name="dHealthLoss" title_key="statHealthLoss" display_type="Percent" display_leading_plus="true"/>
			<display_entry name="dStunResist" title_key="statStunResist" display_type="Percent" />
			<display_entry name="dStopsConcussion" title_key="statStopsConcussion" display_type="Percent"/>
			<display_entry name="$waterAmountAdd" title_key="statWaterAmount"/>			
            <display_entry name="dDuration" title_key="statDuration" display_type="Time"/>
            <display_entry title_key="uwuCure" display_type="Time"/>
		</item_display_info>
        <item_display_info display_type="adrenalineD" display_group="groupConsumables">
			<display_entry name="dInstantHealth" title_key="statShowInstantHealth"/>
            <display_entry name="dCarryCapacity" title_key="statCarryCapacity" display_leading_plus="true"/>
            <display_entry name="dHealthLoss" title_key="statHealthLoss" display_type="Percent" display_leading_plus="true"/>
			<display_entry name="dRunSpeed" title_key="statRunSpeed" display_type="Percent" display_leading_plus="true"/>
			<display_entry name="$waterAmountAdd" title_key="statWaterAmount"/>
			<display_entry name="dDuration" title_key="statDuration" display_type="Time"/>
		</item_display_info>
        <item_display_info display_type="medicalSpecial" display_group="groupConsumables">
			<display_entry name="foodHealthAmount" title_key="statHealthAmount"/>			
			<display_entry name="dStopsBleeding" title_key="statStopsBleeding" display_type="Percent"/>
            <display_entry title_key="medicalSpecialKey" display_type="Time"/>
		</item_display_info>
        
    </append>
    <append xpath="/ui_display_info/crafting_category_display">
        <!-- Legend Workbench -->
        <crafting_category_list display_type="SPWK">
            <crafting_category name="Lmats" icon="ui_game_symbol_misc_crafting" display_name="lmats"/>
            <crafting_category name="Books" icon="ui_game_symbol_book" display_name="lbook"/>
            <crafting_category name="Mods" icon="ui_game_symbol_gunsmithing" display_name="ltrap"/>
            <crafting_category name="Ltech" icon="ui_game_symbol_computer" display_name="ltech"/>
            <crafting_category name="Tools/Traps" icon="ui_game_symbol_mother_load" display_name="ltool"/>
            <crafting_category name="Ammo/Weapons" icon="ui_game_symbol_map_cursor" display_name="lweapon"/>
            <crafting_category name="Clothing" icon="ui_game_symbol_trophy" display_name="larmor"/>
            <crafting_category name="MSeries" icon="ui_game_symbol_star" display_name="mitems"/>
            <crafting_category name="aSeries" icon="ui_game_symbol_twitch_special" display_name="aitems"/>
        </crafting_category_list>
        <!-- Legend Forge -->
        <crafting_category_list display_type="forgeHF">
			<crafting_category name="Resources" icon="ui_game_symbol_resource" display_name="lblCategoryResources" />
			<crafting_category name="Building" icon="ui_game_symbol_map_house" display_name="lblCategoryBuilding" />
			<crafting_category name="Ammo/Weapons" icon="ui_game_symbol_knife" display_name="lblCategoryAmmoWeapons" />
			<crafting_category name="Tools/Traps" icon="ui_game_symbol_tool" display_name="lblCategoryToolsTraps" />
            <crafting_category name="Lmats" icon="ui_game_symbol_diamond" display_name="lmats"/>
		</crafting_category_list>      
    </append>
</MalenEI>