<configs>	
	<append xpath="/entity_classes">
	<!-- ▼▲▼▲▼▲▼▲▼▲▼▲▼▲▼▲▼▲ New Vehicles ▼▲▼▲▼▲▼▲▼▲▼▲▼▲▼▲▼▲ -->
		<entity_class name="donacion_Betsy">
			<property name="Tags" value="vehicle,usesGas,bts"/>
			<property name="Class" value="EntityMotorcycle"/>
			<property name="Parent" value="Cars"/>
			<property name="Prefab" value="@:Entities/Vehicles/motorcycle_Prefab.prefab"/>
			<property name="ModelType" value="Standard"/>
			<property name="SurfaceCategory" value="metal"/>
			<property name="IgnoreTrigger" value="true"/>
			<property name="LootListAlive" value="betsyStorage"/>
			<property name="IsEnemyEntity" value="false"/>
			<property name="Explosion.ParticleIndex" value="6"/>
			<property name="Explosion.RadiusBlocks" value="4"/>
			<property name="Explosion.RadiusEntities" value="4"/>
			<property name="Explosion.BlockDamage" value="50"/>
			<property name="Explosion.EntityDamage" value="50"/>
			<property name="RotateToGround" value="true"/>
			<property name="Faction" value="none"/>
			<property name="MapIcon" value="ui_game_symbol_motorcycle"/>
			<property name="NavObject" value="motorcycle"/>
		</entity_class>
		<entity_class name="donacion_Betsy2">
			<property name="Tags" value="vehicle,bts"/>
			<property name="Class" value="EntityVBlimp"/>
			<property name="Parent" value="Cars"/>
			<property name="Prefab" value="@:Entities/Vehicles/motorcycle_Prefab.prefab"/>
			<property name="ModelType" value="Standard"/>
			<property name="SurfaceCategory" value="metal"/>
			<property name="IgnoreTrigger" value="true"/>
			<property name="LootListAlive" value="betsyStorage"/>
			<property name="IsEnemyEntity" value="false"/>
			<property name="Explosion.ParticleIndex" value="6"/>
			<property name="Explosion.RadiusBlocks" value="4"/>
			<property name="Explosion.RadiusEntities" value="4"/>
			<property name="Explosion.BlockDamage" value="50"/>
			<property name="Explosion.EntityDamage" value="50"/>
			<property name="RotateToGround" value="true"/>
			<property name="Faction" value="none"/>
			<property name="MapIcon" value="ui_game_symbol_motorcycle"/>
			<property name="NavObject" value="motorcycle"/>
		</entity_class>
		<entity_class name="donacion_SPOMoto">
			<property name="Tags" value="vehicle,btsT"/>
			<property name="Class" value="EntityMotorcycle"/>
			<property name="Parent" value="Cars"/>
			<property name="Prefab" value="@:Entities/Vehicles/motorcycle_Prefab.prefab"/>
			<property name="ModelType" value="Standard"/>
			<property name="SurfaceCategory" value="metal"/>
			<property name="IgnoreTrigger" value="true"/>
			<property name="LootListAlive" value="sPOStorage"/>
			<property name="IsEnemyEntity" value="false"/>
			<property name="Explosion.ParticleIndex" value="6"/>
			<property name="Explosion.RadiusBlocks" value="4"/>
			<property name="Explosion.RadiusEntities" value="4"/>
			<property name="Explosion.BlockDamage" value="50"/>
			<property name="Explosion.EntityDamage" value="50"/>
			<property name="RotateToGround" value="true"/>
			<property name="Faction" value="none"/>
			<property name="MapIcon" value="ui_game_symbol_motorcycle"/>
			<property name="NavObject" value="motorcycle"/>
		</entity_class>		
		<entity_class name="donacion_SPO4x4">
			<property name="Tags" value="vehicle,sp4x"/>
			<property name="Class" value="EntityVJeep"/>
			<property name="Parent" value="Cars"/>
			<property name="Prefab" value="@:Entities/Vehicles/jeep_Prefab.prefab"/>
			<property name="ModelType" value="Standard"/>
			<property name="SurfaceCategory" value="metal"/>
			<property name="IgnoreTrigger" value="true"/>
			<property name="LootListAlive" value="betsyStorage"/>
			<property name="IsEnemyEntity" value="false"/>
			<property name="Explosion.ParticleIndex" value="6"/>
			<property name="Explosion.ParticleIndex" value="6"/>
			<property name="Explosion.RadiusBlocks" value="5"/>
			<property name="Explosion.RadiusEntities" value="5"/>
			<property name="Explosion.BlockDamage" value="100"/>
			<property name="Explosion.EntityDamage" value="100"/>
			<property name="RotateToGround" value="true"/>
			<property name="Faction" value="none"/>
			<property name="MapIcon" value="ui_game_symbol_4x4"/>
			<property name="NavObject" value="4x4"/>
		</entity_class>
		<entity_class name="donacion_SPOGyro">
			<property name="Tags" value="vehicle,spGyr"/>
			<property name="Class" value="EntityVGyroCopter"/>
			<property name="Parent" value="Cars"/>
			<property name="Prefab" value="@:Entities/Vehicles/gyrocopter_Prefab.prefab"/>
			<property name="ModelType" value="Standard"/>
			<property name="SurfaceCategory" value="metal"/>
			<property name="IgnoreTrigger" value="true"/>
			<property name="LootListAlive" value="sPOStorage"/>
			<property name="IsEnemyEntity" value="false"/>
			<property name="Explosion.ParticleIndex" value="6"/>
			<property name="Explosion.RadiusBlocks" value="3"/>
			<property name="Explosion.RadiusEntities" value="3"/>
			<property name="Explosion.BlockDamage" value="30"/>
			<property name="Explosion.EntityDamage" value="30"/>
			<property name="RotateToGround" value="true"/>
			<property name="Faction" value="none"/>
			<property name="MapIcon" value="ui_game_symbol_gyrocopter"/>
			<property name="NavObject" value="gyrocopter"/>
		</entity_class>
	<!-- ▼▲▼▲▼▲▼▲▼▲▼▲▼▲▼▲▼▲▼▲▼▲▼▲▼▲▼▲▼▲▼▲▼▲▼▲▼▲▼▲▼▲▼▲▼▲▼▲▼▲ -->	
	</append>
</configs>
