<MalenEI>
	<append xpath="/recipes">
		<recipe name="donacion_BetsyPlaceable" count="1" craft_area="legenstation" craft_time="5" tags="workbenchCrafting">
			<ingredient name="donacion_BetsyPlaceable" count="1"/>
			<ingredient name="resourceRepairKit" count="5"/>
		</recipe>
		<recipe name="donacion_Betsy2Placeable" count="1" craft_area="legenstation" craft_time="5" tags="workbenchCrafting">
			<ingredient name="donacion_Betsy2Placeable" count="1"/>
			<ingredient name="resourceRepairKit" count="5"/>
		</recipe>	
		<recipe name="donacion_SPOmotoPlaceable" count="1" craft_area="legenstation" craft_time="5" tags="workbenchCrafting">
				<ingredient name="donacion_SPOmotoPlaceable" count="1"/>
				<ingredient name="resourceRepairKit" count="5"/>
			</recipe>
			<recipe name="donacion_SPOGyroPlaceable" count="1" craft_area="legenstation" craft_time="5" tags="workbenchCrafting">
				<ingredient name="donacion_SPOGyroPlaceable" count="1"/>
				<ingredient name="resourceRepairKit" count="5"/>
			</recipe>
			<recipe name="donacion_SPO4x4Placeable" count="1" craft_area="legenstation" craft_time="5" tags="workbenchCrafting">
				<ingredient name="donacion_SPO4x4Placeable" count="1"/>
				<ingredient name="resourceRepairKit" count="5"/>
			</recipe>	
	</append>
</MalenEI>