<configs>

	<append xpath="/vehicles">
	
		<vehicle name="donacion_SPOMoto">
			<property name="cameraDistance" value="3.5, 5"/>
			<property name="cameraTurnRate" value=".2, .35"/>

			<property name="motorTorque" value="1500, 1500"/>
			<property name="turboScale" value="1.6, 1.6"/>
			<property name="brakeTorque" value="2200"/>
			<property name="upAngleMax" value="70"/>
			<property name="upForce" value="1"/>
			<property name="steerRate" value="130"/>
			<property name="steerCenteringRate" value="90"/>
			<property name="tiltAngleMax" value="10"/>
			<property name="tiltThreshold" value="3"/>
			<property name="tiltDampening" value=".22"/>
			<property name="tiltDampenThreshold" value="10"/>
			<property name="tiltUpForce" value="10"/>
			<property name="hopForce" value="8, .05"/>
			<!-- <property name="hopForce" value="1, .8"/> -->
			<property name="unstickForce" value="1"/>
			<property name="velocityMax" value="15, 15"/>
			<property name="wheelPtlScale" value="1"/>
			<property name="hornSound" value="twitch_dance_off"/>		
			<!--<property name="hornSound" value="Sounds/Twitch/twitch_dance_off"/>	-->	
			<property class="chassis">
				<property name="class" value="Chassis"/>
				<property name="display_name" value="chassis"/>
				<property name="slot_type" value="chassis"/>
				<property name="mesh" value="chassis"/>
				<property name="transform" value="Origin"/>
				<property name="part_damage_reduction" value="0.5"/>
				<property name="paint" value="Motorcycle"/>
			</property>
			<property class="engine">
				<property name="class" value="Engine"/>
				<property name="slot_type" value="engine"/>
				<property name="particleOn" value="p_on"/>
				<property name="particleDamaged" value="p_damaged"/>
				<property name="particleBroken" value="p_broken"/>
				<property name="fuelKmPerL" value=".2"/>
				<property name="foodDrain" value=".002,.0101"/><!-- driving/turbo, motorcycle -->

				<property name="gear1" value="
									500,2500, -1400,800,0, 700,2000,900,
									Vehicles/Motorbike/motorbike_accel_1,
									,
									0, .7, 1, .1, -9, .15, .1, Vehicles/Motorbike/motorbike_idle_lp,
									-.3, .1, .1, .4, -.05, 9, .2, Vehicles/Motorbike/motorbike_run_lp
									"/>
				<property name="gear2" value="
									500,2500, -2000,1000,2000, 620,2200,800,
									Vehicles/Motorbike/motorbike_accel_2,
									Vehicles/Motorbike/motorbike_decel,
									-.2, -.02, .1, .2, -1, 1, .1, Vehicles/Motorbike/motorbike_run_lp
									"/>
				<property name="gear3" value="
									500,2500, -2000,1000,2000, 570,2200,1000,
									Vehicles/Motorbike/motorbike_accel_3,
									Vehicles/Motorbike/motorbike_decel,
									-.21, -.05, .1, .2, -1, 1, .1, Vehicles/Motorbike/motorbike_run_lp
									"/>
				<property name="gear4" value="
									500,2500, -2000,1000,2000, 500,9999,9999,
									,
									Vehicles/Motorbike/motorbike_decel,
									-.25, -.08, .55, .45, -1, 1, .1, Vehicles/Motorbike/motorbike_run_lp
									"/>

				<property name="sound_start" value="Vehicles/Motorbike/minibike_start_"/>
				<property name="sound_shut_off" value="Vehicles/Motorbike/minibike_shutoff_"/>
				<property name="sound_no_fuel_shut_off" value="Vehicles/Motorbike/motorbike_empty"/>
			</property>
			<property class="fuelTank">
				<property name="class" value="FuelTank"/>
				<property name="capacity" value="200"/>
			</property>
			<property class="handlebars">
				<property name="class" value="Steering"/>
				<property name="slot_type" value="handlebars"/>
				<property name="mesh" value="handlebar"/>
				<property name="transform" value="Origin/handlebar_joint"/>
				<property name="IKHandLPosition" value="-.3329, .2552, -.158"/>
				<property name="IKHandLRotation" value="27.30321, -15.59375, 8.961643"/>
				<property name="IKHandRPosition" value=".3329, .2552, -.158"/>
				<property name="IKHandRRotation" value="27.30321, 15.59375, -8.961643"/>
			</property>
			<property class="seat0">
				<property name="position" value="0, 0, -.201"/>
				<property name="rotation" value="0, 0, 0"/>
				<property name="exit" value="-.9,0,0 ~ .9,0,0 ~ 0,0,-1.5 ~ 0,0,1.6 ~ 0,1.5,0"/>
			</property>
			<property class="seat1">
				<property name="position" value="0, 0.14, -.498"/>
				<property name="rotation" value="0, 0, 0"/>
				<property name="exit" value="-.9,0,0 ~ .9,0,0 ~ 0,0,-1.5 ~ 0,0,1.6 ~ 0,1.5,0"/>
			</property>
			<property class="wheel0">
				<property name="steerTransform" value="Origin/handlebar_joint"/>
				<property name="tireTransform" value="Origin/handlebar_joint/frontWheel_joint"/>
				<property name="torqueScale_motor_brake" value=".15, .5"/>
			</property>
			<property class="wheel1">
				<property name="tireTransform" value="Origin/backWheelJoint"/>
				<property name="torqueScale_motor_brake" value="1, 1"/>
			</property>
			<property class="headlight">
				<property name="class" value="Headlight"/>
				<property name="transform" value="Origin/handlebar_joint/headlight"/>
				<property name="bright" value=".9"/>
			</property>
			<property class="storage">
				<property name="class" value="Storage"/>
				<property name="display_name" value="basket"/>
				<property name="slot_type" value="basket"/>
				<property name="mesh" value="basket"/>
				<property name="transform" value="basket"/>
			</property>
		</vehicle>
		<vehicle name="donacion_SPO4x4">
			<property name="turboScale" value="1.6, 1.6"/>
			<property name="cameraDistance" value="5.5, 7"/>
			<property name="cameraTurnRate" value=".2, .35"/>
			<property name="motorTorque" value="1800, 1800"/>
			<property name="brakeTorque" value="2800"/>
			<property name="turboScale" value="2, 2"/>
			<property name="upAngleMax" value="70"/>
			<property name="upForce" value="1"/>
			<property name="steerRate" value="130"/>
			<property name="steerCenteringRate" value="90"/>
			<property name="tiltAngleMax" value="80"/>
			<property name="tiltThreshold" value="3"/>
			<property name="tiltDampening" value=".22"/>
			<property name="tiltDampenThreshold" value="8"/>
			<property name="tiltUpForce" value="0"/>
			<property name="unstickForce" value="1"/>	
			<property name="velocityMax" value="20, 20"/>		
			<property name="hopForce" value="4, .05"/>
			<property name="wheelPtlScale" value="1"/>
			<property name="hornSound" value="Sounds/Twitch/twitch_dance_off"/>
			
			<property class="chassis">
				<property name="class" value="Chassis"/>
				<property name="display_name" value="chassis"/>
				<property name="slot_type" value="chassis"/>
				<property name="mesh" value="chassis"/>
				<property name="transform" value="Origin"/>
				<property name="paint" value="car_mesh"/>
			</property>
			<property class="engine">
				<property name="class" value="Engine"/>
				<property name="slot_type" value="engine"/>
				<property name="particleOn" value="p_on"/>
				<property name="particleDamaged" value="p_damaged"/>
				<property name="particleBroken" value="p_broken"/>
				<property name="fuelKmPerL" value="80"/>
				<property name="foodDrain" value=".002,.00811"/><!-- driving/turbo, truck -->
				<property name="gear1" value="
									500,2500, -1400,800,0, 700,2200,900,
									Vehicles/Suv/suv_accel1,
									Vehicles/Suv/suv_decel1,
									0, .7, 1, .1, -9, .12, .1, Vehicles/Suv/suv_idle_lp,
									-.4, -.02, .7, .7, -.2, 9, .2, Vehicles/Suv/suv_max_speed_lp
									"/>
				<property name="gear2" value="
									500,2500, -2000,1000,2000, 600,2200,800,
									Vehicles/Suv/suv_accel2,
									Vehicles/Suv/suv_decel1,
									-.25, -.05, .2, .4, -1, 1, .1, Vehicles/Suv/suv_max_speed_lp
									"/>
				<property name="gear3" value="
									500,2500, -2000,1000,2000, 500,2200,1000,
									Vehicles/Suv/suv_accel3,
									Vehicles/Suv/suv_decel2,
									-.28, -.07, .3, .6, -1, 1, .1, Vehicles/Suv/suv_max_speed_lp
									"/>
				<property name="gear4" value="
									500,2500, -2000,1000,2000, 500,9999,9999,
									,
									Vehicles/Suv/suv_decel2,
									-.31, -.08, .6, .9, -1, 1, .1, Vehicles/Suv/suv_max_speed_lp
									"/>
				<property name="sound_start" value="Vehicles/Suv/suv_startup"/>
				<property name="sound_shut_off" value="Vehicles/Suv/suv_shutoff"/>
				<property name="sound_no_fuel_shut_off" value="Vehicles/Motorbike/motorbike_empty"/>
			</property>

			<property class="fuelTank">
				<property name="class" value="FuelTank"/>
				<property name="capacity" value="400"/>
			</property>
			<property class="handlebars">
				<property name="class" value="Steering"/>
				<property name="slot_type" value="handlebars"/>
				<property name="transform" value="Origin/steering_joint"/>
				<property name="steerMaxAngle" value="60"/>
				<property name="IKHandLPosition" value="-.154, .1256, .0265"/>
				<property name="IKHandLRotation" value="37.55, -13.433, 49.88"/>
				<property name="IKHandRPosition" value=".154, .1256, .0265"/>
				<property name="IKHandRRotation" value="37.55, 13.433, -49.88"/>
			</property>
			<property class="seat0">
				<property name="position" value="-.4, .36, .06"/>
				<property name="rotation" value="-25, 0, 0"/>
				<property name="exit" value="-1.6,0,0 ~ 1.6,0,-1 ~ -.4,0,-2.8 ~ -.4,0,2.6 ~ -.4,2.1,0"/>
			</property>
			<property class="seat1">
				<property name="position" value=".4, .36, .06"/>
				<property name="rotation" value="-25, 0, 0"/>
				<property name="exit" value="1.6,0,0 ~ -1.6,0,-1 ~ .4,0,-2.8 ~ .4,0,2.6 ~ .4,2.1,0"/>
			</property>
			<!--<property class="seat2">
				
				<property name="position" value="-.4, .56, -2.46"/>
				<property name="rotation" value="-25, 180, 0"/>
				<property name="exit" value="-1.6,0,0 ~ 1.6,0,-1 ~ -.4,0,-2.8 ~ -.4,0,2.6 ~ -.4,2.1,0"/>
			</property>
			<property class="seat3">
				<property name="position" value=".4, .56, -2.46"/>
				<property name="rotation" value="-25, 180, 0"/>
				<property name="exit" value="1.6,0,0 ~ -1.6,0,-1 ~ .4,0,-2.8 ~ .4,0,2.6 ~ .4,2.1,0"/>
			</property>-->
			<property class="seat2">
				<property name="position" value="-.2, .5, -1.6"/>
				<property name="rotation" value="-25, 90, 0"/>
				<property name="exit" value="1.6,0,0 ~ -1.6,0,-1 ~ .4,0,-2.8 ~ .4,0,2.6 ~ .4,2.1,0"/>
			</property>
			<property class="seat3">
				<property name="position" value=".2, .5, -1.6"/>
				<property name="rotation" value="-25, -90, 0"/>
				<property name="exit" value="1.6,0,0 ~ -1.6,0,-1 ~ .4,0,-2.8 ~ .4,0,2.6 ~ .4,2.1,0"/>
			</property>
			<property class="wheel0">
				<property name="steerTransform" value="Origin/frontLeftWheelStear_joint"/>
				<property name="tireTransform" value="Origin/frontLeftWheelStear_joint/frontLeftWheel_joint"/>
				<property name="tireSuspensionPercent" value="1"/>
				<property name="torqueScale_motor_brake" value="1, .8"/>
			</property>
			<property class="wheel1">
				<property name="steerTransform" value="Origin/frontRightWheelStear_joint"/>
				<property name="tireTransform" value="Origin/frontRightWheelStear_joint/frontRightWheel_joint"/>
				<property name="tireSuspensionPercent" value="1"/>
				<property name="torqueScale_motor_brake" value="1, .8"/>
			</property>
			<property class="wheel2">
				<property name="tireTransform" value="Origin/backLeftWheelJoint"/>
				<property name="tireSuspensionPercent" value="1"/>
				<property name="torqueScale_motor_brake" value="1, 1"/>
			</property>
			<property class="wheel3">
				<property name="tireTransform" value="Origin/backRightWheelJoint"/>
				<property name="tireSuspensionPercent" value="1"/>
				<property name="torqueScale_motor_brake" value="1, 1"/>
			</property>
			<property class="headlight">
				<property name="class" value="Headlight"/>
				<property name="transform" value="Origin/headlight"/>
				<property name="bright" value="1"/>
			</property>
			<property class="storage">
				<property name="class" value="Storage"/>
				<property name="display_name" value="basket"/>
				<property name="slot_type" value="basket"/>
				<property name="mesh" value="basket"/>
				<property name="transform" value="basket"/>
			</property>
		</vehicle>
		<vehicle name="donacion_SPOGyro">
			<property name="cameraDistance" value="6, 8"/>
			<property name="cameraTurnRate" value=".2, .35"/>

			<property name="motorTorque" value="500, 50"/>
			<property name="turboScale" value="1.8, 1.8"/>

			<property name="brakeTorque" value="10"/>
			<property name="steerRate" value="130"/>
			<property name="steerCenteringRate" value="90"/>
			<property name="tiltAngleMax" value="8"/>
			<property name="tiltThreshold" value="2"/>
			<property name="tiltDampening" value=".01"/>
			<property name="tiltDampenThreshold" value="0"/>
			<property name="tiltUpForce" value="1"/>
			<property name="upAngleMax" value="60"/>
			<property name="upForce" value=".5"/>
			<property name="unstickForce" value="1"/>
			<property name="velocityMax" value="25, 25"/>
			<property name="airDrag_velScale_angVelScale" value=".997, .97"/>
			<property name="hornSound" value="Sounds/Twitch/twitch_dance_off"/>
			<property class="engine">
				<property name="class" value="Engine"/>
				<property name="slot_type" value="engine"/>
				<property name="fuelKmPerL" value="1"/>
				<property name="gear1" value="
							500,2500, -1400,800,0, 1500,9999,9999,
							,
							,
							0, .5,  .45, .1,  -9, .1, .1, Vehicles/Gyrocopter/gyrocopter_idle_lp,
							-.1, .1,  .65, .7,  0, 9, .1, Vehicles/Gyrocopter/gyrocopter_med_lp
							"/>
				<property name="sound_start" value="Vehicles/Gyrocopter/gyrocopter_start"/>
				<property name="sound_shut_off" value="Vehicles/Gyrocopter/gyrocopter_shutoff"/>
				<property name="sound_no_fuel_shut_off" value="Vehicles/Gyrocopter/gyrocopter_sputter"/>
				<property name="parent_part" value="chassis"/>
			</property>
			<property class="fuelTank">
				<property name="class" value="FuelTank"/>
				<property name="parent_part" value="engine"/>
				<property name="capacity" value="400"/>
			</property>
			<property class="handlebars">
				<property name="parent_part" value="chassis"/>
				<property name="class" value="Steering"/>
				<property name="slot_type" value="handlebars"/>
				<property name="transform" value="Origin"/>
				<property name="steerMaxAngle" value="0"/>
				<property name="IKHandLPosition" value="-.052, .923, .755"/>
				<property name="IKHandLRotation" value="0, 17.2, 90"/>
				<property name="IKHandRPosition" value=".052, 1.0054, .755"/>
				<property name="IKHandRRotation" value="0, -17.2, -90"/>
			</property>
			<property class="seat0">
				<property name="position" value="0, .05, .98"/>
				<property name="rotation" value="-25, 0, 0"/>
				<property name="exit" value="-1.3,0,.9 ~ 1.3,0,.9 ~ 0,0,-2.4 ~ 0,0,2.4 ~ 0,2,0"/>
			</property>
			<property class="seat1">
				<property name="position" value="0.50, .05, .98"/>
				<property name="rotation" value="-25, 0, 0"/>
				<property name="exit" value="-1.3,0,.9 ~ 1.3,0,.9 ~ 0,0,-2.4 ~ 0,0,2.4 ~ 0,2,0"/>
			</property>
			<property class="seat2">
				<property name="position" value="-0.50, .05, .98"/>
				<property name="rotation" value="-25, 0, 0"/>
				<property name="exit" value="-1.3,0,.9 ~ 1.3,0,.9 ~ 0,0,-2.4 ~ 0,0,2.4 ~ 0,2,0"/>
			</property>
			<property class="motor0">
				<property name="engine" value="engine"/>
				<property name="engineOffPer" value=".02"/>
				<property name="rpmAccel_min_max" value="0.01, .2"/>
				<property name="rpmMax" value="8"/>
				<property name="rpmDrag" value=".993"/>
				<property name="trigger" value="relative"/>
				<property name="type" value="spin"/>
				<property name="transform" value="Origin/TopPropellerJoint"/>
				<property name="axis" value="1"/>
			</property>
			<property class="motor1">
				<property name="engine" value="engine"/>
				<property name="turbo" value="1.90"/>
				<property name="rpmAccel_min_max" value="0.01, .1"/>
				<property name="rpmMax" value="8"/>
				<property name="rpmDrag" value=".993"/>
				<property name="trigger" value="relative"/>
				<property name="type" value="spin"/>
				<property name="transform" value="Origin/BackPropellerJoint"/>
				<property name="axis" value="2"/>
			</property>
			<property class="force0">
				<property name="trigger" value="motor0"/>
				<property name="type" value="relative"/>
				<property name="force" value="0, .195, 0"/>
				<property name="ceiling" value="200, 280"/>
			</property>
			<property class="force1">
				<property name="trigger" value="motor1"/>
				<property name="type" value="relative"/>
				<property name="force" value="0, 0,.0"/>
			</property>
			<property class="force2">
				<property name="trigger" value="inputForward"/>
				<property name="type" value="relative"/>
				<property name="force" value="0, 0.03,0 "/>
			</property>
			<property class="force3">
				<property name="trigger" value="inputStrafe"/>
				<property name="type" value="relativeTorque"/>
				<property name="force" value="0, .02, 0"/>
			</property>
			<property class="force4">
				<property name="trigger" value="inputUp"/>
				<property name="type" value="relativeTorque"/>
				<property name="force" value="-.01, 0, 0"/>
			</property>
			<property class="force5">
				<property name="trigger" value="inputDown"/>
				<property name="type" value="relativeTorque"/>
				<property name="force" value=".01, 0, 0"/>
			</property>
			<property class="headlight">
				<property name="class" value="Headlight"/>
				<property name="parent_part" value="handlebars"/>
				<property name="transform" value="Origin/handlebar_joint/headlight"/>
				<property name="bright" value=".9"/>
			</property>
			<property class="storage">
				<property name="class" value="Storage"/>
				<property name="display_name" value="basket"/>
				<property name="slot_type" value="basket"/>
				<property name="mesh" value="basket"/>
				<property name="transform" value="basket"/>
				<property name="parent_part" value="chassis"/>
			</property>
		</vehicle>	
		<vehicle name="donacion_Betsy">
				<property name="cameraDistance" value="3.5, 5"/>
				<property name="cameraTurnRate" value=".2, .35"/>

				<property name="motorTorque" value="1600, 1600"/>
				<property name="turboScale" value="1.8, 1.8"/>
				<property name="brakeTorque" value="2200"/>
				<property name="upAngleMax" value="70"/>
				<property name="upForce" value="1"/>
				<property name="steerRate" value="130"/>
				<property name="steerCenteringRate" value="90"/>
				<!-- 
				<property name="tiltAngleMax" value="5"/>
				<property name="tiltThreshold" value="2"/>
				<property name="tiltDampening" value=".01"/>
				<property name="tiltDampenThreshold" value="0"/>
				<property name="tiltUpForce" value="1"/>				
				-->
				<property name="tiltAngleMax" value="5"/>
				<property name="tiltThreshold" value="3"/>
				<property name="tiltDampening" value=".22"/>
				<property name="tiltDampenThreshold" value="10"/>
				<property name="tiltUpForce" value="10"/>
				<property name="unstickForce" value="1"/>
				<property name="velocityMax" value="18, 18"/>
				<property name="hopForce" value="8,0.1"/>
				<property name="wheelPtlScale" value="1"/>
				<property name="hornSound" value="Sounds/Twitch/twitch_dance_off"/>
				<property name="airDrag_velScale_angVelScale" value=".997, .97"/>

			

			<property class="engine">
				<property name="class" value="Engine"/>
				<property name="slot_type" value="engine"/>
				<property name="particleOn" value="p_on"/>
				<property name="particleDamaged" value="p_damaged"/>
				<property name="particleBroken" value="p_broken"/>
				<property name="fuelKmPerL" value="100"/>
				<property name="foodDrain" value=".002,.0101"/><!-- driving/turbo, motorcycle -->

				<property name="gear1" value="
									500,2500, -1400,800,0, 700,2000,900,
									Vehicles/Motorbike/motorbike_accel_1,
									,
									0, .7, 1, .1, -9, .15, .1, Vehicles/Motorbike/motorbike_idle_lp,
									-.3, .1, .1, .4, -.05, 9, .2, Vehicles/Motorbike/motorbike_run_lp
									"/>
				<property name="gear2" value="
									500,2500, -2000,1000,2000, 620,2200,800,
									Vehicles/Motorbike/motorbike_accel_2,
									Vehicles/Motorbike/motorbike_decel,
									-.2, -.02, .1, .2, -1, 1, .1, Vehicles/Motorbike/motorbike_run_lp
									"/>
				<property name="gear3" value="
									500,2500, -2000,1000,2000, 570,2200,1000,
									Vehicles/Motorbike/motorbike_accel_3,
									Vehicles/Motorbike/motorbike_decel,
									-.21, -.05, .1, .2, -1, 1, .1, Vehicles/Motorbike/motorbike_run_lp
									"/>
				<property name="gear4" value="
									500,2500, -2000,1000,2000, 500,9999,9999,
									,
									Vehicles/Motorbike/motorbike_decel,
									-.25, -.08, .55, .45, -1, 1, .1, Vehicles/Motorbike/motorbike_run_lp
									"/>

				<property name="sound_start" value="Vehicles/Motorbike/minibike_start_"/>
				<property name="sound_shut_off" value="Vehicles/Motorbike/minibike_shutoff_"/>
				<property name="sound_no_fuel_shut_off" value="Vehicles/Motorbike/motorbike_empty"/>
			</property>		

			<property class="fuelTank"><!---->
				<property name="class" value="FuelTank"/>
				<property name="capacity" value="400"/>
			</property>		

			<property class="handlebars">
				<property name="class" value="Steering"/>
				<property name="slot_type" value="handlebars"/>
				<property name="mesh" value="handlebar"/>
				<property name="transform" value="Origin/handlebar_joint"/>
				<property name="IKHandLPosition" value="-.3329, .2552, -.158"/>
				<property name="IKHandLRotation" value="27.30321, -15.59375, 8.961643"/>
				<property name="IKHandRPosition" value=".3329, .2552, -.158"/>
				<property name="IKHandRRotation" value="27.30321, 15.59375, -8.961643"/>
			</property>
		
			<property class="seat0">
				<property name="class" value="Seat"/>
				<property name="position" value="0, 0, -.201"/>
				<property name="rotation" value="0, 0, 0"/>
				<property name="exit" value="-.9,0,0 ~ .9,0,0 ~ 0,0,-1.5 ~ 0,0,1.6 ~ 0,1.5,0"/>
				<property name="IKFootLPosition" value="-.34, .38, .37"/>
				<property name="IKFootLRotation" value="-30, 0, 0"/>
				<property name="IKFootRPosition" value=".34, .38, .37"/>
				<property name="IKFootRRotation" value="-30, 0, 0"/>
			</property>

			<property class="seat1">
				<property name="class" value="Seat"/>
				<property name="position" value="0, .143, -.500"/>
				<property name="rotation" value="0, 0, 0"/>
				<property name="exit" value="-.9,0,-.7 ~ .9,0,-.7 ~ -.6,0,-1.5 ~ -.6,0,1.6 ~ 0,1.5,-.6"/>
				<property name="mod" value="1"/>
				<property name="IKHandLPosition" value="-.27, .87, .14"/>
				<property name="IKHandLRotation" value="41, -30, 18"/>
				<property name="IKHandRPosition" value=".27, .87, .14"/>
				<property name="IKHandRRotation" value="41, 30, -18"/>
			</property>

			<property class="wheel0">
				<property name="steerTransform" value="Origin/handlebar_joint"/>
				<property name="tireTransform" value="Origin/handlebar_joint/frontWheel_joint"/>
				<property name="torqueScale_motor_brake" value=".15, .5"/>
			</property>

			<property class="wheel1">
				<property name="tireTransform" value="Origin/backWheelJoint"/>
				<property name="torqueScale_motor_brake" value="1, 1"/>
			</property>

			<property class="headlight">
				<property name="class" value="Headlight"/>
				<property name="parent_part" value="handlebars"/>
				<property name="transform" value="Origin/handlebar_joint/headlight"/>
				<property name="bright" value=".9"/>
			</property>

			<property class="storage">
				<property name="class" value="Storage"/>
				<property name="display_name" value="basket"/>
				<property name="slot_type" value="basket"/>
				<property name="mesh" value="basket"/>
				<property name="transform" value="basket"/>
			</property>

			<property class="motor0">
				<property name="engine" value="engine"/>
				<property name="engineOffPer" value=".05"/>
				<property name="rpmAccel_min_max" value=".002, 1"/>
				<property name="rpmMax" value="8"/>
				<property name="rpmDrag" value=".993"/>
				<property name="trigger" value="inputUp"/>
				<property name="type" value="spin"/>
				<property name="axis" value="1"/>
			</property>
			<property class="motor1">
				<property name="engine" value="engine"/>
				<property name="engineOffPer" value=".05"/>
				<property name="rpmAccel_min_max" value=".002, 1"/>
				<property name="rpmMax" value="8"/>
				<property name="rpmDrag" value=".993"/>
				<property name="trigger" value="inputForward"/>
				<property name="type" value="spin"/>
				<property name="axis" value="0"/>
			</property>
			<property class="force0">
				<property name="trigger" value="motor0"/>
				<property name="type" value="relative"/>
				<property name="force" value="0, .3, 0"/>
				<property name="ceiling" value="260, 280"/>
			</property>
			<property class="force1">
				<property name="trigger" value="motor1"/>
				<property name="type" value="relative"/>
				<property name="force" value="0, 0, .15"/>
			</property>
			<property class="force2">
				<property name="trigger" value="inputStrafe"/>
				<property name="type" value="relativeTorque"/>
				<property name="force" value="0, .07, 0"/>
			</property>
			<property class="force3">
				<property name="trigger" value="inputForward"/>
				<property name="type" value="relative"/>
				<property name="force" value="0, 0, -.02"/>
			</property>
			<property class="force4">
				<property name="trigger" value="inputUp"/>
				<property name="type" value="relative"/>
				<property name="force" value="0, -.07, 0"/>
			</property>
					

		</vehicle>		
		<vehicle name="donacion_Betsy2">
			<property name="cameraDistance" value="3.5, 5"/>
			<property name="cameraTurnRate" value=".2, .35"/>
			<property name="motorTorque" value="1500, 1500"/>
				<property name="turboScale" value="1.6, 1.6"/>
				<property name="brakeTorque" value="2500"/>
			<property name="upAngleMax" value="3"/>
			<property name="upForce" value="1"/>
			<property name="steerRate" value="130"/>
			<property name="steerCenteringRate" value="90"/>
			<property name="tiltAngleMax" value="2"/>
			<property name="tiltThreshold" value=".1"/>
			<property name="tiltDampening" value=".01"/>
			<property name="tiltDampenThreshold" value="1"/>
			<property name="tiltUpForce" value="1"/>
			<property name="unstickForce" value="1"/>
			<property name="velocityMax" value="16, 16"/>
			<property name="waterY_VelMaxScale" value="2, .2"/>
			<property name="hornSound" value="Sounds/Twitch/twitch_dance_off"/>
				

			<property class="chassis">
				<property name="class" value="Chassis"/>
				<property name="display_name" value="chassis"/>
				<property name="slot_type" value="chassis"/>
				<property name="mesh" value="chassis"/>
				<property name="transform" value="Origin"/>
				<property name="part_damage_reduction" value="0.5"/>
				<property name="paint" value="Motorcycle"/>
			</property>
			<property class="engine">
				<property name="class" value="Engine"/>
				<property name="slot_type" value="engine"/>
				<property name="particleOn" value="p_on"/>
				<property name="particleDamaged" value="p_damaged"/>
				<property name="particleBroken" value="p_broken"/>
				<property name="fuelKmPerL" value="100"/>
				<property name="foodDrain" value=".002,.0101"/><!-- driving/turbo, motorcycle -->

				<property name="gear1" value="
									500,2500, -1400,800,0, 700,2000,900,
									Vehicles/Motorbike/motorbike_accel_1,
									,
									0, .7, 1, .1, -9, .15, .1, Vehicles/Motorbike/motorbike_idle_lp,
									-.3, .1, .1, .4, -.05, 9, .2, Vehicles/Motorbike/motorbike_run_lp
									"/>
				<property name="gear2" value="
									500,2500, -2000,1000,2000, 620,2200,800,
									Vehicles/Motorbike/motorbike_accel_2,
									Vehicles/Motorbike/motorbike_decel,
									-.2, -.02, .1, .2, -1, 1, .1, Vehicles/Motorbike/motorbike_run_lp
									"/>
				<property name="gear3" value="
									500,2500, -2000,1000,2000, 570,2200,1000,
									Vehicles/Motorbike/motorbike_accel_3,
									Vehicles/Motorbike/motorbike_decel,
									-.21, -.05, .1, .2, -1, 1, .1, Vehicles/Motorbike/motorbike_run_lp
									"/>
				<property name="gear4" value="
									500,2500, -2000,1000,2000, 500,9999,9999,
									,
									Vehicles/Motorbike/motorbike_decel,
									-.25, -.08, .55, .45, -1, 1, .1, Vehicles/Motorbike/motorbike_run_lp
									"/>

				<property name="sound_start" value="Vehicles/Motorbike/minibike_start_"/>
				<property name="sound_shut_off" value="Vehicles/Motorbike/minibike_shutoff_"/>
				<property name="sound_no_fuel_shut_off" value="Vehicles/Motorbike/motorbike_empty"/>
			</property>
			<property class="fuelTank"><!---->
				<property name="class" value="FuelTank"/>
				<property name="capacity" value="400"/>
			</property>	
			<property class="handlebars">
				<property name="class" value="Steering"/>
				<property name="slot_type" value="handlebars"/>
				<property name="mesh" value="handlebar"/>
				<property name="transform" value="Origin/handlebar_joint"/>
				<property name="IKHandLPosition" value="-.3329, .2552, -.158"/>
				<property name="IKHandLRotation" value="27.30321, -15.59375, 8.961643"/>
				<property name="IKHandRPosition" value=".3329, .2552, -.158"/>
				<property name="IKHandRRotation" value="27.30321, 15.59375, -8.961643"/>
			</property>
			<property class="seat0">
				<property name="class" value="Seat"/>
				<property name="position" value="0, 0, -.201"/>
				<property name="rotation" value="0, 0, 0"/>
				<property name="exit" value="-.9,0,0 ~ .9,0,0 ~ 0,0,-1.5 ~ 0,0,1.6 ~ 0,1.5,0"/>
				<property name="IKFootLPosition" value="-.34, .38, .37"/>
				<property name="IKFootLRotation" value="-30, 0, 0"/>
				<property name="IKFootRPosition" value=".34, .38, .37"/>
				<property name="IKFootRRotation" value="-30, 0, 0"/>
			</property>		
			
			<property class="seat1">
				<property name="class" value="Seat"/>
				<property name="position" value="0, .143, -.500"/>
				<property name="rotation" value="0, 0, 0"/>
				<property name="exit" value="-.9,0,-.7 ~ .9,0,-.7 ~ -.6,0,-1.5 ~ -.6,0,1.6 ~ 0,1.5,-.6"/>
				<property name="mod" value="1"/>
				<property name="IKHandLPosition" value="-.27, .87, .14"/>
				<property name="IKHandLRotation" value="41, -30, 18"/>
				<property name="IKHandRPosition" value=".27, .87, .14"/>
				<property name="IKHandRRotation" value="41, 30, -18"/>
			</property>
			<property class="wheel0">
				<property name="steerTransform" value="Origin/handlebar_joint"/>
				<property name="tireTransform" value="Origin/handlebar_joint/frontWheel_joint"/>
				<property name="torqueScale_motor_brake" value=".15, .5"/>
			</property>
			<property class="wheel1">
				<property name="tireTransform" value="Origin/backWheelJoint"/>
				<property name="torqueScale_motor_brake" value="1, 1"/>
			</property>
			<property class="headlight">
				<property name="class" value="Headlight"/>
				<property name="parent_part" value="handlebars"/>
				<property name="transform" value="Origin/handlebar_joint/headlight"/>
				<property name="bright" value=".9"/>
			</property>
			<property class="storage">
				<property name="class" value="Storage"/>
				<property name="display_name" value="basket"/>
				<property name="slot_type" value="basket"/>
				<property name="mesh" value="basket"/>
				<property name="transform" value="basket"/>
			</property>
		</vehicle>
	</append>
</configs>
