<configs>
	<append xpath="/gamestages">
		<group name="S_-_Group_Zom_ROPA_Only" emptyChance="0" decoyChance="0" decoy1hpChance="0">
			<spawner name="zombieSB" count="5,6"/>
		</group>
		<group name="S_-_Group_Zom_JUGGER" emptyChance="0" decoyChance="0" decoy1hpChance="0">
			<spawner name="ZombieJUGGER" count="5,6"/>
		</group>
		<group name="S_-_Group_Zom_BOSS" emptyChance="0" decoyChance="0" decoy1hpChance="0">
			<spawner name="ZombieBOSS" count="5,6"/>
		</group>
		<group name="S_-_Group_Zom_ANY_BOSS" emptyChance="0" decoyChance="0" decoy1hpChance="0">
			<spawner name="ZombieABOSS" count="5,6"/>
		</group>
		<group name="S_-_Group_SNK_BOSS" emptyChance="0" decoyChance="0" decoy1hpChance="0">
			<spawner name="ANACONDA" count="5,6"/>
		</group>
		<group name="S_-_Group_Zom_TAVO_ONLY" emptyChance="0" decoyChance="0" decoy1hpChance="0">
			<spawner name="alltavos" count="5,6"/>
		</group>
		<group name="S_-_Group_Zom_ELITE_ONLY" emptyChance="0" decoyChance="0" decoy1hpChance="0">
			<spawner name="allelites" count="5,6"/>
		</group>
		<group name="S_-_Group_Zom_DIAMON" emptyChance="0" decoyChance="0" decoy1hpChance="0">
			<spawner name="DIAMONbosS" count="5,6"/>
		</group>
		<group name="S_-_Group_Zom_SNUKFIN_ONLY" emptyChance="0" decoyChance="0" decoy1hpChance="0">
			<spawner name="allsnukfin" count="5,6"/>
		</group>

		<spawner name="gatchaZombiees">
			<gamestage stage="1">
				<spawn group="qGroupAllZombies" num="1" maxAlive="2" duration="1"/>
			</gamestage>
		</spawner>
		<spawner name="allNormalBosses">
			<gamestage stage="1">
				<spawn group="qGroupAllNormalBosses" num="1" maxAlive="2" duration="1"/>
			</gamestage>
		</spawner>
		<spawner name="allSpecialBosses">
			<gamestage stage="1">
				<spawn group="qGroupAllSpecialBosses" num="1" maxAlive="2" duration="1"/>
			</gamestage>
		</spawner>
		<spawner name="allNormalZombies">
			<gamestage stage="1">
				<spawn group="qGroupAllNormalZombies" num="1" maxAlive="2" duration="1"/>
			</gamestage>
		</spawner>
		<spawner name="allsallSpecialZombie">
			<gamestage stage="1">
				<spawn group="qGroupAllSpecialZombies" num="1" maxAlive="2" duration="1"/>
			</gamestage>
		</spawner>
		
		<spawner name="allsnukfin">
			<gamestage stage="1">
				<spawn group="allsnukfingroup" num="1" maxAlive="2" duration="1"/>
			</gamestage>
		</spawner>
		<spawner name="allMinisQ">
			<gamestage stage="1">
				<spawn group="allMinisGroup" num="1" maxAlive="2" duration="1"/>
			</gamestage>
		</spawner>
		<spawner name="allNights">
			<gamestage stage="1">
				<spawn group="allNightsGroup" num="1" maxAlive="2" duration="1"/>
			</gamestage>
		</spawner>
		<spawner name="allelites">
			<gamestage stage="1">
				<spawn group="allelitesgroup" num="1" maxAlive="2" duration="1"/>
			</gamestage>
		</spawner>	
		<spawner name="allWater">
			<gamestage stage="1">
				<spawn group="allWaterGroup" num="1" maxAlive="2" duration="1"/>
			</gamestage>
		</spawner>
		<spawner name="allFrozen">
			<gamestage stage="1">
				<spawn group="allFrozenGgroup" num="1" maxAlive="2" duration="1"/>
			</gamestage>
		</spawner>
		<spawner name="allFire">
			<gamestage stage="1">
				<spawn group="allFireGroup" num="1" maxAlive="2" duration="1"/>
			</gamestage>
		</spawner>
		<spawner name="allElectrical">
			<gamestage stage="1">
				<spawn group="allElectricalGroup" num="1" maxAlive="2" duration="1"/>
			</gamestage>
		</spawner>
					
		<spawner name="zombieSB">
			<gamestage stage="1">
				<spawn group="ZombiesSB" num="1" maxAlive="2" duration="1"/>				
			</gamestage>
		</spawner>
		<spawner name="ZombieJUGGER">
			<gamestage stage="1">
				<spawn group="ZombiesJ" num="1" maxAlive="2" duration="1"/>
			</gamestage>
		</spawner>
		<spawner name="ZombieBOSS">
			<gamestage stage="1">
				<spawn group="ZombiesB" num="1" maxAlive="2" duration="1"/>
			</gamestage>
		</spawner>
		<spawner name="ZombieABOSS">
			<gamestage stage="1">
				<spawn group="ZombiesAB" num="1" maxAlive="2" duration="1"/>
			</gamestage>
		</spawner>
		<spawner name="ANACONDA">
			<gamestage stage="1">
				<spawn group="ZombiesSanakeBOSS" num="1" maxAlive="2" duration="1"/>
			</gamestage>
		</spawner>
		<spawner name="alltavos">
			<gamestage stage="1">
				<spawn group="allsnukfingroup" num="1" maxAlive="2" duration="1"/>
			</gamestage>
		</spawner>		
		<spawner name="DIAMONbosS">
			<gamestage stage="1">
				<spawn group="allbossesgroup" num="1" maxAlive="2" duration="1"/>
			</gamestage>
		</spawner>

		<spawner name="qSpawnTav">
			<gamestage stage="1">
				<spawn group="qGroupTav" num="1" maxAlive="2" duration="1"/>
			</gamestage>			
		</spawner>			
		<spawner name="qSpawnSol">
			<gamestage stage="1">
				<spawn group="qGroupSol" num="1" maxAlive="2" duration="1"/>
			</gamestage>			
		</spawner>
		<spawner name="qSpawnJug">
			<gamestage stage="1">
				<spawn group="qGroupJug" num="1" maxAlive="2" duration="1"/>
			</gamestage>			
		</spawner>	
		<spawner name="qSpawnCab">
			<gamestage stage="1">
				<spawn group="qGroupCab" num="1" maxAlive="2" duration="1"/>
			</gamestage>			
		</spawner>
		<spawner name="qSpawnSMum">
			<gamestage stage="1">
				<spawn group="qGroupMum" num="1" maxAlive="2" duration="1"/>
			</gamestage>			
		</spawner>	
		<spawner name="qSpawnCir">
			<gamestage stage="1">
				<spawn group="qGroupCir" num="1" maxAlive="2" duration="1"/>
			</gamestage>			
		</spawner>
		<spawner name="qSpawnSir">
			<gamestage stage="1">
				<spawn group="qGroupSir" num="1" maxAlive="2" duration="1"/>
			</gamestage>			
		</spawner>

	</append>
</configs>
