<configs>
	<!-- ====================================Agregar quest al loot==================================== -->
	<!--Gallinazila-->
		<append xpath="/lootcontainers/lootgroup[@name='groupBirdNest02']">
			<item name="q_Gallinazilla" prob="0.03"/>
		</append>
	<!---->
	<append xpath="/lootcontainers">
	<!-- ==============================================Loot Quest=========================================== -->
		
	<!-- ==============================================Loot Template=========================================== -->
		<lootqualitytemplates>
			<lootqualitytemplate name="speciallootmod">
				<qualitytemplate level="1,999999" default_quality="6">
					<loot quality="6" prob="1"/>
				</qualitytemplate>
			</lootqualitytemplate>
		</lootqualitytemplates>
	<!---->
	<!-- ==============================================Drop De bosses========================================== -->
		<!--Special Groups-->
		<lootgroup name="piezasarmas">
			<item name="gunRifleT1HuntingRifleParts" count="5,10"/>
			<item name="gunShotgunT1DoubleBarrelParts" count="5,10"/>
			<item name="gunMGT1AK47Parts" count="5,10"/>
			<item name="gunHandgunT1PistolParts" count="5,10"/>
			<item name="gunBowT1WoodenBowParts" count="5,10"/>
			<item name="gunExplosivesT3RocketLauncherParts" count="5,10"/>
			<item name="gunBotRoboticsParts" count="1,5"/>
		</lootgroup>
		<lootgroup name="piezasmelee">
			<item name="meleeWpnBatonT2StunBatonParts" count="1,5"/>
			<item name="meleeWpnKnucklesT3SteelKnucklesParts" count="1,5"/>
			<item name="meleeWpnBladeT3MacheteParts" count="1,5"/>
			<item name="meleeWpnSpearT3SteelSpearParts" count="1,5"/>
			<item name="meleeWpnClubT3SteelClubParts" count="1,5"/>
			<item name="meleeWpnSledgeT3SteelSledgehammerParts" count="1,5"/>
			<item name="meleeToolAllSteelParts" count="1,5"/>
			<item name="meleeToolAxeT3ChainsawParts" count="1,2"/>
		</lootgroup>		
		<lootgroup name="oresraros">
			<item name="resourceRawDiamond" count="3,6"/>
			<item name="resourceGoldNugget" count="8,16"/>
			<item name="resourceSilverNugget" count="13,26"/>
		</lootgroup>
		<lootgroup name="perkBooksHF">
			<item name="bookRangersArrowRecovery" count="5,7" />
			<item name="bookRangersCripplingShot" count="5,7" />
			<item name="bookRangersKnockdown" count="5,7" />
			<item name="bookRangersFlamingArrows" count="5,7" />
			<item name="bookRangersAPAmmo" count="5,7" />
			<item name="bookRangersExplodingBolts" count="5,7" />
			<item name="bookRangersForestGuide" count="5,7" />
			<item name="bookArtOfMiningLuckyStrike" count="5,7" />
			<item name="bookArtOfMiningDiamondTools" count="5,7" />
			<item name="bookArtOfMiningCoffee" count="5,7" />
			<item name="bookArtOfMiningBlackStrap" count="5,7" />
			<item name="bookArtOfMiningPallets" count="5,7" />
			<item name="bookArtOfMiningAvalanche" count="5,7" />
			<item name="bookArtOfMiningDamage" count="5,7" />
			<item name="bookAutoWeaponsDamage" count="5,7" />
			<item name="bookAutoWeaponsRagdoll" count="5,7" />
			<item name="bookAutoWeaponsMaintenance" count="5,7" />
			<item name="bookAutoWeaponsRecoil" count="5,7" />
			<item name="bookAutoWeaponsDrumMag" count="5,7" />
			<item name="bookAutoWeaponsUncontrolledBurst" count="5,7" />
			<item name="bookAutoWeaponsMachineGuns" count="5,7" />
			<item name="bookBatterUpFoulBalls" count="5,7" />
			<item name="bookBatterUpBigHits" count="5,7" />
			<item name="bookBatterUpStealingBases" count="5,7" />
			<item name="bookBatterUpKnockdown" count="5,7" />
			<item name="bookBatterUpSlowPitch" count="5,7" />
			<item name="bookBatterUpMaintenance" count="5,7" />
			<item name="bookBatterUpMetalChain" count="5,7" />
			<item name="bookEnforcerAPAmmo" count="5,7" />
			<item name="bookEnforcerApparel" count="5,7" />
			<item name="bookEnforcerCriminalPursuit" count="5,7" />
			<item name="bookEnforcerHPAmmo" count="5,7" />
			<item name="bookEnforcerDamage" count="5,7" />
			<item name="bookEnforcerIntimidation" count="5,7" />
			<item name="bookEnforcerPunks" count="5,7" />
			<item name="bookFiremansAlmanacSpeed" count="5,7" />
			<item name="bookFiremansAlmanacAxes" count="5,7" />
			<item name="bookFiremansAlmanacEquipment" count="5,7" />
			<item name="bookFiremansAlmanacPrevention" count="5,7" />
			<item name="bookFiremansAlmanacHarvest" count="5,7" />
			<item name="bookFiremansAlmanacHeat" count="5,7" />
			<item name="bookFiremansAlmanacMolotov" count="5,7" />
			<item name="bookGreatHeistAdrenalineFall" count="5,7" />
			<item name="bookGreatHeistSprintSneak" count="5,7" />
			<item name="bookGreatHeistClaimed" count="5,7" />
			<item name="bookGreatHeistGems" count="5,7" />
			<item name="bookGreatHeistMotionDetection" count="5,7" />
			<item name="bookGreatHeistSafes" count="5,7" />
			<item name="bookGreatHeistSprintSneak" count="5,7" />
			<item name="bookHuntingJournalBears" count="5,7" />
			<item name="bookHuntingJournalCoyotes" count="5,7" />
			<item name="bookHuntingJournalDeer" count="5,7" />
			<item name="bookHuntingJournalMountainLions" count="5,7" />
			<item name="bookHuntingJournalVultures" count="5,7" />
			<item name="bookHuntingJournalWolves" count="5,7" />
			<item name="bookHuntingJournalSelfDefense" count="5,7" />
			<item name="bookLuckyLooterAmmunition" count="5,7" />
			<item name="bookLuckyLooterBooks" count="5,7" />
			<item name="bookLuckyLooterBrass" count="5,7" />
			<item name="bookLuckyLooterDukes" count="5,7" />
			<item name="bookLuckyLooterFood" count="5,7" />
			<item name="bookLuckyLooterLead" count="5,7" />
			<item name="bookLuckyLooterMedical" count="5,7" />
			<!-- <item name="bookNeedleAndThreadDesertWear" count="5,7" />
			<item name="bookNeedleAndThreadDusters" count="5,7" />
			<item name="bookNeedleAndThreadFootwear" count="5,7" />
			<item name="bookNeedleAndThreadLegwear" count="5,7" />
			<item name="bookNeedleAndThreadPockets" count="5,7" />
			<item name="bookNeedleAndThreadPufferCoats" count="5,7" />
			<item name="bookNeedleAndThreadWinterWear" count="5,7" /> -->
			<item name="bookNightStalkerArchery" count="5,7" />
			<item name="bookNightStalkerBlades" count="5,7" />
			<item name="bookNightStalkerSilentNight" count="5,7" />
			<item name="bookNightStalkerSlumberParty" count="5,7" />
			<item name="bookNightStalkerStealthDamage" count="5,7" />
			<item name="bookNightStalkerThiefAdrenaline" count="5,7" />
			<item name="bookNightStalkerTwilightThief" count="5,7" />
			<item name="bookPistolPeteAPAmmo" count="5,7" />
			<item name="bookPistolPeteDamage" count="5,7" />
			<item name="bookPistolPeteHPAmmo" count="5,7" />
			<item name="bookPistolPeteMaintenance" count="5,7" />
			<item name="bookPistolPeteSteadyHand" count="5,7" />
			<item name="bookPistolPeteSwissKnees" count="5,7" />
			<item name="bookPistolPeteTakeAim" count="5,7" />
			<item name="bookShotgunMessiahBreachingSlugs" count="5,7" />
			<item name="bookShotgunMessiahDamage" count="5,7" />
			<item name="bookShotgunMessiahLimbShot" count="5,7" />
			<item name="bookShotgunMessiahMaintenance" count="5,7" />
			<item name="bookShotgunMessiahMagazine" count="5,7" />
			<item name="bookShotgunMessiahPartyStarter" count="5,7" />
			<item name="bookShotgunMessiahSlugs" count="5,7" />
			<item name="bookSniperAPAmmo" count="5,7" />
			<item name="bookSniperControlledBreathing" count="5,7" />
			<item name="bookSniperCripplingShot" count="5,7" />
			<item name="bookSniperDamage" count="5,7" />
			<item name="bookSniperHeadShot" count="5,7" />
			<item name="bookSniperReload" count="5,7" />
			<item name="bookSniperHPAmmo" count="5,7" />
			<item name="bookUrbanCombatAdrenalineRush" count="5,7" />
			<item name="bookUrbanCombatCigar" count="5,7" />
			<item name="bookUrbanCombatRoomClearing" count="5,7" />
			<item name="bookUrbanCombatJumping" count="5,7" />
			<item name="bookUrbanCombatLandMines" count="5,7" />
			<item name="bookUrbanCombatLanding" count="5,7" />
			<item name="bookUrbanCombatSneaking" count="5,7" />
			<item name="bookWasteTreasuresAcid" count="5,7" />
			<item name="bookWasteTreasuresCloth" count="5,7" />
			<item name="bookWasteTreasuresCoffins" count="5,7" />
			<item name="bookWasteTreasuresDoors" count="5,7" />
			<item name="bookWasteTreasuresHoney" count="5,7" />
			<item name="bookWasteTreasuresSinks" count="5,7" />
			<item name="bookWasteTreasuresWater" count="5,7" />
			<item name="bookBarBrawling1BasicMoves" count="5,7" />
			<item name="bookBarBrawling2DropABomb" count="5,7" />
			<item name="bookBarBrawling3KillerInstinct" count="5,7" />
			<item name="bookBarBrawling4FinishingMoves" count="5,7" />
			<item name="bookBarBrawling5AdrenalineHealing" count="5,7" />
			<item name="bookBarBrawling6RageMode" count="5,7" />
			<item name="bookBarBrawling7BoozedUp" count="5,7" />
			<item name="bookSpearHunter1Damage" count="5,7" />
			<item name="bookSpearHunter2Maintenance" count="5,7" />
			<item name="bookSpearHunter3Bleed" count="5,7" />
			<item name="bookSpearHunter4KillMove" count="5,7" />
			<item name="bookSpearHunter5RapidStrike" count="5,7" />
			<item name="bookSpearHunter6PenetratingShaft" count="5,7" />
			<item name="bookSpearHunter7QuickStrike" count="5,7" />
			<item name="bookTechJunkie1Damage" count="5,7" />
			<item name="bookTechJunkie2Maintenance" count="5,7" />
			<item name="bookTechJunkie3APAmmo" count="5,7" />
			<item name="bookTechJunkie4Shells" count="5,7" />
			<item name="bookTechJunkie5Repulsor" count="5,7" />
			<item name="bookTechJunkie6BatonCharge" count="5,7" />
			<item name="bookTechJunkie7Hydraulics" count="5,7" />
		</lootgroup>
		<!--Loot de Bosses-->
		<lootgroup name="lootBossSiren" count="all">
			<item name="resourceBrokenGlass" count="1"/>
			<item name="bossTokenNight" count="1"/>
			<item name="resourceSteelPolishR" count="5,100" />
			<item name="oldCash" count="10,50"/>
			<item group="piezasarmas" count="1"/>
			<!---->
		</lootgroup>
		<lootgroup name="lootBossSiren2" count="all">
			<item name="Practonium" count="1"/>
			<item name="bossTokenNight" count="1"/>
			<!---->
		</lootgroup>
		<lootgroup name="lootBossMineral" count="all">
			<item name="resourceBrokenGlass" count="1"/>
			<item name="bossTokenMineral" count="1"/>
			<item name="resourceSteelPolishR" count="30,150" />
			<item name="oldCash" count="10,50"/>
			<item name="resourceSilverNugget" count="75,78"/>
			<item name="resourceGoldNugget" count="50,53"/>
			<item name="resourceRawDiamond" count="25,28"/>
			<item group="piezasarmas" count="1"/>
		</lootgroup>
		<lootgroup name="lootBossMineral2" count="all">
			<item name="resourceBrokenGlass" count="1"/>
			<item name="bossTokenMineral" count="1"/>
			<item name="Practonium" count="1"/>
			<item name="resourceSteelPolishR" count="30,150" />
			<item name="oldCash" count="10,50"/>
			<item name="resourceSilverNugget" count="75,78"/>
			<item name="resourceGoldNugget" count="50,53"/>
			<item name="resourceRawDiamond" count="25,28"/>
			<item group="piezasarmas" count="1"/>
		</lootgroup>
		<lootgroup name="lootBossPracto" count="all">
			<item name="resourceBrokenGlass" count="1"/>
			<item name="bossTokenMineral" count="1"/>
			<item name="Practonium" count="5"/>
			<item name="resourceSteelPolishR" count="30,150" />
			<item name="oldCash" count="10,50"/>
			<item name="resourceSilverNugget" count="4"/>
			<item name="resourceGoldNugget" count="8"/>
			<item name="resourceRawDiamond" count="12"/>
			<item group="piezasarmas" count="1"/>
		</lootgroup>
		<lootgroup name="lootBossPracto2" count="all">
			<item name="resourceBrokenGlass" count="1"/>
			<item name="bossTokenMineral" count="1"/>
			<item name="Practonium" count="6"/>
			<item name="resourceSteelPolishR" count="30,150" />
			<item name="oldCash" count="10,50"/>
			<item name="resourceSilverNugget" count="4"/>
			<item name="resourceGoldNugget" count="8"/>
			<item name="resourceRawDiamond" count="12"/>
			<item group="piezasarmas" count="1"/>
		</lootgroup>

		<lootgroup name="lootBossNS" count="all">
			<item name="resourceBrokenGlass" count="3"/>
			<item name="bossTokenMineral" count="3"/>
			<item name="Practonium" count="15,18"/>
			<item name="resourceSteelPolishR" count="30,150" />
			<item name="oldCash" count="30,150"/>
			<item name="resourceSilverNugget" count="225"/>
			<item name="resourceGoldNugget" count="150"/>
			<item name="resourceRawDiamond" count="75"/>
			<item group="piezasarmas" count="3"/>	
		</lootgroup>
		<lootgroup name="lootBossSoldier" count="all">
			<item name="resourceBrokenGlass" count="1"/>
			<item name="bossTokenSoldier" count="1"/>
			<item name="Practonium" count="1"/>
			<item name="resourceSteelPolishR" count="30,150" />
			<item name="oldCash" count="5,25"/>
			<item group="oresraros"/>
			<item group="piezasarmas" count="1,2"/>
			<!---->
		</lootgroup>
		<lootgroup name="lootBossJugger" count="all">
			<item name="resourceBrokenGlass" count="1"/>
			<item name="bossTokenJugger" count="1"/>
			<item name="Practonium" count="1"/>
			<item name="resourceSteelPolishR" count="30,150" />
			<item name="oldCash" count="5,25"/>
			<item group="oresraros"/>
			<item group="piezasarmas" count="1,2"/>
			<!---->
		</lootgroup>
		<lootgroup name="lootzombieBossMummy" count="all">
			<item name="resourceBrokenGlass" count="1"/>
			<item name="bossTokenMummy" count="1"/>
			<item name="Practonium" count="1"/>
			<item name="resourceSteelPolishR" count="30,150" />
			<item name="oldCash" count="5,25"/>
			<item group="oresraros"/>
			<item group="piezasarmas" count="1,2"/>
			<!---->
		</lootgroup>
		<lootgroup name="lootzombieBossZombieKnight" count="all">
			<item name="resourceBrokenGlass" count="1"/>
			<item name="bossTokenGadiador" count="1"/>
			<item name="Practonium" count="1"/>
			<item name="resourceSteelPolishR" count="30,150" />
			<item name="oldCash" count="5,25"/>
			<item group="oresraros"/>
			<item group="piezasarmas" count="1,2"/>
			<!---->
		</lootgroup>
	<!-- Added by HolyVentus -->
		<lootgroup name="lootBossCirujano" count="all">
			<item name="resourceBrokenGlass" count="1"/>
			<item name="bossTokenCirujano" count="1"/>
			<item name="Practonium" count="1"/>
			<item name="resourceSteelPolishR" count="30,150" />
			<item name="oldCash" count="5,25"/>
			<item group="oresraros"/>
			<item group="piezasarmas" count="1,2"/>
			<!---->
		</lootgroup>
		<lootgroup name="lootBossSpartan" count="all">
			<item name="resourceBrokenGlass" count="1"/>
			<item name="bossTokenSpartan" count="1"/>
			<item name="Practonium" count="1"/>
			<item name="resourceSteelPolishR" count="30,150" />
			<item name="oldCash" count="5,25"/>
			<item group="oresraros"/>
			<item group="piezasmelee" count="1,2"/>
			<!---->
		</lootgroup>
		<lootgroup name="lootBossMortevoda" count="all">
			<item name="resourceBrokenGlass" count="1"/>
			<item name="bossTokenMortevoda" count="1"/>
			<item name="Practonium" count="1"/>
			<item name="resourceSteelPolishR" count="30,150" />
			<item name="oldCash" count="5,25"/>
			<item group="oresraros"/>
			<item group="piezasarmas" count="1,2"/>
			<!---->
		</lootgroup>
		<lootgroup name="lootBossInfernal" count="all">
			<item name="resourceBrokenGlass" count="1"/>
			<item name="bossTokenInfernal" count="1"/>
			<item name="Practonium" count="1"/>
			<item name="resourceSteelPolishR" count="30,150" />
			<item name="oldCash" count="5,25"/>
			<item group="oresraros"/>
			<item group="piezasarmas" count="1,2"/>
			<!---->
		</lootgroup>
		<lootgroup name="lootBossHoarfrost" count="all">
			<item name="resourceBrokenGlass" count="1"/>
			<item name="bossTokenHoarfrost" count="1"/>
			<item name="Practonium" count="1"/>
			<item name="resourceSteelPolishR" count="30,150" />
			<item name="oldCash" count="5,25"/>
			<item group="oresraros"/>
			<item group="piezasarmas" count="1,2"/>
			<!---->
		</lootgroup>
		<lootgroup name="lootBossShocker" count="all">
			<item name="resourceBrokenGlass" count="1"/>
			<item name="bossTokenShocker" count="1"/>
			<item name="Practonium" count="1"/>
			<item name="resourceSteelPolishR" count="30,150" />
			<item name="oldCash" count="5,25"/>
			<item group="oresraros"/>
			<item group="piezasarmas" count="1,2"/>
			<!---->
		</lootgroup>
		<lootgroup name="lootBossToxic" count="all">
			<item name="resourceBrokenGlass" count="1"/>
			<item name="bossTokenToxic" count="1"/>
			<item name="Practonium" count="1"/>
			<item name="resourceSteelPolishR" count="30,150" />
			<item name="oldCash" count="5,25"/>
			<item group="oresraros"/>
			<item group="piezasarmas" count="1,2"/>
			<!---->
		</lootgroup>		
	<!-- END Added by HolyVentus -->
		<lootgroup name="lootBossHF" count="all">
			<item name="resourceBrokenGlass" count="1"/>
			<item name="Practonium" count="5"/>
			<item name="resourceSteelPolishR" count="300" />
			<item name="oldCash" count="2000"/>
			<item group="oresraros" count="3"/>
			<item group="piezasarmas" count="5"/>
			<!---->
		</lootgroup>

	<!---->
	<!-- ======================================Contenedores de bosses========================================== -->
		
		<lootcontainer id="400" name="sirenBossCoutainer" count="1" size="5,2" destroy_on_close="true" sound_open="UseActions/open_backpack" sound_close="UseActions/close_backpack" open_time="0" loot_quality_template="speciallootmod">
			<item group="lootBossSiren" count="1"/>
			<item group="lootBossSiren2" count="1" prob="0.25"/>
		</lootcontainer>
		<lootcontainer id="401" name="mineralBossCoutainer" count="1" size="8,2" destroy_on_close="true" sound_open="UseActions/open_backpack" sound_close="UseActions/close_backpack" open_time="0" loot_quality_template="speciallootmod">
			<item group="lootBossMineral" count="1"/>
			<item group="lootBossMineral2" count="1" prob="0.25"/>
		</lootcontainer>
		<lootcontainer name="practoBossCoutainer" count="1" size="8,2" destroy_on_close="true" sound_open="UseActions/open_backpack" sound_close="UseActions/close_backpack" open_time="0" loot_quality_template="speciallootmod">
			<item group="lootBossPracto" count="1"/>
			<item group="lootBossPracto2" count="1" prob="0.25"/>
		</lootcontainer>
		<lootcontainer id="402" name="soldierBossCoutainer" count="1" size="6,2" destroy_on_close="true" sound_open="UseActions/open_backpack" sound_close="UseActions/close_backpack" open_time="0" loot_quality_template="speciallootmod">
			<item group="lootBossSoldier" count="1"/>
		</lootcontainer>
		<lootcontainer id="403" name="juggerBossCoutainer" count="1" size="6,2" destroy_on_close="true" sound_open="UseActions/open_backpack" sound_close="UseActions/close_backpack" open_time="0" loot_quality_template="speciallootmod">
			<item group="lootBossJugger" count="1"/>
		</lootcontainer>
		<lootcontainer id="404" name="mummyBossCoutainer" count="1" size="6,2" destroy_on_close="true" sound_open="UseActions/open_backpack" sound_close="UseActions/close_backpack" open_time="0" loot_quality_template="speciallootmod">
			<item group="lootzombieBossMummy" count="1"/>
		</lootcontainer>
		<lootcontainer id="405" name="hfBossCoutainer" count="1" size="5,3" destroy_on_close="true" sound_open="UseActions/open_backpack" sound_close="UseActions/close_backpack" open_time="0" loot_quality_template="speciallootmod">
			<item group="lootBossHF" count="1"/>
		</lootcontainer>
		<lootcontainer id="406" name="sirenShinyBossCoutainer" count="1" size="5,2" destroy_on_close="true" sound_open="UseActions/open_backpack" sound_close="UseActions/close_backpack" open_time="0" loot_quality_template="speciallootmod">
			<item group="lootBossSiren" count="3"/>
			<item group="lootBossSiren2" count="3" prob="0.25"/>
		</lootcontainer>
		<lootcontainer name="mineralShinyBossCoutainer" count="1" size="8,2" destroy_on_close="true" sound_open="UseActions/open_backpack" sound_close="UseActions/close_backpack" open_time="0" loot_quality_template="speciallootmod">
			<item group="lootBossNS" count="1"/>
		</lootcontainer>
		<lootcontainer id="408" name="soldierShinyBossCoutainer" count="1" size="6,3" destroy_on_close="true" sound_open="UseActions/open_backpack" sound_close="UseActions/close_backpack" open_time="0" loot_quality_template="speciallootmod">
			<item group="lootBossSoldier" count="3"/>
		</lootcontainer>
		<lootcontainer id="409" name="juggerShinyBossCoutainer" count="1" size="6,3" destroy_on_close="true" sound_open="UseActions/open_backpack" sound_close="UseActions/close_backpack" open_time="0" loot_quality_template="speciallootmod">
			<item group="lootBossJugger" count="3"/>
		</lootcontainer>
		<lootcontainer id="410" name="mummyShinyBossCoutainer" count="1" size="6,3" destroy_on_close="true" sound_open="UseActions/open_backpack" sound_close="UseActions/close_backpack" open_time="0" loot_quality_template="speciallootmod">
			<item group="lootzombieBossMummy" count="3"/>
		</lootcontainer>
		<lootcontainer id="411" name="hfShinyBossCoutainer" count="1" size="6,3" destroy_on_close="true" sound_open="UseActions/open_backpack" sound_close="UseActions/close_backpack" open_time="0" loot_quality_template="speciallootmod">
			<item group="lootBossHF" count="3"/>
		</lootcontainer>
		<lootcontainer id="412" name="gladiatorBossCoutainer" count="1" size="6,3" destroy_on_close="true" sound_open="UseActions/open_backpack" sound_close="UseActions/close_backpack" open_time="0" loot_quality_template="speciallootmod">
			<item group="lootzombieBossZombieKnight" count="1"/>
		</lootcontainer>
		<lootcontainer id="413" name="gladiatorShinyBossCoutainer" count="1" size="6,3" destroy_on_close="true" sound_open="UseActions/open_backpack" sound_close="UseActions/close_backpack" open_time="0" loot_quality_template="speciallootmod">
			<item group="lootzombieBossZombieKnight" count="3"/>
		</lootcontainer>
	<!-- Added by HolyVentus -->
		<lootcontainer id="416" name="cirujanoBossCoutainer" count="1" size="6,2" destroy_on_close="true" sound_open="UseActions/open_backpack" sound_close="UseActions/close_backpack" open_time="0" loot_quality_template="speciallootmod">
			<item group="lootBossCirujano" count="1"/>
		</lootcontainer>
		<lootcontainer id="417" name="cirujanoShinyBossCoutainer" count="1" size="6,3" destroy_on_close="true" sound_open="UseActions/open_backpack" sound_close="UseActions/close_backpack" open_time="0" loot_quality_template="speciallootmod">
			<item group="lootBossCirujano" count="3"/>
		</lootcontainer>
		<lootcontainer id="418" name="spartanBossContainer" count="1" size="6,2" destroy_on_close="true" sound_open="UseActions/open_backpack" sound_close="UseActions/close_backpack" open_time="0" loot_quality_template="speciallootmod">
			<item group="lootBossSpartan" count="1"/>
		</lootcontainer>
		<lootcontainer id="419" name="spartanShinyBossContainer" count="1" size="6,3" destroy_on_close="true" sound_open="UseActions/open_backpack" sound_close="UseActions/close_backpack" open_time="0" loot_quality_template="speciallootmod">
			<item group="lootBossSpartan" count="3"/>
		</lootcontainer>
		<lootcontainer id="420" name="mortevodaBossContainer" count="1" size="6,2" destroy_on_close="true" sound_open="UseActions/open_backpack" sound_close="UseActions/close_backpack" open_time="0" loot_quality_template="speciallootmod">
			<item group="lootBossMortevoda" count="1"/>
		</lootcontainer>
		<lootcontainer id="421" name="mortevodaShinyBossContainer" count="1" size="6,3" destroy_on_close="true" sound_open="UseActions/open_backpack" sound_close="UseActions/close_backpack" open_time="0" loot_quality_template="speciallootmod">
			<item group="lootBossMortevoda" count="3"/>
		</lootcontainer>
		<lootcontainer id="422" name="infernalBossContainer" count="1" size="6,2" destroy_on_close="true" sound_open="UseActions/open_backpack" sound_close="UseActions/close_backpack" open_time="0" loot_quality_template="speciallootmod">
			<item group="lootBossInfernal" count="1"/>
		</lootcontainer>
		<lootcontainer id="423" name="infernalShinyBossContainer" count="1" size="6,3" destroy_on_close="true" sound_open="UseActions/open_backpack" sound_close="UseActions/close_backpack" open_time="0" loot_quality_template="speciallootmod">
			<item group="lootBossInfernal" count="3"/>
		</lootcontainer>
		<lootcontainer id="424" name="hoarfrostBossContainer" count="1" size="6,2" destroy_on_close="true" sound_open="UseActions/open_backpack" sound_close="UseActions/close_backpack" open_time="0" loot_quality_template="speciallootmod">
			<item group="lootBossHoarfrost" count="1"/>
		</lootcontainer>
		<lootcontainer id="425" name="hoarfrostShinyBossContainer" count="1" size="6,3" destroy_on_close="true" sound_open="UseActions/open_backpack" sound_close="UseActions/close_backpack" open_time="0" loot_quality_template="speciallootmod">
			<item group="lootBossHoarfrost" count="3"/>
		</lootcontainer>
		<lootcontainer id="426" name="shockerBossContainer" count="1" size="6,2" destroy_on_close="true" sound_open="UseActions/open_backpack" sound_close="UseActions/close_backpack" open_time="0" loot_quality_template="speciallootmod">
			<item group="lootBossShocker" count="1"/>
		</lootcontainer>
		<lootcontainer id="427" name="shockerShinyBossContainer" count="1" size="6,3" destroy_on_close="true" sound_open="UseActions/open_backpack" sound_close="UseActions/close_backpack" open_time="0" loot_quality_template="speciallootmod">
			<item group="lootBossShocker" count="3"/>
		</lootcontainer>
		<lootcontainer id="428" name="toxicBossContainer" count="1" size="6,2" destroy_on_close="true" sound_open="UseActions/open_backpack" sound_close="UseActions/close_backpack" open_time="0" loot_quality_template="speciallootmod">
			<item group="lootBossToxic" count="1"/>
		</lootcontainer>
		<lootcontainer id="429" name="toxicShinyBossContainer" count="1" size="6,3" destroy_on_close="true" sound_open="UseActions/open_backpack" sound_close="UseActions/close_backpack" open_time="0" loot_quality_template="speciallootmod">
			<item group="lootBossToxic" count="3"/>
		</lootcontainer>
	<!-- END Added by HolyVentus -->
		
		<lootcontainer id="415" name="semiBossCoutainer" count="5,6" size="6,3" destroy_on_close="true" sound_open="UseActions/open_backpack" sound_close="UseActions/close_backpack" open_time="0" loot_quality_template="speciallootmod">
			<item group="booksRareOnlyScaled"/>
			<item group="groupWeaponsAllScaled"/>
			<item group="groupRareToolsTiered"/>
			<item group="groupArmorScaled"/>
			<!-- <item group="groupApparelHazmat"/> -->
			<item name="resourceForgedSteel" count="12,30"/>			
			<item name="oldCash" count="250,450"/>
			<item name="resourceRawDiamond" count="1,2"/>
			<item name="resourceGoldNugget" count="2,4"/>
			<item name="resourceSilverNugget" count="4,8"/>
			<item name="drugVitamins"/>
			<item name="drugSteroids"/>
			<item group="groupTreasureMaps" prob="0.5"/>
			<item group="groupModAllScaled"/>
			<item group="vehiclePartsTiered"/>
			<!---->
		</lootcontainer>
		<!---->
		<!-- ======================================ENEMIGOS DE T4VO RECOMPENSAS==================================== -->
		<lootgroup name="groupQuestTAVO1">
			<item name="Mineral_Bag" count="1" loot_prob_template="QuestT3Prob"/>
		</lootgroup>
		<lootgroup name="groupQuestTAVO2">
			<item group="perkBooksHF" count="1" loot_prob_template="QuestT3Prob"/>
		</lootgroup>
		<lootgroup name="groupQuestTAVO3">
			<item name="drugRecog" count="15" loot_prob_template="QuestT3Prob"/>
			<item name="drinkJarGrandpasLearningElixir" count="15" loot_prob_template="QuestT3Prob"/>
			<item name="medicalFirstAidKit" count="20" loot_prob_template="QuestT3Prob"/>
		</lootgroup>
		<lootgroup name="groupQuestTAVO4">
			<item name="casinoCoin" count="15000,20000" loot_prob_template="QuestT3Prob"/>
			<item name="oldCash" count="5000,7500" loot_prob_template="QuestT3Prob"/>
		</lootgroup>
		<lootgroup name="groupQuestTAVO5">
			<item name="ammo9mmBulletBall" count="1500" loot_prob_template="QuestT3Prob"/>
			<item name="ammo9mmBulletAP" count="500" loot_prob_template="QuestT3Prob"/>
			<item name="ammo44MagnumBulletBall" count="1000" loot_prob_template="QuestT3Prob"/>
			<item name="ammo44MagnumBulletAP" count="500" loot_prob_template="QuestT3Prob"/>
			<item name="ammoShotgunShell" count="1000" loot_prob_template="QuestT3Prob"/>
			<item name="ammoShotgunSlug" count="500" loot_prob_template="QuestT3Prob"/>
			<item name="ammo762mmBulletBall" count="1000" loot_prob_template="QuestT3Prob"/>
			<item name="ammo762mmBulletAP" count="500" loot_prob_template="QuestT3Prob"/>
			<item name="ammoRocketFrag" count="100" loot_prob_template="QuestT3Prob"/>
			<item name="ammoRocketHE" count="75" loot_prob_template="QuestT3Prob"/>
			<item name="thrownAmmoPipeBomb" count="150" loot_prob_template="QuestT3Prob"/>
			<item name="thrownDynamite" count="150" loot_prob_template="QuestT3Prob"/>
			<item name="thrownGrenade" count="150" loot_prob_template="QuestT3Prob"/>
			<item name="thrownGrenadeContact" count="150" loot_prob_template="QuestT3Prob"/>
		</lootgroup>
		<!-- ======================================Recomepnsas Quest Especiales T1================================= -->
		<lootgroup name="sQuestlootLT1">
			<item name="Mochila de un lunatico" count="1" loot_prob_template="QuestT3Prob"/>
			<item name="Practonium" count="1,2" loot_prob_template="QuestT3Prob"/>
		</lootgroup>
		<lootgroup name="groupQuestLUNATICOS1">
			<item name="Mochila de un lunatico" count="1" loot_prob_template="QuestT3Prob"/>
		</lootgroup>
		<lootgroup name="groupQuestLUNATICOS2">
			<item name="resourceRawDiamond" count="5" loot_prob_template="QuestT3Prob"/>
			<item name="resourceGoldNugget" count="10" loot_prob_template="QuestT3Prob"/>
			<item name="resourceSilverNugget" count="15" loot_prob_template="QuestT3Prob"/>
		</lootgroup>
		<lootgroup name="groupQuestLUNATICOS3">
			<item name="drugRecog" count="5" loot_prob_template="QuestT3Prob"/>
			<item name="drinkJarGrandpasLearningElixir" count="5" loot_prob_template="QuestT3Prob"/>
			<item name="medicalFirstAidKit" count="5" loot_prob_template="QuestT3Prob"/>
		</lootgroup>
		<lootgroup name="groupQuestLUNATICOS4">
			<item name="oldCash" count="500,2000" loot_prob_template="QuestT3Prob"/>
		</lootgroup>
		<lootgroup name="groupQuestLUNATICOS5">
			<item name="ammo9mmBulletBall" count="700" loot_prob_template="QuestT3Prob"/>
			<item name="ammo9mmBulletAP" count="350" loot_prob_template="QuestT3Prob"/>
			<item name="ammo44MagnumBulletBall" count="700" loot_prob_template="QuestT3Prob"/>
			<item name="ammo44MagnumBulletAP" count="350" loot_prob_template="QuestT3Prob"/>
			<item name="ammoShotgunShell" count="700" loot_prob_template="QuestT3Prob"/>
			<item name="ammoShotgunSlug" count="350" loot_prob_template="QuestT3Prob"/>
			<item name="ammo762mmBulletBall" count="700" loot_prob_template="QuestT3Prob"/>
			<item name="ammo762mmBulletAP" count="350" loot_prob_template="QuestT3Prob"/>
			<item name="ammoRocketFrag" count="50" loot_prob_template="QuestT3Prob"/>
			<item name="ammoRocketHE" count="25" loot_prob_template="QuestT3Prob"/>
			<item name="thrownAmmoPipeBomb" count="50" loot_prob_template="QuestT3Prob"/>
			<item name="thrownDynamite" count="50" loot_prob_template="QuestT3Prob"/>
			<item name="thrownGrenade" count="50" loot_prob_template="QuestT3Prob"/>
			<item name="thrownGrenadeContact" count="50" loot_prob_template="QuestT3Prob"/>
		</lootgroup>

		<!-- ======================================Recomepnsas Quest Especiales T2================================= -->
		<lootgroup name="sQuestloot1">
			<item name="Mineral_Bag" count="1" loot_prob_template="QuestT3Prob"/>
			<item name="Practonium" count="1" loot_prob_template="QuestT3Prob"/>
		</lootgroup>
		<lootgroup name="sQuestloot2">
			<item group="perkBooksHF" count="2,3" loot_prob_template="QuestT3Prob"/>
		</lootgroup>
		<lootgroup name="sQuestloot3">
			<item name="drugRecog" count="5" loot_prob_template="QuestT3Prob"/>
			<item name="drinkJarGrandpasLearningElixir" count="5" loot_prob_template="QuestT3Prob"/>
			<item name="medicalFirstAidKit" count="5" loot_prob_template="QuestT3Prob"/>
		</lootgroup>
		<lootgroup name="sQuestloot4">
			<item name="casinoCoin" count="5000,10000" loot_prob_template="QuestT3Prob"/>
			<item name="oldCash" count="1000,2000" loot_prob_template="QuestT3Prob"/>
		</lootgroup>
		<lootgroup name="sQuestloot5">
			<item name="ammo9mmBulletBall" count="1500" loot_prob_template="QuestT3Prob"/>
			<item name="ammo9mmBulletAP" count="500" loot_prob_template="QuestT3Prob"/>
			<item name="ammo44MagnumBulletBall" count="1000" loot_prob_template="QuestT3Prob"/>
			<item name="ammo44MagnumBulletAP" count="500" loot_prob_template="QuestT3Prob"/>
			<item name="ammoShotgunShell" count="1000" loot_prob_template="QuestT3Prob"/>
			<item name="ammoShotgunSlug" count="500" loot_prob_template="QuestT3Prob"/>
			<item name="ammo762mmBulletBall" count="1000" loot_prob_template="QuestT3Prob"/>
			<item name="ammo762mmBulletAP" count="500" loot_prob_template="QuestT3Prob"/>
			<item name="ammoRocketFrag" count="75" loot_prob_template="QuestT3Prob"/>
			<item name="ammoRocketHE" count="50" loot_prob_template="QuestT3Prob"/>
			<item name="thrownAmmoPipeBomb" count="100" loot_prob_template="QuestT3Prob"/>
			<item name="thrownDynamite" count="100" loot_prob_template="QuestT3Prob"/>
			<item name="thrownGrenade" count="100" loot_prob_template="QuestT3Prob"/>
			<item name="thrownGrenadeContact" count="100" loot_prob_template="QuestT3Prob"/>
		</lootgroup>
		<!-- ======================================Recomepnsas Quest Especiales T3================================= -->
		<lootgroup name="sQuestHFloot1">
			<item name="ResourceForgedPlatinum" count="1" loot_prob_template="QuestT3Prob"/>
			<item name="Practonium" count="25" loot_prob_template="QuestT3Prob"/>
		</lootgroup>
		<lootgroup name="sQuestHFloot2">
			<item name="bookMaestroPistol" count="1,2" loot_prob_template="QuestT3Prob"/>
			<item name="bookMaestroSnip" count="1,2" loot_prob_template="QuestT3Prob"/>
			<item name="bookMaestroShot" count="1,2" loot_prob_template="QuestT3Prob"/>
			<item name="bookMaestroAuto" count="1,2" loot_prob_template="QuestT3Prob"/>
			<item name="bookMaestroRev" count="1,2" loot_prob_template="QuestT3Prob"/>
			<item name="bookMaestroRan" count="1,2" loot_prob_template="QuestT3Prob"/>
			<item name="bookMaestroTools" count="1,2" loot_prob_template="QuestT3Prob"/>
			<item name="bookMaestroStalk" count="1,2" loot_prob_template="QuestT3Prob"/>
			<item name="bookMaestroBat" count="1,2" loot_prob_template="QuestT3Prob"/>
			<item name="bookMaestroBar" count="1,2" loot_prob_template="QuestT3Prob"/>
			<item name="bookMaestroFire" count="1,2" loot_prob_template="QuestT3Prob"/>
			<item name="bookMaestroSpear" count="1,2" loot_prob_template="QuestT3Prob"/>
			<item name="bookMaestroTech" count="1,2" loot_prob_template="QuestT3Prob"/>
			<item name="bookMaestroArm" count="1,2" loot_prob_template="QuestT3Prob"/>
			<item name="bookMaestroLoot" count="1,2" loot_prob_template="QuestT3Prob"/>
			<item name="bookMaestroTrea" count="1,2" loot_prob_template="QuestT3Prob"/>
			<item name="bookMaestroGHeir" count="1,2" loot_prob_template="QuestT3Prob"/>
			<item name="bookMaestroHunt" count="1,2" loot_prob_template="QuestT3Prob"/>
		</lootgroup>
		<lootgroup name="sQuestHFloot3">
			<item name="agua_divina" count="1" loot_prob_template="QuestT3Prob"/>
			<item name="drugRecog" count="30" loot_prob_template="QuestT3Prob"/>
			<item name="drinkJarGrandpasLearningElixir" count="30" loot_prob_template="QuestT3Prob"/>
			<item name="medicalFirstAidKit" count="50" loot_prob_template="QuestT3Prob"/>
		</lootgroup>
		<lootgroup name="sQuestHFloot4">
			<item name="casinoCoinD" count="5" loot_prob_template="QuestT3Prob"/>
			<item name="oldCash" count="20000" loot_prob_template="QuestT3Prob"/>
		</lootgroup>
		<lootgroup name="sQuestHFloot5">
			<item name="ammo9mmBulletBall" count="3000" loot_prob_template="QuestT3Prob"/>
			<item name="ammo9mmBulletAP" count="1500" loot_prob_template="QuestT3Prob"/>
			<item name="ammo44MagnumBulletBall" count="3000" loot_prob_template="QuestT3Prob"/>
			<item name="ammo44MagnumBulletAP" count="1500" loot_prob_template="QuestT3Prob"/>
			<item name="ammoShotgunShell" count="3000" loot_prob_template="QuestT3Prob"/>
			<item name="ammoShotgunSlug" count="1500" loot_prob_template="QuestT3Prob"/>
			<item name="ammo762mmBulletBall" count="3000" loot_prob_template="QuestT3Prob"/>
			<item name="ammo762mmBulletAP" count="1500" loot_prob_template="QuestT3Prob"/>
		</lootgroup>
		<!--===============================================================================================-->
		<lootgroup name="tQuestloot1">
			<item name="Mineral_Bag" count="1" loot_prob_template="QuestT3Prob"/>
			<item name="special_bag" count="1" loot_prob_template="QuestT3Prob"/>
			<item name="Practonium" count="5" loot_prob_template="QuestT3Prob"/>
		</lootgroup>
		<lootgroup name="tQuestloot2">
			<item name="q_Honor" count="1" loot_prob_template="QuestT3Prob"/>
			<item name="q_Momia" count="1" loot_prob_template="QuestT3Prob"/>
			<item name="q_Pesadilla" count="1" loot_prob_template="QuestT3Prob"/>
			<item name="q_Jugger" count="1" loot_prob_template="QuestT3Prob"/>
			<item name="q_Gladiator" count="1" loot_prob_template="QuestT3Prob"/>
			<item name="q_Cirujano" count="1" loot_prob_template="QuestT3Prob"/>
			<item name="q_vodjanoj" count="1" loot_prob_template="QuestT3Prob"/>
			<item name="q_berial" count="1" loot_prob_template="QuestT3Prob"/>
			<item name="q_jack" count="1" loot_prob_template="QuestT3Prob"/>
			<item name="q_raijin" count="1" loot_prob_template="QuestT3Prob"/>
			<item name="q_patient0" count="1" loot_prob_template="QuestT3Prob"/>

			<item name="q_TacoS" count="1" loot_prob_template="QuestT3Prob"/>
			<item name="q_EnemigosHF" count="1" loot_prob_template="QuestT3Prob"/>
			<item name="q_EnemigsRandom" count="1" loot_prob_template="QuestT3Prob"/>
		</lootgroup>
		<lootgroup name="tQuestloot3">
			<item name="drugRecog" count="25" loot_prob_template="QuestT3Prob"/>
			<item name="drinkJarGrandpasLearningElixir" count="25" loot_prob_template="QuestT3Prob"/>
			<item name="medicalFirstAidKit" count="25" loot_prob_template="QuestT3Prob"/>
			<item name="Mochila de un lunatico" count="1,2" loot_prob_template="QuestT3Prob"/>
			<item name="divineWaterEvent" count="1" loot_prob_template="QuestT3Prob"/>
		</lootgroup>
		<lootgroup name="tQuestloot4">
			<item name="casinoCoinD" count="1,3" loot_prob_template="QuestT3Prob"/>
			<item name="oldCash" count="5000" loot_prob_template="QuestT3Prob"/>
		</lootgroup>
		<lootgroup name="tQuestloot5">
			<item name="ammo9mmBulletBall" count="2000" loot_prob_template="QuestT3Prob"/>
			<item name="ammo9mmBulletAP" count="1500" loot_prob_template="QuestT3Prob"/>
			<item name="ammo44MagnumBulletBall" count="2000" loot_prob_template="QuestT3Prob"/>
			<item name="ammo44MagnumBulletAP" count="1500" loot_prob_template="QuestT3Prob"/>
			<item name="ammoShotgunShell" count="2000" loot_prob_template="QuestT3Prob"/>
			<item name="ammoShotgunSlug" count="1500" loot_prob_template="QuestT3Prob"/>
			<item name="ammo762mmBulletBall" count="2000" loot_prob_template="QuestT3Prob"/>
			<item name="ammo762mmBulletAP" count="1500" loot_prob_template="QuestT3Prob"/>
			<item name="ammoJunkTurretLegendAP" count="1500" loot_prob_template="QuestT3Prob"/>
			<item name="ammoJunkTurretLegend" count="2000" loot_prob_template="QuestT3Prob"/>
			<item name="ammoJunkTurretLegendShell" count="1500" loot_prob_template="QuestT3Prob"/>
		</lootgroup>
		<!--===============================================================================================-->
		<lootgroup name="tsQuestloot1">
			<item name="ResourceForgedPlatinum" count="1" loot_prob_template="QuestT3Prob"/>
			<item name="q_Hooligan_Force" count="1" loot_prob_template="QuestT2Prob"/>
			<item name="Practonium" count="25" loot_prob_template="QuestT3Prob"/>
			<item name="agua_divina" count="2" loot_prob_template="QuestT3Prob"/>
		</lootgroup>
		<lootgroup name="tsQuestloot3">
			<item name="drugRecog" count="40" loot_prob_template="QuestT3Prob"/>
			<item name="drinkJarGrandpasLearningElixir" count="40" loot_prob_template="QuestT3Prob"/>
			<item name="medicalFirstAidKit" count="50" loot_prob_template="QuestT3Prob"/>
			<item name="Mochila de un lunatico" count="2,4" loot_prob_template="QuestT3Prob"/>
			<item name="divineWaterEvent" count="2" loot_prob_template="QuestT3Prob"/>
		</lootgroup>
		<lootgroup name="tsQuestloot4">
			<item name="casinoCoinD" count="10" loot_prob_template="QuestT3Prob"/>
			<item name="oldCash" count="40000" loot_prob_template="QuestT3Prob"/>
			<item name="Mineral_Bag" count="1" loot_prob_template="QuestT3Prob"/>
			<item name="resourceSteelPolishR" count="200,800" loot_prob_template="QuestT2Prob"/>
		</lootgroup>
		<lootgroup name="tsQuestloot5">
			<item name="bammoBundle9mmBulletBall" count="4" loot_prob_template="QuestT3Prob"/>
			<item name="bammoBundle9mmBulletAP" count="2" loot_prob_template="QuestT3Prob"/>
			<item name="bammoBundle44MagnumBulletBall" count="4" loot_prob_template="QuestT3Prob"/>
			<item name="bammoBundle44MagnumBulletAP" count="2" loot_prob_template="QuestT3Prob"/>
			<item name="bammoBundleShotgunShell" count="4" loot_prob_template="QuestT3Prob"/>
			<item name="bammoBundleShotgunSlug" count="2" loot_prob_template="QuestT3Prob"/>
			<item name="bammoBundle762mmBulletBall" count="4" loot_prob_template="QuestT3Prob"/>
			<item name="bammoBundle762mmBulletAP" count="2" loot_prob_template="QuestT3Prob"/>
			<item name="bammoJunkTurretLegend" count="4" loot_prob_template="QuestT3Prob"/>
			<item name="bammoJunkTurretLegendAP" count="2" loot_prob_template="QuestT3Prob"/>
			<item name="bammoJunkTurretLegendShell" count="2" loot_prob_template="QuestT3Prob"/>
		</lootgroup>
	<!--LootMisionesT6-->
		<lootgroup name="specialGroupQuestWeaponsRangedT3" loot_quality_template="speciallootmod">
			<item name="gunRifleT3SniperRifle"/>
			<item name="gunExplosivesT3RocketLauncher"/>
			<item name="gunShotgunT3AutoShotgun"/>
			<item name="gunMGT3M60"/>
			<item name="gunHandgunT3SMG5"/>
			<item name="gunHandgunT3DesertVulture"/>
			<!-- <item name="gunBotT3JunkDrone"/> -->
		</lootgroup>
		<lootgroup name="specialGroupQuestArmorT2" loot_quality_template="speciallootmod">
			<item group="groupArmorParts" count="30"/>
		</lootgroup>
		<lootgroup name="specialGroupQuestMedical" loot_quality_template="questT3QualTemplate">
			<item name="medicalFirstAidBandage" count="15,20"/>
			<item name="medicalFirstAidKit" count="10,14"/>
			<item name="drugAntibiotics" count="6,9"/>
			<item name="drugRecog" count="5,7" loot_prob_template="QuestT2Prob"/>
			<item name="drugFortBites" count="4,8" loot_prob_template="QuestT2Prob"/>
			<item name="drugPainkillers" count="10,16" prob="1.5"/>
		</lootgroup>
		<lootgroup name="specialGroupQuestAmmo" loot_quality_template="questT3QualTemplate">
			<item name="ammo9mmBulletBall" count="800" loot_prob_template="QuestT3Prob"/>
			<item name="ammo9mmBulletHP" count="600" loot_prob_template="QuestT3Prob"/>
			<item name="ammo9mmBulletAP" count="600" loot_prob_template="QuestT3Prob"/>

			<item name="ammo44MagnumBulletBall" count="750" loot_prob_template="QuestT3Prob"/>
			<item name="ammo44MagnumBulletHP" count="600" loot_prob_template="QuestT3Prob"/>
			<item name="ammo44MagnumBulletAP" count="600" loot_prob_template="QuestT3Prob"/>

			<item name="ammoShotgunShell" count="760" loot_prob_template="QuestT3Prob"/>
			<item name="ammoShotgunSlug" count="500" loot_prob_template="QuestT3Prob"/>

			<item name="ammo762mmBulletBall" count="800" loot_prob_template="QuestT3Prob"/>
			<item name="ammo762mmBulletHP" count="400" loot_prob_template="QuestT3Prob"/>
			<item name="ammo762mmBulletAP" count="400" loot_prob_template="QuestT3Prob"/>

			<item name="ammoArrowFlaming" count="300" loot_prob_template="QuestT2Prob"/>
			<item name="ammoCrossbowBoltFlaming" count="300" loot_prob_template="QuestT2Prob"/>
			<item name="ammoArrowExploding" count="250" loot_prob_template="QuestT2Prob"/>
			<item name="ammoCrossbowBoltExploding" count="250" loot_prob_template="QuestT2Prob"/>

			<item name="ammoRocketFrag" count="40" loot_prob_template="QuestT2Prob"/>

			<item name="thrownAmmoPipeBomb" count="60" loot_prob_template="QuestT1Prob"/>
			<item name="thrownDynamite" count="40" loot_prob_template="QuestT2Prob"/>
			<item name="thrownAmmoMolotovCocktail" count="60" loot_prob_template="QuestT1Prob"/>
			<item name="thrownGrenade" count="50" loot_prob_template="QuestT2Prob"/>
			<item name="thrownGrenadeContact" count="40" loot_prob_template="QuestT2Prob"/>
			<item name="thrownTimedCharge" count="50" loot_prob_template="QuestT2Prob"/>
		</lootgroup>
		<lootgroup name="specialQuestHF">
			<item name="q_Jugger" prob="0.5"/>
			<item name="q_Pesadilla" prob="0.5"/>
			<item name="q_Honor" prob="0.5"/>			
			<item name="q_Momia" prob="0.5"/>
			<item name="q_Gladiator" prob="0.5"/>
			<item name="q_Cirujano" prob="0.5"/>
			<item name="q_vodjanoj" prob="0.5"/>
			<item name="q_berial" prob="0.5"/>
			<item name="q_jack" prob="0.5"/>
			<item name="q_raijin" prob="0.5"/>
			<item name="q_patient0" prob="0.5"/>			

			<item name="q_Nightmare" prob="1"/>
			<item name="q_Mutants" prob="1"/>
			<item name="q_Morte" prob="1"/>
			<item name="q_Frozen" prob="1"/>
			<item name="q_Infernal" prob="1"/>
			<item name="q_shock" prob="1"/>
			
			<item name="q_Minis" prob="1"/>
			<item name="q_Special" prob="1"/>	

			<item name="q_EnemigsRandom" prob="0.4"/>				
			<item name="q_Taco" prob="0.1"/>
			<item name="q_Lucky" prob=".8"/>
			<item name="q_Gacha" prob="1" count="1,3"/>			
			

		</lootgroup>
		<lootgroup name="perkBooksQuestHF">
			<item name="bookRangersArrowRecovery" count="2,3"/>
			<item name="bookRangersCripplingShot" count="2,3"/>
			<item name="bookRangersKnockdown" count="2,3"/>
			<item name="bookRangersFlamingArrows" count="2,3"/>
			<item name="bookRangersAPAmmo" count="2,3"/>
			<item name="bookRangersExplodingBolts" count="2,3"/>
			<item name="bookRangersForestGuide" count="2,3"/>
			<item name="bookArtOfMiningLuckyStrike" count="2,3"/>
			<item name="bookArtOfMiningDiamondTools" count="2,3"/>
			<item name="bookArtOfMiningCoffee" count="2,3"/>
			<item name="bookArtOfMiningBlackStrap" count="2,3"/>
			<item name="bookArtOfMiningPallets" count="2,3"/>
			<item name="bookArtOfMiningAvalanche" count="2,3"/>
			<item name="bookArtOfMiningDamage" count="2,3"/>
			<item name="bookAutoWeaponsDamage" count="2,3"/>
			<item name="bookAutoWeaponsRagdoll" count="2,3"/>
			<item name="bookAutoWeaponsMaintenance" count="2,3"/>
			<item name="bookAutoWeaponsRecoil" count="2,3"/>
			<item name="bookAutoWeaponsDrumMag" count="2,3"/>
			<item name="bookAutoWeaponsUncontrolledBurst" count="2,3"/>
			<item name="bookAutoWeaponsMachineGuns" count="2,3"/>
			<item name="bookBatterUpStealingBases" count="2,3"/>
			<item name="bookBatterUpBigHits" count="2,3"/>
			<item name="bookBatterUpFoulBalls" count="2,3"/>
			<item name="bookBatterUpKnockdown" count="2,3"/>
			<item name="bookBatterUpSlowPitch" count="2,3"/>
			<item name="bookBatterUpMaintenance" count="2,3"/>
			<item name="bookBatterUpMetalChain" count="2,3"/>
			<item name="bookEnforcerAPAmmo" count="2,3"/>
			<item name="bookEnforcerApparel" count="2,3"/>
			<item name="bookEnforcerCriminalPursuit" count="2,3"/>
			<item name="bookEnforcerHPAmmo" count="2,3"/>
			<item name="bookEnforcerDamage" count="2,3"/>
			<item name="bookEnforcerIntimidation" count="2,3"/>
			<item name="bookEnforcerPunks" count="2,3"/>
			<item name="bookFiremansAlmanacSpeed" count="2,3"/>
			<item name="bookFiremansAlmanacAxes" count="2,3"/>
			<item name="bookFiremansAlmanacEquipment" count="2,3"/>
			<item name="bookFiremansAlmanacPrevention" count="2,3"/>
			<item name="bookFiremansAlmanacHarvest" count="2,3"/>
			<item name="bookFiremansAlmanacHeat" count="2,3"/>
			<item name="bookFiremansAlmanacMolotov" count="2,3"/>			
			<item name="bookGreatHeistSafes" count="2,3"/>
			<item name="bookGreatHeistGems" count="2,3"/>
			<item name="bookGreatHeistGoldRush" count="2,3"/>			
			<item name="bookGreatHeistClaimed" count="2,3"/>	
			<item name="bookGreatHeistAdrenalineFall" count="2,3"/>		
			<item name="bookGreatHeistSprintSneak" count="2,3"/>
			<item name="bookGreatHeistMotionDetection" count="2,3"/>
			<item name="bookHuntingJournalBears" count="2,3"/>
			<item name="bookHuntingJournalCoyotes" count="2,3"/>
			<item name="bookHuntingJournalDeer" count="2,3"/>
			<item name="bookHuntingJournalMountainLions" count="2,3"/>
			<item name="bookHuntingJournalVultures" count="2,3"/>
			<item name="bookHuntingJournalWolves" count="2,3"/>
			<item name="bookHuntingJournalSelfDefense" count="2,3"/>
			<item name="bookLuckyLooterAmmunition" count="2,3"/>
			<item name="bookLuckyLooterBooks" count="2,3"/>
			<item name="bookLuckyLooterBrass" count="2,3"/>
			<item name="bookLuckyLooterDukes" count="2,3"/>
			<item name="bookLuckyLooterFood" count="2,3"/>
			<item name="bookLuckyLooterLead" count="2,3"/>
			<item name="bookLuckyLooterMedical" count="2,3"/>
			<!-- <item name="bookNeedleAndThreadDesertWear" count="2,3"/>
			<item name="bookNeedleAndThreadDusters" count="2,3"/>
			<item name="bookNeedleAndThreadFootwear" count="2,3"/>
			<item name="bookNeedleAndThreadLegwear" count="2,3"/>
			<item name="bookNeedleAndThreadPockets" count="2,3"/>
			<item name="bookNeedleAndThreadPufferCoats" count="2,3"/>
			<item name="bookNeedleAndThreadWinterWear" count="2,3"/> -->
			<item name="bookNightStalkerArchery" count="2,3"/>
			<item name="bookNightStalkerBlades" count="2,3"/>
			<item name="bookNightStalkerSilentNight" count="2,3"/>
			<item name="bookNightStalkerSlumberParty" count="2,3"/>
			<item name="bookNightStalkerStealthDamage" count="2,3"/>
			<item name="bookNightStalkerThiefAdrenaline" count="2,3"/>
			<item name="bookNightStalkerTwilightThief" count="2,3"/>
			<item name="bookPistolPeteAPAmmo" count="2,3"/>
			<item name="bookPistolPeteDamage" count="2,3"/>
			<item name="bookPistolPeteHPAmmo" count="2,3"/>
			<item name="bookPistolPeteMaintenance" count="2,3"/>
			<item name="bookPistolPeteSteadyHand" count="2,3"/>
			<item name="bookPistolPeteSwissKnees" count="2,3"/>
			<item name="bookPistolPeteTakeAim" count="2,3"/>
			<item name="bookShotgunMessiahBreachingSlugs" count="2,3"/>
			<item name="bookShotgunMessiahDamage" count="2,3"/>
			<item name="bookShotgunMessiahLimbShot" count="2,3"/>
			<item name="bookShotgunMessiahMaintenance" count="2,3"/>
			<item name="bookShotgunMessiahMagazine" count="2,3"/>
			<item name="bookShotgunMessiahPartyStarter" count="2,3"/>
			<item name="bookShotgunMessiahSlugs" count="2,3"/>
			<item name="bookSniperAPAmmo" count="2,3"/>
			<item name="bookSniperControlledBreathing" count="2,3"/>
			<item name="bookSniperCripplingShot" count="2,3"/>
			<item name="bookSniperDamage" count="2,3"/>
			<item name="bookSniperHeadShot" count="2,3"/>
			<item name="bookSniperReload" count="2,3"/>
			<item name="bookSniperHPAmmo" count="2,3"/>
			<item name="bookUrbanCombatAdrenalineRush" count="2,3"/>
			<item name="bookUrbanCombatCigar" count="2,3"/>
			<item name="bookUrbanCombatRoomClearing" count="2,3"/>
			<item name="bookUrbanCombatJumping" count="2,3"/>
			<item name="bookUrbanCombatLandMines" count="2,3"/>
			<item name="bookUrbanCombatLanding" count="2,3"/>
			<item name="bookUrbanCombatSneaking" count="2,3"/>
			<item name="bookWasteTreasuresAcid" count="2,3"/>
			<item name="bookWasteTreasuresCloth" count="2,3"/>
			<item name="bookWasteTreasuresCoffins" count="2,3"/>
			<item name="bookWasteTreasuresDoors" count="2,3"/>
			<item name="bookWasteTreasuresHoney" count="2,3"/>
			<item name="bookWasteTreasuresSinks" count="2,3"/>
			<item name="bookWasteTreasuresWater" count="2,3"/>
			<item name="bookBarBrawling1BasicMoves" count="2,3"/>
			<item name="bookBarBrawling2DropABomb" count="2,3"/>
			<item name="bookBarBrawling3KillerInstinct" count="2,3"/>
			<item name="bookBarBrawling4FinishingMoves" count="2,3"/>
			<item name="bookBarBrawling5AdrenalineHealing" count="2,3"/>
			<item name="bookBarBrawling6RageMode" count="2,3"/>
			<item name="bookBarBrawling7BoozedUp" count="2,3"/>
			<item name="bookSpearHunter1Damage" count="2,3"/>
			<item name="bookSpearHunter2Maintenance" count="2,3"/>
			<item name="bookSpearHunter3Bleed" count="2,3"/>
			<item name="bookSpearHunter4KillMove" count="2,3"/>
			<item name="bookSpearHunter5RapidStrike" count="2,3"/>
			<item name="bookSpearHunter6PenetratingShaft" count="2,3"/>
			<item name="bookSpearHunter7QuickStrike" count="2,3"/>
			<item name="bookTechJunkie1Damage" count="2,3"/>
			<item name="bookTechJunkie2Maintenance" count="2,3"/>
			<item name="bookTechJunkie3APAmmo" count="2,3"/>
			<item name="bookTechJunkie4Shells" count="2,3"/>
			<item name="bookTechJunkie5Repulsor" count="2,3"/>
			<item name="bookTechJunkie6BatonCharge" count="2,3"/>
			<item name="bookTechJunkie7Hydraulics" count="2,3"/>
		</lootgroup>
		<lootgroup name="specialgroupQuestSP" loot_quality_template="questT3QualTemplate">
			<item group="perkBooksQuestHF"/>
			<item group="specialQuestHF" prob=".25"/>
		</lootgroup>
		<lootgroup name="specialGroupQuestToolsT3" loot_quality_template="speciallootmod">
			<item name="meleeToolAxeT3Chainsaw" />
			<item name="meleeToolPickT3Auger" />
			<item name="meleeToolSalvageT3ImpactDriver" />
		</lootgroup>

		<lootgroup name="piezasarmasQuest">
			<item name="gunRifleT1HuntingRifleParts" count="8,16"/>
			<item name="gunShotgunT1DoubleBarrelParts" count="8,16"/>
			<item name="gunMGT1AK47Parts" count="8,16"/>
			<item name="gunHandgunT1PistolParts" count="8,16"/>
			<item name="gunBowT1WoodenBowParts" count="8,16"/>
		</lootgroup>
		<lootgroup name="speciaslPiezasArmas" loot_quality_template="questT3QualTemplate">
			<item group="piezasarmasQuest" count="4"/>
		</lootgroup>
	</append>

	
	<insertAfter xpath="/lootcontainers/lootgroup[@name='rareFoodDrink']">

		<lootgroup name="groupQuestSP" count="1">

			<item name="bookRangersArrowRecovery" prob=".5"/>
			<item name="bookRangersCripplingShot" prob=".5"/>
			<item name="bookRangersKnockdown" prob=".5"/>
			<item name="bookRangersFlamingArrows" prob=".5"/>
			<item name="bookRangersAPAmmo" prob=".5"/>
			<item name="bookRangersExplodingBolts" prob=".5"/>
			<item name="bookRangersForestGuide" prob=".5"/>
			<item name="bookArtOfMiningLuckyStrike" prob=".5"/>
			<item name="bookArtOfMiningDiamondTools" prob=".5"/>
			<item name="bookArtOfMiningCoffee" prob=".5"/>
			<item name="bookArtOfMiningBlackStrap" prob=".5"/>
			<item name="bookArtOfMiningPallets" prob=".5"/>
			<item name="bookArtOfMiningAvalanche" prob=".5"/>
			<item name="bookArtOfMiningDamage" prob=".5"/>
			<item name="bookAutoWeaponsDamage" prob=".5"/>
			<item name="bookAutoWeaponsRagdoll" prob=".5"/>
			<item name="bookAutoWeaponsMaintenance" prob=".5"/>
			<item name="bookAutoWeaponsRecoil" prob=".5"/>
			<item name="bookAutoWeaponsDrumMag" prob=".5"/>
			<item name="bookAutoWeaponsUncontrolledBurst" prob=".5"/>
			<item name="bookAutoWeaponsMachineGuns" prob=".5"/>
			<item name="bookBatterUpStealingBases" prob=".5"/>
			<item name="bookBatterUpBigHits" prob=".5"/>
			<item name="bookBatterUpFoulBalls" prob=".5"/>
			<item name="bookBatterUpKnockdown" prob=".5"/>
			<item name="bookBatterUpSlowPitch" prob=".5"/>
			<item name="bookBatterUpMaintenance" prob=".5"/>
			<item name="bookBatterUpMetalChain" prob=".5"/>
			<item name="bookEnforcerAPAmmo" prob=".5"/>
			<item name="bookEnforcerApparel" prob=".5"/>
			<item name="bookEnforcerCriminalPursuit" prob=".5"/>
			<item name="bookEnforcerHPAmmo" prob=".5"/>
			<item name="bookEnforcerDamage" prob=".5"/>
			<item name="bookEnforcerIntimidation" prob=".5"/>
			<item name="bookEnforcerPunks" prob=".5"/>
			<item name="bookFiremansAlmanacSpeed" prob=".5"/>
			<item name="bookFiremansAlmanacAxes" prob=".5"/>
			<item name="bookFiremansAlmanacEquipment" prob=".5"/>
			<item name="bookFiremansAlmanacPrevention" prob=".5"/>
			<item name="bookFiremansAlmanacHarvest" prob=".5"/>
			<item name="bookFiremansAlmanacHeat" prob=".5"/>
			<item name="bookFiremansAlmanacMolotov" prob=".5"/>			
			<item name="bookGreatHeistSafes" prob=".5"/>
			<item name="bookGreatHeistGems" prob=".5"/>
			<item name="bookGreatHeistGoldRush" prob=".5"/>			
			<item name="bookGreatHeistClaimed" prob=".5"/>	
			<item name="bookGreatHeistAdrenalineFall" prob=".5"/>		
			<item name="bookGreatHeistSprintSneak" prob=".5"/>
			<item name="bookGreatHeistMotionDetection" prob=".5"/>
			<item name="bookHuntingJournalBears" prob=".5"/>
			<item name="bookHuntingJournalCoyotes" prob=".5"/>
			<item name="bookHuntingJournalDeer" prob=".5"/>
			<item name="bookHuntingJournalMountainLions" prob=".5"/>
			<item name="bookHuntingJournalVultures" prob=".5"/>
			<item name="bookHuntingJournalWolves" prob=".5"/>
			<item name="bookHuntingJournalSelfDefense" prob=".5"/>
			<item name="bookLuckyLooterAmmunition" prob=".5"/>
			<item name="bookLuckyLooterBooks" prob=".5"/>
			<item name="bookLuckyLooterBrass" prob=".5"/>
			<item name="bookLuckyLooterDukes" prob=".5"/>
			<item name="bookLuckyLooterFood" prob=".5"/>
			<item name="bookLuckyLooterLead" prob=".5"/>
			<item name="bookLuckyLooterMedical" prob=".5"/>
			<!-- <item name="bookNeedleAndThreadDesertWear" prob=".5"/>
			<item name="bookNeedleAndThreadDusters" prob=".5"/>
			<item name="bookNeedleAndThreadFootwear" prob=".5"/>
			<item name="bookNeedleAndThreadLegwear" prob=".5"/>
			<item name="bookNeedleAndThreadPockets" prob=".5"/>
			<item name="bookNeedleAndThreadPufferCoats" prob=".5"/>
			<item name="bookNeedleAndThreadWinterWear" prob=".5"/> -->
			<item name="bookNightStalkerArchery" prob=".5"/>
			<item name="bookNightStalkerBlades" prob=".5"/>
			<item name="bookNightStalkerSilentNight" prob=".5"/>
			<item name="bookNightStalkerSlumberParty" prob=".5"/>
			<item name="bookNightStalkerStealthDamage" prob=".5"/>
			<item name="bookNightStalkerThiefAdrenaline" prob=".5"/>
			<item name="bookNightStalkerTwilightThief" prob=".5"/>
			<item name="bookPistolPeteAPAmmo" prob=".5"/>
			<item name="bookPistolPeteDamage" prob=".5"/>
			<item name="bookPistolPeteHPAmmo" prob=".5"/>
			<item name="bookPistolPeteMaintenance" prob=".5"/>
			<item name="bookPistolPeteSteadyHand" prob=".5"/>
			<item name="bookPistolPeteSwissKnees" prob=".5"/>
			<item name="bookPistolPeteTakeAim" prob=".5"/>
			<item name="bookShotgunMessiahBreachingSlugs" prob=".5"/>
			<item name="bookShotgunMessiahDamage" prob=".5"/>
			<item name="bookShotgunMessiahLimbShot" prob=".5"/>
			<item name="bookShotgunMessiahMaintenance" prob=".5"/>
			<item name="bookShotgunMessiahMagazine" prob=".5"/>
			<item name="bookShotgunMessiahPartyStarter" prob=".5"/>
			<item name="bookShotgunMessiahSlugs" prob=".5"/>
			<item name="bookSniperAPAmmo" prob=".5"/>
			<item name="bookSniperControlledBreathing" prob=".5"/>
			<item name="bookSniperCripplingShot" prob=".5"/>
			<item name="bookSniperDamage" prob=".5"/>
			<item name="bookSniperHeadShot" prob=".5"/>
			<item name="bookSniperReload" prob=".5"/>
			<item name="bookSniperHPAmmo" prob=".5"/>
			<item name="bookUrbanCombatAdrenalineRush" prob=".5"/>
			<item name="bookUrbanCombatCigar" prob=".5"/>
			<item name="bookUrbanCombatRoomClearing" prob=".5"/>
			<item name="bookUrbanCombatJumping" prob=".5"/>
			<item name="bookUrbanCombatLandMines" prob=".5"/>
			<item name="bookUrbanCombatLanding" prob=".5"/>
			<item name="bookUrbanCombatSneaking" prob=".5"/>
			<item name="bookWasteTreasuresAcid" prob=".5"/>
			<item name="bookWasteTreasuresCloth" prob=".5"/>
			<item name="bookWasteTreasuresCoffins" prob=".5"/>
			<item name="bookWasteTreasuresDoors" prob=".5"/>
			<item name="bookWasteTreasuresHoney" prob=".5"/>
			<item name="bookWasteTreasuresSinks" prob=".5"/>
			<item name="bookWasteTreasuresWater" prob=".5"/>
			<item name="bookBarBrawling1BasicMoves" prob=".5"/>
			<item name="bookBarBrawling2DropABomb" prob=".5"/>
			<item name="bookBarBrawling3KillerInstinct" prob=".5"/>
			<item name="bookBarBrawling4FinishingMoves" prob=".5"/>
			<item name="bookBarBrawling5AdrenalineHealing" prob=".5"/>
			<item name="bookBarBrawling6RageMode" prob=".5"/>
			<item name="bookBarBrawling7BoozedUp" prob=".5"/>
			<item name="bookSpearHunter1Damage" prob=".5"/>
			<item name="bookSpearHunter2Maintenance" prob=".5"/>
			<item name="bookSpearHunter3Bleed" prob=".5"/>
			<item name="bookSpearHunter4KillMove" prob=".5"/>
			<item name="bookSpearHunter5RapidStrike" prob=".5"/>
			<item name="bookSpearHunter6PenetratingShaft" prob=".5"/>
			<item name="bookSpearHunter7QuickStrike" prob=".5"/>
			<item name="bookTechJunkie1Damage" prob=".5"/>
			<item name="bookTechJunkie2Maintenance" prob=".5"/>
			<item name="bookTechJunkie3APAmmo" prob=".5"/>
			<item name="bookTechJunkie4Shells" prob=".5"/>
			<item name="bookTechJunkie5Repulsor" prob=".5"/>
			<item name="bookTechJunkie6BatonCharge" prob=".5"/>
			<item name="bookTechJunkie7Hydraulics" prob=".5"/>

			<item name="harvestingToolsSkillMagazine"/>
			<item name="repairToolsSkillMagazine"/>
			<item name="salvageToolsSkillMagazine"/>
			<item name="knucklesSkillMagazine"/>
			<item name="bladesSkillMagazine"/>
			<item name="clubsSkillMagazine"/>
			<item name="sledgehammersSkillMagazine"/>
			<item name="spearsSkillMagazine"/>
			<item name="bowsSkillMagazine"/>
			<item name="handgunsSkillMagazine"/>
			<item name="shotgunsSkillMagazine"/>
			<item name="riflesSkillMagazine"/>
			<item name="machineGunsSkillMagazine"/>
			<item name="explosivesSkillMagazine"/>
			<item name="roboticsSkillMagazine"/>
			<item name="armorSkillMagazine"/>
			<item name="medicalSkillMagazine"/>
			<item name="foodSkillMagazine"/>
			<item name="seedSkillMagazine"/>
			<item name="electricianSkillMagazine"/>
			<item name="trapsSkillMagazine"/>
			<item name="workstationSkillMagazine"/>
			<item name="vehiclesSkillMagazine"/>
			<item name="resourcePaper" count="20,100"/>            				
			<!-- <item name="LosLunaticos" prob="0.14"/> -->
            <!-- <item name="q_VZ" prob="0.14"/> -->
           <!-- <item name="LosLunaticos" prob="0.4"/> -->
			<item name="q_Jugger" prob="0.5"/>
			<item name="q_Pesadilla" prob="0.5"/>
			<item name="q_Honor" prob="0.5"/>			
			<item name="q_Momia" prob="0.5"/>
			<item name="q_Gladiator" prob="0.5"/>
			<item name="q_Cirujano" prob="0.5"/>
			<item name="q_vodjanoj" prob="0.5"/>
			<item name="q_berial" prob="0.5"/>
			<item name="q_jack" prob="0.5"/>
			<item name="q_raijin" prob="0.5"/>
			<item name="q_patient0" prob="0.5"/>
			

			<item name="q_Nightmare" prob="1"/>
			<item name="q_Mutants" prob="1"/>
			<item name="q_Morte" prob="1"/>
			<item name="q_Frozen" prob="1"/>
			<item name="q_Infernal" prob="1"/>
			<item name="q_shock" prob="1"/>
			
			<item name="q_Minis" prob="1"/>
			<item name="q_Special" prob="1"/>	

			<item name="q_EnemigsRandom" prob="0.4"/>				
			<item name="q_Taco" prob="0.1"/>
			<item name="q_Lucky" prob=".8"/>
			<item name="q_Gacha" prob="1" count="1,3"/>		
		</lootgroup>
	</insertAfter>
	<!--
	<insertAfter xpath="/lootcontainers/lootgroup[@name='schematicsElectrical']">
		<lootgroup name="groupQuestSP" count="1">
			<item name="gunHandgunT1PistolSchematic"/>
			<item name="gunShotgunT1DoubleBarrelSchematic"/>
			<item name="gunRifleT1HuntingRifleSchematic"/>
			<item name="gunMGT1AK47Schematic"/>
			<item name="gunBowT1IronCrossbowSchematic"/>
			<item name="gunHandgunT3SMG5Schematic"/>
			<item name="gunHandgunT2Magnum44Schematic"/>
			<item name="gunShotgunT2PumpShotgunSchematic"/>
			<item name="gunRifleT2LeverActionRifleSchematic"/>
			<item name="gunMGT2TacticalARSchematic"/>
			<item name="gunBowT3CompoundCrossbowSchematic"/>
			<item name="gunHandgunT3DesertVultureSchematic"/>
			<item name="gunShotgunT3AutoShotgunSchematic"/>
			<item name="gunRifleT3SniperRifleSchematic"/>
			<item name="gunMGT3M60Schematic"/>
			<item name="gunBowT3CompoundBowSchematic"/>
			<item name="meleeWpnBladeT3MacheteSchematic"/>
			<item name="meleeWpnSpearT1IronSpearSchematic"/>
			<item name="meleeWpnSledgeT3SteelSledgehammerSchematic"/>
			<item name="meleeWpnKnucklesT3SteelKnucklesSchematic"/>
			<item name="meleeWpnClubT1BaseballBatSchematic"/>
			<item name="gunBotT2JunkTurretSchematic"/>
			<item name="meleeToolSalvageT1WrenchSchematic"/>
			<item name="meleeToolIronSetSchematic"/>
			<item name="meleeToolSteelSetSchematic"/>
			<item name="meleeToolSalvageT2RatchetSchematic"/>
			<item name="meleeToolRepairT3NailgunSchematic"/>
			<item name="meleeToolSalvageT3ImpactDriverSchematic"/>

			<item name="armorSteelSetSchematic"/>			
			<item name="LosLunaticos" prob="0.4"/>
			<item name="q_Jugger" prob="0.1"/>
			<item name="q_Pesadilla" prob="0.1"/>
			<item name="q_Honor" prob="0.1"/>
			<item name="q_VZ" prob="0.4"/>
			<item name="q_Momia" prob="0.1"/>
			<item name="q_Mutants" prob="0.4"/>
			<item name="q_Nightmare" prob="0.4"/>
			<item name="q_Minis" prob="0.4"/>
			<item name="q_Special" prob="0.4"/>
			<item name="q_rand1" prob="0.05"/>
			<item name="q_rand2" prob="0.5"/>
			<item name="q_rand3" prob="0.5"/>
			<item name="q_rand4" prob="0.3"/>
			<item name="q_rand5" prob="0.3"/>
			<item name="q_rand6" prob="0.4"/>
			<item name="q_rand7" prob="0.3"/>
			<item name="q_rand8" prob="0.2"/>
			<item name="q_rand9" prob="0.5"/>
			<item name="q_rand10" prob="0.1"/>
			<item name="q_rand11" prob="0.5"/>
			<item name="q_rand12" prob="0.5"/>
			<item name="q_rand13" prob="0.5"/>
			<item name="q_rand14" prob="0.5"/>
			<item name="q_rand15" prob="0.3"/>
			<item name="q_rand16" prob="0.3"/>
			<item name="q_rand17" prob="0.5"/>
			<item name="q_rand18" prob="0.5"/>
			<item name="q_rand19" prob="0.4"/>
			<item name="q_rand20" prob="0.5"/>
			<item name="q_rand21" prob="0.5"/>
			<item name="q_rand22" prob="0.5"/>
			<item name="q_rand23" prob="0.4"/>
			<item name="q_Gladiator" prob="0.1"/>
			<item name="q_Taco" prob="0.05"/>
			<item name="q_Lucky" prob="0.6"/>
			<item name="q_Gacha" prob="0.5"/>
		</lootgroup>
	</insertAfter>
	-->
	
		<append xpath="/lootcontainers/lootgroup[@name='booksRareOnlyScaled']">
			<item group="groupQuestSP" count="1" loot_prob_template=".10"/>		
		</append>
		<append xpath="/lootcontainers/lootgroup[@name='groupJunk03']"><!--5%-->
			<item group="groupQuestSP" count="1" loot_prob_template=".05"/>	
		</append>
		<append xpath="/lootcontainers/lootgroup[@name='groupZpackReg03']"><!--20%-->
			<item group="groupQuestSP" count="1" loot_prob_template=".05"/>	
		</append>
		<append xpath="/lootcontainers/lootgroup[@name='groupZpackStrong03']"><!--20%-->
			<item group="groupQuestSP" count="1,2" loot_prob_template=".05"/>	
		</append>
		<append xpath="/lootcontainers/lootgroup[@name='groupZpackBoss03']"><!--50%-->
			<item group="groupQuestSP" count="1" loot_prob_template=".05"/>	
		</append>
		<append xpath="/lootcontainers/lootgroup[@name='booksAllScaled']"> <!--varia mucho-->
			<item group="groupQuestSP" count="1" loot_prob_template=".025"/>	
		</append>
		
</configs>