<configs>
	<!--<set xpath="/quests/@max_quest_tier">6</set>-->
	<remove xpath="/quests/quest[@id='tier6_clear']"/>

	<append xpath="/quests/quest_list[@id='trader_quests']">
		<quest id="tier6_clear"/>		
	</append>

	<insertAfter xpath="/quests/quest[@id='quest_tier5complete']">
		<!--
		<quest id="quest_tier6complete">
			<property name="name_key" value="quest_tier6_complete"/>
			<property name="subtitle_key" value="quest_tier6_complete"/>
			<property name="description_key" value="quest_tier6_complete_description"/>
			<property name="icon" value="ui_game_symbol_loot_sack"/>
			<property name="repeatable" value="false"/>
			<property name="category_key" value="reward"/>
			<property name="difficulty" value="easy"/>
			<property name="completiontype" value="TurnIn"/>
			<property name="completion_key" value="quest_tier6_complete_completion"/>

			<reward type="Item" id="casinoCoin" value="2000"/>
			<reward type="LootItem" id="groupQuestSchematics" ischosen="true" isfixed="true" value="7"/>
			<reward type="LootItem" id="groupQuestMods" ischosen="true" isfixed="true" value="7"/>
			<reward type="LootItem" id="groupQuestAmmo" ischosen="true" value="7"/>
			<reward type="LootItem" id="groupQuestTools" ischosen="true" value="7"/>
			<reward type="LootItem" id="groupQuestWeapons" ischosen="true" value="7"/>
			<reward type="LootItem" id="groupQuestArmor,groupQuestMedical" ischosen="true" value="7"/>
		</quest>
		-->	

		<quest id="testtier6_clear">
			<property name="name_key" value="quest_tier6_clear"/>
			<property name="subtitle_key" value="quest_clear_subtitle"/>
			<property name="description_key" value="quest_clear_description"/>
			<property name="icon" value="ui_game_symbol_quest"/>
			<property name="repeatable" value="true"/>
			<property name="category_key" value="quest"/>
			<property name="offer_key" value="quest_tier6_clear_offer"/>
			<property name="difficulty" value="medium"/>
			<property name="difficulty_tier" value="6"/>
			<property name="statement_key" value="quest_clear_statement"/>
			<property name="response_key" value="6quest_clear_response"/>
			<property name="login_rally_reset" value="false"/>
			<property name="reward_choices_count" value="5" />
			<property name="completiontype" value="TurnIn"/>
			<property name="completion_key" value="quest_clear_completion"/>


			<objective type="InteractWithNPC">
				<property name="phase" value="1"/>
				<property name="nav_object" value="return_to_trader" />
			</objective>

			<reward type="Exp" value="25000"/>
			<reward type="Item" id="casinoCoin" value="8000"/>

			<reward type="LootItem" id="specialGroupQuestWeaponsRangedT3" ischosen="true" isfixed="true" value="6"/>
			<reward type="LootItem" id="specialGroupQuestArmorT2,specialGroupQuestMedical" ischosen="true" value="6"/>
			<reward type="LootItem" id="specialGroupQuestAmmo" ischosen="true" value="6"/>
			<reward type="LootItem" id="specialGroupQuestToolsT3" ischosen="true" value="6"/>
			<reward type="LootItem" id="specialgroupQuestSP" ischosen="true" value="6"/>
			<reward type="LootItem" id="speciaslPiezasArmas" ischosen="true" value="6"/>
		</quest>
		
		<quest id="tier6_clear" template="tier1_clear">
			<variable name="name" value="quest_tier6_clear"/>
			<variable name="offer" value="quest_tier6_clear_offer"/>
			<variable name="difficulty" value="6"/>
			<variable name="poi_tier" value="6"/>
			<variable name="gamestage_bonus" value="30"/>
			<variable name="biome_filter_type" value="AnyBiome"/>

			<reward type="Exp" value="40000"/>
			<reward type="Item" id="casinoCoin" value="10000"/>

			<reward type="LootItem" id="specialGroupQuestWeaponsRangedT3" ischosen="true" isfixed="true" value="6"/>
			<reward type="LootItem" id="specialGroupQuestArmorT2,specialGroupQuestMedical" ischosen="true" value="6"/>
			<reward type="LootItem" id="specialGroupQuestAmmo" ischosen="true" value="6"/>
			<reward type="LootItem" id="specialGroupQuestToolsT3" ischosen="true" value="6"/>
			<reward type="LootItem" id="specialgroupQuestSP" ischosen="true" value="6"/>
			<reward type="LootItem" id="speciaslPiezasArmas" ischosen="true" value="6"/>
		</quest>

		<!--Rewards de notas-->
		<quest id="tier2RewardQuest">
			<property name="name_key" value="bossCompleteQuestName"/>
			<property name="subtitle_key" value="bossCompleteQuestName"/>
			<property name="description_key" value="bossCompleteDesc"/>
			<property name="completion_key" value="bossCompleteKey"/>
			<property name="icon" value="ui_game_symbol_skull"/>
			<property name="repeatable" value="true"/>
			<property name="category_key" value="reward"/>
			<property name="difficulty" value="insane"/>
			<property name="shareable" value="false" />
			<property name="completiontype" value="TurnIn"/>
			<property name="add_to_tier_complete" value="false" />
			<property name="reward_choices_count" value="5" />
			<objective type="InteractWithNPC">
				<property name="phase" value="1"/>
			</objective>
			<reward type="Exp" value="12000"/>
			<reward type="Item" id="questFrag" value="1"/>
			<reward type="Item" id="casinoCoin" value="5000"/>
			<reward type="LootItem" id="groupQuestLUNATICOS1" ischosen="true" isfixed="true" value="6"/>
			<reward type="LootItem" id="groupQuestLUNATICOS2" ischosen="true" value="6"/>
			<reward type="LootItem" id="groupQuestLUNATICOS3" ischosen="true" value="6"/>
			<reward type="LootItem" id="groupQuestLUNATICOS4" ischosen="true" value="6"/>
			<reward type="LootItem" id="groupQuestLUNATICOS5" ischosen="true" value="6"/>
		</quest>
		<quest id="bossRewardQuest">
			<property name="name_key" value="bossCompleteQuestName"/>
			<property name="subtitle_key" value="bossCompleteQuestName"/>
			<property name="description_key" value="bossCompleteDesc"/>
			<property name="completion_key" value="bossCompleteKey"/>
			<property name="icon" value="ui_game_symbol_skull"/>
			<property name="repeatable" value="true"/>
			<property name="category_key" value="reward"/>
			<property name="difficulty" value="insane"/>
			<property name="shareable" value="false" />
			<property name="completiontype" value="TurnIn"/>
			<property name="reward_choices_count" value="5" />
			<property name="add_to_tier_complete" value="false" />
			<objective type="InteractWithNPC">
				<property name="phase" value="1"/>
			</objective>
			<reward type="Exp" value="30000"/>
			<reward type="Item" id="casinoCoin" value="10000"/>
			<reward type="LootItem" id="sQuestloot1" ischosen="true" isfixed="true" value="6"/>
			<reward type="LootItem" id="sQuestloot2" ischosen="true" value="6"/>
			<reward type="LootItem" id="sQuestloot3" ischosen="true" value="6"/>
			<reward type="LootItem" id="sQuestloot4" ischosen="true" value="6"/>
			<reward type="LootItem" id="sQuestloot5" ischosen="true" value="6"/>
		</quest>
		<quest id="t4voRewardQuest">
			<property name="name_key" value="bossCompleteQuestName"/>
			<property name="subtitle_key" value="bossCompleteQuestName"/>
			<property name="description_key" value="bossCompleteDesc"/>
			<property name="completion_key" value="bossCompleteKey"/>
			<property name="icon" value="ui_game_symbol_skull"/>
			<property name="repeatable" value="true"/>
			<property name="category_key" value="reward"/>
			<property name="difficulty" value="insane"/>
			<property name="shareable" value="false" />
			<property name="completiontype" value="TurnIn"/>
			<property name="add_to_tier_complete" value="false" />
			<property name="reward_choices_count" value="5" />
			<objective type="InteractWithNPC">
				<property name="phase" value="1"/>
			</objective>
			<reward type="Exp" value="40000"/>
			<reward type="Item" id="casinoCoin" value="30000"/>
			<reward type="LootItem" id="groupQuestTAVO1" ischosen="true" isfixed="true" value="6"/>
			<reward type="LootItem" id="groupQuestTAVO2" ischosen="true" value="6"/>
			<reward type="LootItem" id="groupQuestTAVO3" ischosen="true" value="6"/>
			<reward type="LootItem" id="groupQuestTAVO4" ischosen="true" value="6"/>
			<reward type="LootItem" id="groupQuestTAVO5" ischosen="true" value="6"/>
		</quest>

		<quest id="test_guide">
			<property name="group_name_key" value="quest_next_trader"/>
			<property name="name_key" value="quest_next_trader"/>
			<property name="subtitle_key" value="quest_next_trader_subtitle"/>
			<property name="description_key" value="quest_next_trader_description"/>
			<property name="icon" value="ui_game_symbol_map_trader"/>
			<property name="category_key" value="quest"/>
			<property name="difficulty" value="medium"/>
			<property name="shareable" value="false"/>

			<property name="repeatable" value="true"/>
			
			<property name="difficulty" value="medium"/>
			<property name="difficulty_tier" value="5"/>

			<property name="unique_key" value="traderquest" />

			<property name="offer_key" value="quest_next_trader_offer"/>
			<property name="statement_key" value="quest_next_trader_statement"/>
			<property name="response_key" value="quest_next_trader_response"/>

			<property name="completiontype" value="TurnIn"/>
			<property name="return_to_quest_giver" value="false" />
			
			<property name="quest_type" value="special" />

			<objective type="Goto" id="testguide" value="5" phase="1">
				<property name="nav_object" value="go_to_trader" />
			</objective>

			<objective type="RallyPoint">
				<property name="phase" value="2"/>
				<property name="nav_object" value="rally" />
			</objective>

			<objective type="POIStayWithin">
				<property name="phase" value="3"/>
				<property name="radius" value="25"/>
			</objective>

			<action type="SpawnEnemy" id="zombieBossSoldier" value="1" phase="3"/>
			<action type="SpawnEnemy" id="zombieGunner" value="1" phase="3"/>
			<action type="SpawnEnemy" id="EliteSolider" value="6" phase="3"/>
			<action type="SpawnEnemy" id="EliteDemo" value="3" phase="3"/>
			<objective type="EntityKill" id="zombieBossSoldier" value="1" phase="3"/>
			<objective type="EntityKill" id="EliteSolider" value="3" phase="3"/>
			<reward type="Quest" id="bossRewardQuest2"/>
		</quest>

		<quest id="tier2RewardQuest2">
			<property name="name_key" value="bossCompleteQuestName"/>
			<property name="subtitle_key" value="bossCompleteQuestName"/>
			<property name="description_key" value="bossCompleteDesc"/>
			<property name="completion_key" value="bossCompleteKey"/>
			<property name="icon" value="ui_game_symbol_skull"/>
			<property name="repeatable" value="true"/>
			<property name="category_key" value="reward"/>
			<property name="difficulty" value="insane"/>
			<property name="shareable" value="true" />
			<action type="TrackQuest"/>
			<property name="difficulty_tier" value="7"/>
			<property name="add_to_tier_complete" value="false" />
			<objective type="ClosestPOIGoto">
				<property name="phase" value="1"/>
				<property name="nav_object" value="quest" />
			</objective>
			<objective type="RallyPoint">
				<property name="phase" value="2"/>
				<property name="nav_object" value="rally" />
			</objective>
			<objective type="ClearSleepers">
				<property name="phase" value="3"/>
				<property name="nav_object" value="sleeper_volume"/>
			</objective>
			<reward type="Quest" id="tier2RewardQuest3"/>
		</quest>
		<quest id="tier2RewardQuest3">
			<property name="name_key" value="bossCompleteQuestName"/>
			<property name="subtitle_key" value="bossCompleteQuestName"/>
			<property name="description_key" value="bossCompleteDesc"/>
			<property name="completion_key" value="bossCompleteKey"/>
			<property name="icon" value="ui_game_symbol_skull"/>
			<property name="repeatable" value="true"/>
			<property name="category_key" value="reward"/>
			<property name="difficulty" value="insane"/>
			<property name="shareable" value="false" />
			<property name="completiontype" value="TurnIn"/>
			<property name="reward_choices_count" value="5" />
			<property name="difficulty_tier" value="7"/>
			<property name="add_to_tier_complete" value="false" />
			<objective type="InteractWithNPC">
				<property name="phase" value="1"/>
			</objective>
			<reward type="Exp" value="1200"/>
			<reward type="Item" id="casinoCoin" value="1000"/>
			<reward type="LootItem" id="groupQuestLUNATICOS1" ischosen="true" isfixed="true" value="6"/>
			<reward type="LootItem" id="groupQuestLUNATICOS2" ischosen="true" value="6"/>
			<reward type="LootItem" id="groupQuestLUNATICOS3" ischosen="true" value="6"/>
			<reward type="LootItem" id="groupQuestLUNATICOS4" ischosen="true" value="6"/>
			<reward type="LootItem" id="groupQuestLUNATICOS5" ischosen="true" value="6"/>
		</quest>
		<quest id="bossRewardQuest2">
			<property name="name_key" value="bossCompleteQuestName"/>
			<property name="subtitle_key" value="bossCompleteQuestName"/>
			<property name="description_key" value="bossCompleteDesc"/>
			<property name="completion_key" value="bossCompleteKey"/>
			<property name="icon" value="ui_game_symbol_skull"/>
			<property name="repeatable" value="true"/>
			<property name="category_key" value="reward"/>
			<property name="difficulty" value="insane"/>
			<property name="shareable" value="true" />
			<property name="reward_choices_count" value="5" />
			<property name="difficulty_tier" value="7"/>
			<action type="TrackQuest"/>
			<objective type="ClosestPOIGoto">
				<property name="phase" value="1"/>
				<property name="nav_object" value="quest" />
			</objective>
			<objective type="RallyPoint">
				<property name="phase" value="2"/>
				<property name="nav_object" value="rally" />
			</objective>
			<objective type="ClearSleepers">
				<property name="phase" value="3"/>
				<property name="nav_object" value="sleeper_volume"/>
			</objective>
			<reward type="Quest" id="bossRewardQuest3"/>
		</quest>
		<quest id="bossRewardQuest3">
			<property name="name_key" value="bossCompleteQuestName"/>
			<property name="subtitle_key" value="bossCompleteQuestName"/>
			<property name="description_key" value="bossCompleteDesc"/>
			<property name="completion_key" value="bossCompleteKey"/>
			<property name="icon" value="ui_game_symbol_skull"/>
			<property name="repeatable" value="true"/>
			<property name="category_key" value="reward"/>
			<property name="difficulty" value="insane"/>
			<property name="shareable" value="false" />
			<property name="completiontype" value="TurnIn"/>
			<property name="reward_choices_count" value="5" />
			<objective type="InteractWithNPC">
				<property name="phase" value="1"/>
			</objective>
			<reward type="Exp" value="2400"/>
			<reward type="Item" id="casinoCoin" value="2500"/>
			<reward type="LootItem" id="sQuestloot1" ischosen="true" isfixed="true" value="6"/>
			<reward type="LootItem" id="sQuestloot2" ischosen="true" value="6"/>
			<reward type="LootItem" id="sQuestloot3" ischosen="true" value="6"/>
			<reward type="LootItem" id="sQuestloot4" ischosen="true" value="6"/>
			<reward type="LootItem" id="sQuestloot5" ischosen="true" value="6"/>
		</quest>

		<quest id="t4voRewardQuest2">
			<property name="name_key" value="bossCompleteQuestName"/>
			<property name="subtitle_key" value="bossCompleteQuestName"/>
			<property name="description_key" value="bossCompleteDesc"/>
			<property name="completion_key" value="bossCompleteKey"/>
			<property name="icon" value="ui_game_symbol_skull"/>
			<property name="repeatable" value="true"/>
			<property name="category_key" value="reward"/>
			<property name="difficulty" value="insane"/>
			<property name="shareable" value="true" />
			<property name="difficulty_tier" value="7"/>
			<action type="TrackQuest"/>
			<objective type="ClosestPOIGoto">
				<property name="phase" value="1"/>
				<property name="nav_object" value="quest" />
			</objective>
			<objective type="RallyPoint">
				<property name="phase" value="2"/>
				<property name="nav_object" value="rally" />
			</objective>
			<objective type="ClearSleepers">
				<property name="phase" value="3"/>
				<property name="nav_object" value="sleeper_volume"/>
			</objective>
			<reward type="Quest" id="t4voRewardQuest3"/>
		</quest>
		<quest id="t4voRewardQuest3">
			<property name="name_key" value="bossCompleteQuestName"/>
			<property name="subtitle_key" value="bossCompleteQuestName"/>
			<property name="description_key" value="bossCompleteDesc"/>
			<property name="completion_key" value="bossCompleteKey"/>
			<property name="icon" value="ui_game_symbol_skull"/>
			<property name="repeatable" value="true"/>
			<property name="category_key" value="reward"/>
			<property name="difficulty" value="insane"/>
			<property name="shareable" value="false" />
			<property name="completiontype" value="TurnIn"/>
			<property name="difficulty_tier" value="7"/>
			<property name="reward_choices_count" value="5" />
			<objective type="InteractWithNPC">
				<property name="phase" value="1"/>
			</objective>
			<reward type="Exp" value="4000"/>
			<reward type="Item" id="casinoCoin" value="5000"/>
			<reward type="LootItem" id="groupQuestTAVO1" ischosen="true" isfixed="true" value="6"/>
			<reward type="LootItem" id="groupQuestTAVO2" ischosen="true" value="6"/>
			<reward type="LootItem" id="groupQuestTAVO3" ischosen="true" value="6"/>
			<reward type="LootItem" id="groupQuestTAVO4" ischosen="true" value="6"/>
			<reward type="LootItem" id="groupQuestTAVO5" ischosen="true" value="6"/>
		</quest>


		<!--Tier 1-->
		<quest id="q_killGallinazilla">
			<property name="name_key" value="¿?" />
			<property name="description_key" value="Questzilla" />
			<property name="subtitle_key" value="Gallinazilla" />
			<property name="icon" value="ui_game_symbol_tracking_chicken"/>
			<property name="repeatable" value="true"/>
			<property name="shareable" value="false" />
			<property name="category_key" value="quest"/>
			<property name="completion_key" value="comleteZilla"/>
			<property name="offer_key" value="Questzilla2"/>
			<property name="difficulty" value="insane"/>
			<action type="TrackQuest"/>

			<action type="SpawnEnemy" id="Gallinazilla" value="1" phase="1"/>
			<reward type="Item" id="casinoCoin" value="5000"/>
			<reward type="Item" id="bossTokenNatu" value="1"/>
		</quest>

		<!-- <quest id="LosLunaticos">
			<property name="name" value="LosLunaticos" />
			<property name="description_key" value="TAVOQUESTDesc" />
			<property name="subtitle_key" value="LosLunaticos" />
			<property name="icon" value="ui_game_symbol_death"/>
			<property name="repeatable" value="true"/>
			<property name="shareable" value="false" />
			<property name="category_key" value="quest"/>
			<property name="offer_key" value="LunaLQuestLongDesc"/>
			<property name="difficulty" value="medium"/>
			<action type="TrackQuest"/>
			<property name="difficulty_tier" value="7"/>			
			<action type="SpawnEnemy" id="zombiePsycho" value="5" phase="1"/>
			<action type="SpawnEnemy" id="zombieWendigo" value="1" phase="1"/>
			<action type="SpawnEnemy" id="zombieSBRopa" value="2" phase="1"/>
			<action type="SpawnEnemy" id="EliteSpider" value="4" phase="1"/>
			<action type="SpawnEnemy" id="zombieBanshee" value="2" phase="1"/>
			<action type="SpawnEnemy" id="zombieCowhead" value="2" phase="1"/>
			<action type="SpawnEnemy" id="zombiePartyGirlFeral" value="4" phase="1"/>

			<objective type="EntityKill" id="EliteSpider" value="2" phase="1"/>
			<objective type="EntityKill" id="zombiePsycho" value="2" phase="1"/>
			<objective type="EntityKill" id="zombiePartyGirlFeral" value="1" phase="1"/>
			<objective type="EntityKill" id="zombieSBRopa" value="1" phase="1"/>
			<reward type="Quest" id="tier2RewardQuest2"/>
		</quest> -->
		
		<!-- <quest id="q_venganza">
			<property name="name" value="La Venganza de la Naturaleza" />
			<property name="description_key" value="KillAnimals" />
			<property name="subtitle_key" value="Venganza de la Naturaleza" />
			<property name="icon" value="ui_game_symbol_tree"/>
			<property name="repeatable" value="true"/>
			<property name="shareable" value="false" />
			<property name="category_key" value="quest"/>
			<property name="offer_key" value="VZQuest1"/>
			<property name="completion_key" value="comleteVZ"/>
			<property name="difficulty" value="insane"/>
			<action type="TrackQuest"/>
			<property name="difficulty_tier" value="7"/>
			<action type="SpawnEnemy" id="TAVOanimalChickenDemonFeralBOSS" value="1" phase="31"/>
			<action type="SpawnEnemy" id="TAVOanimalSnakeFeral" value="3" phase="1"/>
			<action type="SpawnEnemy" id="TAVOanimalZombieBearLEGENDARY" value="2" phase="1"/>
			<action type="SpawnEnemy" id="HellLion" value="2" phase="1"/>
			<action type="SpawnEnemy" id="TAVOanimalChickenDemonFeralFUEGO" value="2" phase="1"/>
			<action type="SpawnEnemy" id="TAVOanimalChickenDemonFeralBOLT" value="2" phase="1"/>
			<action type="SpawnEnemy" id="TAVOanimalChickenDemonFeral" value="2" phase="1"/>
			<action type="SpawnEnemy" id="animalMountainLion" value="2" phase="1"/>
			<action type="SpawnEnemy" id="animalDireWolf" value="2" phase="1"/>
			<objective type="EntityKill" id="TAVOanimalZombieBearLEGENDARY" value="1" phase="1"/>
			<objective type="EntityKill" id="HellLion" value="1" phase="1"/>
			<reward type="Quest" id="tier2RewardQuest2"/>
		</quest> -->
		

		<!--Tier 1-->
		<quest id="q_KillSpecial">
			<property name="name" value="♦ Especiales ♦" />
			<property name="description_key" value="KillSpecial" />
			<property name="subtitle_key" value="♦ Especiales ♦" />
			<property name="icon" value="ui_game_symbol_star"/>
			<property name="repeatable" value="true"/>
			<property name="shareable" value="false" />
			<property name="category_key" value="quest"/>
			<property name="offer_key" value="SpecialQuest2"/>
			<property name="completion_key" value="comleteSpecial"/>			
			<property name="difficulty" value="insane"/>
			<property name="difficulty_tier" value="1"/>
			<property name="add_to_tier_complete" value="false" />
			<reward type="Item" id="q_Special1" value="1"/>
		</quest>
		<quest id="q_NewKillMinis">
			<property name="name" value="Pequeña Amenaza" />
			<property name="description_key" value="KillMinis" />
			<property name="subtitle_key" value="Pequeña Amenaza" />
			<property name="icon" value="ui_game_symbol_skull"/>
			<property name="repeatable" value="true"/>
			<property name="shareable" value="false" />
			<property name="category_key" value="quest"/>
			<property name="offer_key" value="MinisQuest2"/>
			<property name="completion_key" value="comleteMini"/>
			<property name="difficulty" value="insane"/>
			<action type="TrackQuest"/>
			<property name="difficulty_tier" value="1"/>
			<property name="add_to_tier_complete" value="false" />	
			<reward type="Item" id="q_Minis1" value="1"/>
		</quest>
		<quest id="q_SB">
			<property name="name" value="♦ Sub Jefes ♦" />
			<property name="description_key" value="questSBDesc" />
			<property name="subtitle_key" value="questSBSub" />
			<property name="icon" value="ui_game_symbol_star"/>
			<property name="repeatable" value="true"/>
			<property name="shareable" value="false" />
			<property name="category_key" value="quest"/>
			<property name="offer_key" value="questSBOffer"/>
			<property name="completion_key" value="questSBComplete"/>			
			<property name="difficulty" value="insane"/>
			<property name="difficulty_tier" value="1"/>
			<property name="add_to_tier_complete" value="false" />
			<reward type="Item" id="q_SB1" value="1"/>
		</quest>
		<quest id="q_KillCriaturas">
			<property name="name" value="Elimina a las extrañas criaturas" />
			<property name="description_key" value="KillCriaturas1" />
			<property name="subtitle_key" value="KillCriaturas" />
			<property name="icon" value="ui_game_symbol_skull"/>
			<property name="repeatable" value="true"/>
			<property name="shareable" value="false" />
			<property name="category_key" value="quest"/>
			<property name="offer_key" value="CriaturasQuest1"/>
			<property name="completion_key" value="comleteCriaturas"/>
			<property name="difficulty" value="insane"/>
			<property name="difficulty_tier" value="1"/>
			<property name="add_to_tier_complete" value="false" />
			<reward type="Item" id="q_Nightmare1" value="1"/>
		</quest>
		<quest id="q_Mutants">
			<property name="name" value="Elimina a los zombies elites" />
			<property name="description_key" value="KillElites1" />
			<property name="subtitle_key" value="KillElites" />
			<property name="icon" value="ui_game_symbol_radiation"/>
			<property name="repeatable" value="true"/>
			<property name="shareable" value="false" />
			<property name="category_key" value="quest"/>
			<property name="offer_key" value="ElitesQuest1"/>
			<property name="completion_key" value="comleteElites"/>
			<property name="difficulty" value="insane"/>
			<property name="difficulty_tier" value="1"/>
			<property name="add_to_tier_complete" value="false" />
			<reward type="Item" id="q_Mutants1" value="1"/>
		</quest>

		<quest id="q_Morte">
			<property name="name" value="Elimina a los zombies elites" />
			<property name="description_key" value="KillElites1" />
			<property name="subtitle_key" value="KillElites" />
			<property name="icon" value="ui_game_symbol_radiation"/>
			<property name="repeatable" value="true"/>
			<property name="shareable" value="false" />
			<property name="category_key" value="quest"/>
			<property name="offer_key" value="ElitesQuest1"/>
			<property name="completion_key" value="comleteElites"/>
			<property name="difficulty" value="insane"/>
			<property name="difficulty_tier" value="1"/>
			<property name="add_to_tier_complete" value="false" />
			<reward type="Item" id="q_Morte1" value="1"/>
		</quest>
		<quest id="q_Frozen">
			<property name="name" value="Elimina a los zombies elites" />
			<property name="description_key" value="KillElites1" />
			<property name="subtitle_key" value="KillElites" />
			<property name="icon" value="ui_game_symbol_radiation"/>
			<property name="repeatable" value="true"/>
			<property name="shareable" value="false" />
			<property name="category_key" value="quest"/>
			<property name="offer_key" value="ElitesQuest1"/>
			<property name="completion_key" value="comleteElites"/>
			<property name="difficulty" value="insane"/>
			<property name="difficulty_tier" value="1"/>
			<property name="add_to_tier_complete" value="false" />
			<reward type="Item" id="q_frozen1" value="1"/>
		</quest>
		<quest id="q_Infernal">
			<property name="name" value="Elimina a los zombies elites" />
			<property name="description_key" value="KillElites1" />
			<property name="subtitle_key" value="KillElites" />
			<property name="icon" value="ui_game_symbol_radiation"/>
			<property name="repeatable" value="true"/>
			<property name="shareable" value="false" />
			<property name="category_key" value="quest"/>
			<property name="offer_key" value="ElitesQuest1"/>
			<property name="completion_key" value="comleteElites"/>
			<property name="difficulty" value="insane"/>
			<property name="difficulty_tier" value="1"/>
			<property name="add_to_tier_complete" value="false" />
			<reward type="Item" id="q_infernal1" value="1"/>
		</quest>
		<quest id="q_Shock">
			<property name="name" value="Elimina a los zombies elites" />
			<property name="description_key" value="KillElites1" />
			<property name="subtitle_key" value="KillElites" />
			<property name="icon" value="ui_game_symbol_radiation"/>
			<property name="repeatable" value="true"/>
			<property name="shareable" value="false" />
			<property name="category_key" value="quest"/>
			<property name="offer_key" value="ElitesQuest1"/>
			<property name="completion_key" value="comleteElites"/>
			<property name="difficulty" value="insane"/>
			<property name="difficulty_tier" value="1"/>
			<property name="add_to_tier_complete" value="false" />
			<reward type="Item" id="q_shock1" value="1"/>
		</quest>

		<!--Tier 2-->
		<quest id="q_KillSoldier">
			<property name="name_key" value="Honor a los caidos"/>
			<property name="description_key" value="KillSoldier" />
			<property name="subtitle_key" value="Honor a los caidos" />
			<property name="icon" value="ui_game_symbol_skull"/>
			<property name="repeatable" value="true"/>
			<property name="shareable" value="false" />
			<property name="category_key" value="quest"/>
			<property name="offer_key" value="SoldierQuest1" param1="offer"/>
			<property name="completion_key" value="comleteSoldier"/>
			<property name="difficulty" value="insane"/>
			<property name="difficulty_tier" value="1"/>
			<property name="add_to_tier_complete" value="false" />
			<reward type="Item" id="q_Honor1" value="1"/>
		</quest>
		<quest id="q_KillJuggernaut">
			<property name="name_key" value="JugerTest" />
			<property name="subtitle_key" value="JugerTest" />
			<property name="description_key" value="JugerTest" />
			<property name="offer_key" value="JugerTest" />
			<property name="repeatable" value="false" />			
			<property name="category_key" value="JugerTest" />
			<property name="icon" value="ui_game_symbol_star" />				
			<property name="difficulty" value="insane" />
			<property name="difficulty_tier" value="1"/>
			<property name="add_to_tier_complete" value="false" />
			<reward type="Item" id="q_Jugger1" value="1"/>							
		</quest>		
		
		<quest id="q_KillMummy">
			<property name="name" value="Elimina a la Momia" />
			<property name="description_key" value="KillMummy1" />
			<property name="subtitle_key" value="KillMummy" />
			<property name="icon" value="ui_game_symbol_skull"/>
			<property name="repeatable" value="true"/>
			<property name="shareable" value="false" />
			<property name="category_key" value="quest"/>
			<property name="offer_key" value="MummyQuest1"/>
			<property name="completion_key" value="comleteMummy"/>
			<property name="difficulty" value="insane"/>
			<property name="difficulty_tier" value="1"/>
			<property name="add_to_tier_complete" value="false" />
			<reward type="Item" id="q_Momia1" value="1"/>
		</quest>
		<quest id="q_KillCirujano">
			<property name="name" value="Es hora de ir al medico" />
			<property name="description_key" value="KillCiru" />
			<property name="subtitle_key" value="Es hora de ir al medico" />
			<property name="icon" value="ui_game_symbol_add"/>
			<property name="repeatable" value="true"/>
			<property name="shareable" value="false" />
			<property name="category_key" value="quest"/>
			<property name="offer_key" value="CiruQuest1"/>
			<property name="completion_key" value="comleteCirujano"/>
			<property name="difficulty" value="insane"/>
			<property name="difficulty_tier" value="1"/>
			<property name="add_to_tier_complete" value="false" />
			<reward type="Item" id="q_Cirujano1" value="1"/>

		</quest>
		<quest id="q_KillSiren">
			<property name="name" value="Termina con la pesadilla" />
			<property name="description_key" value="KillSiren" />
			<property name="subtitle_key" value="Pesadilla" />
			<property name="icon" value="ui_game_symbol_skull"/>
			<property name="repeatable" value="true"/>
			<property name="shareable" value="false" />
			<property name="category_key" value="quest"/>
			<property name="offer_key" value="SirenQuest1"/>
			<property name="completion_key" value="comleteSiren"/>
			<property name="difficulty" value="insane"/>
			<property name="difficulty_tier" value="1"/>
			<property name="add_to_tier_complete" value="false" />
			<reward type="Item" id="q_Pesadilla1" value="1"/>
		</quest>
		<quest id="q_EnemigosHF">
			<property name="name" value="Enemigos de T4VO" />
			<property name="description_key" value="TAVOQUESTDesc" />
			<property name="subtitle_key" value="Venganza para T4VO" />
			<property name="icon" value="ui_game_symbol_skull"/>
			<property name="repeatable" value="true"/>
			<property name="shareable" value="false" />
			<property name="category_key" value="quest"/>
			<property name="offer_key" value="T4voQuestLongDesc"/>
			<property name="difficulty" value="insane"/>
			<property name="difficulty_tier" value="1"/>
			<property name="add_to_tier_complete" value="false" />
			<reward type="Item" id="q_shock1" value="1"/>
		</quest>
		
		<quest id="q_KillJuggernaut2Test">
			<property name="name_key" value="Mata al Juggernaut" />
			<property name="subtitle_key" value="Mata al Juggernaut" />
			<property name="description_key" value="KillJug" />
			<property name="offer_key" value="JugQuest1" />
			<property name="repeatable" value="true" />			
			<property name="category_key" value="quest" />
			<property name="icon" value="ui_game_symbol_skull" />				
			<property name="difficulty" value="insane" />
			<property name="shareable" value="true" />
			<property name="completion_key" value="comleteJugger"/>
			<objective type="EntityKill" id="zombieBossJuggernaut" value="1" phase="1"/>
			<reward type="Quest" id="tier2RewardQuest2"/>							
		</quest>		
		
		<!--Tier 3-->
		<quest id="q_note_HF">
			<property name="name_key" value="Hooligan Force" />
			<property name="subtitle_key" value="KillBosses" />
			<property name="description_key" value="subKeyHF" />			
			<property name="repeatable" value="true" />	
			<property name="shareable" value="false" />		
			<property name="category_key" value="quest"/>
			<property name="icon" value="ui_game_symbol_trophy" />				
			<property name="difficulty" value="insane" />		
			<property name="add_to_tier_complete" value="false" />	
			<reward type="Item" id="q_Hooligan_ForceTest2" value="1"/>
		</quest>

		<quest id="q_HF">
			<property name="name" value="Hooligan Force" />
			<property name="subtitle_key" value="HFKillBosses" />
			<property name="description_key" value="subKeyHF" />			
			<property name="icon" value="ui_game_symbol_trophy"/>
			<property name="repeatable" value="true"/>
			<property name="shareable" value="false" />
			<property name="category_key" value="quest"/>
			<property name="offer_key" value="HFQuest1"/>
			<property name="completion_key" value="comleteHF"/>
			<property name="difficulty" value="insane"/>
			<property name="completiontype" value="TurnIn"/>
			<property name="reward_choices_count" value="5" />
			<property name="difficulty_tier" value="7"/>
			<property name="add_to_tier_complete" value="false" />			
			<objective type="InteractWithNPC">
				<property name="phase" value="1"/>
			</objective>
			<reward type="Exp" value="300000"/>
			<reward type="Item" id="casinoCoinD" value="5"/>
			<reward type="Item" id="bossTokenAncient" value="1"/>
			<reward type="LootItem" id="sQuestHFloot1" ischosen="true" isfixed="true" value="6"/>
			<reward type="LootItem" id="sQuestHFloot2" ischosen="true" value="6"/>
			<reward type="LootItem" id="sQuestHFloot3" ischosen="true" value="6"/>
			<reward type="LootItem" id="sQuestHFloot4" ischosen="true" value="6"/>
			<reward type="LootItem" id="sQuestHFloot5" ischosen="true" value="6"/>

		</quest>

		<quest id="q_noteHF">
			<property name="name" value="Hooligan Force" />
			<property name="description_key" value="Hooligan Force" />
			<property name="subtitle_key" value="KillBosses" />
			<property name="icon" value="ui_game_symbol_trophy"/>
			<property name="repeatable" value="true"/>
			<property name="shareable" value="false" />
			<property name="category_key" value="quest"/>
			<property name="offer_key" value="HFQuest1"/>
			<property name="completion_key" value="comleteHF"/>
			<property name="difficulty" value="insane"/>			
			<property name="difficulty_tier" value="1"/>
			<property name="add_to_tier_complete" value="false" />
			<reward type="Item" id="q_Hooligan_Force1" value="1"/>
		</quest>
		
		<quest id="q_HFRush">
			<property name="name" value="Hooligan Force" />
			<property name="description_key" value="Hooligan Force" />
			<property name="subtitle_key" value="HFKillBosses" />
			<property name="icon" value="ui_game_symbol_trophy"/>
			<property name="repeatable" value="true"/>
			<property name="shareable" value="false" />
			<property name="category_key" value="quest"/>
			<property name="offer_key" value="HFBRQuest1"/>
			<property name="completion_key" value="comleteHF"/>
			<property name="difficulty" value="insane"/>
			<property name="completiontype" value="TurnIn"/>
			<property name="difficulty_tier" value="7"/>
			<property name="reward_choices_count" value="5" />
			<objective type="ClosestPOIGoto">
				<property name="phase" value="1"/>
				<property name="nav_object" value="quest" />
			</objective>
			<objective type="RallyPoint">
				<property name="phase" value="2"/>
				<property name="nav_object" value="rally" />
			</objective>
			<objective type="ClearSleepers">
				<property name="phase" value="3"/>
				<property name="nav_object" value="sleeper_volume"/>
			</objective>

			<action type="SpawnEnemy" id="zombieBossJuggernaut" value="2" phase="3"/>
			<action type="SpawnEnemy" id="zombieBossSoldier" value="2" phase="3"/>
			<action type="SpawnEnemy" id="zombieBossZombieKnight" value="2" phase="3"/>
			<objective type="EntityKill" id="zombieBossZombieKnight" value="1" phase="3"/>
			<objective type="EntityKill" id="zombieBossSoldier" value="1" phase="3"/>
			<objective type="EntityKill" id="zombieBossJuggernaut" value="1" phase="3"/>
			<objective type="POIStayWithin">
				<property name="phase" value="3"/>
				<property name="radius" value="30"/>
			</objective>
			<action type="SpawnEnemy" id="zombieBossCirujano" value="2" phase="4"/>
			<action type="SpawnEnemy" id="zombieBossSiren" value="2" phase="4"/>
			<action type="SpawnEnemy" id="zombieBossMummy" value="2" phase="4"/>
			<objective type="EntityKill" id="zombieBossCirujano" value="1" phase="4"/>
			<objective type="EntityKill" id="zombieBossMummy" value="1" phase="4"/>
			<objective type="EntityKill" id="zombieBossSiren" value="1" phase="4"/>
			<objective type="POIStayWithin">
				<property name="phase" value="4"/>
				<property name="radius" value="30"/>
			</objective>
			<action type="SpawnEnemy" id="zombieBossAdminHF" value="1" phase="5"/>
			<action type="SpawnEnemy" id="ZombieBossMineralSpider" value="1" phase="5"/>
			<action type="SpawnEnemy" id="zombieBossPractoSpider" value="1" phase="5"/>
			<objective type="EntityKill" id="zombieBossAdminHF" value="1" phase="5"/>

			<objective type="InteractWithNPC">
				<property name="phase" value="6"/>
			</objective>
			<reward type="Exp" value="340000"/>
			<reward type="Item" id="casinoCoinD" value="5"/>
			<reward type="Item" id="bossTokenAncient" value="1"/>
			<reward type="LootItem" id="sQuestHFloot1" ischosen="true" isfixed="true" value="6"/>
			<reward type="LootItem" id="sQuestHFloot2" ischosen="true" value="6"/>
			<reward type="LootItem" id="sQuestHFloot3" ischosen="true" value="6"/>
			<reward type="LootItem" id="sQuestHFloot4" ischosen="true" value="6"/>
			<reward type="LootItem" id="sQuestHFloot5" ischosen="true" value="6"/>
		</quest>	
		
		<quest id="q_killTaco">
			<property name="name" value="The Taco Quest" />
			<property name="description_key" value="KillTaco" />
			<property name="subtitle_key" value="The Taco Quest" />
			<property name="icon" value="ui_game_symbol_adventure"/>
			<property name="repeatable" value="true"/>
			<property name="shareable" value="false" />
			<property name="category_key" value="quest"/>
			<property name="offer_key" value="TacoQuest2"/>
			<property name="reward_choices_count" value="5" />
			<property name="completion_key" value="comleteTaco"/>
			<property name="difficulty" value="insane"/>
			<property name="completiontype" value="TurnIn"/>
			<objective type="EntityKill" id="zombieBossSiren" value="1" phase="3"/>
			<objective type="EntityKill" id="zombieBossSoldier" value="1" phase="1"/>			
			<objective type="EntityKill" id="zombieBossJuggernaut" value="1" phase="1"/>
			<objective type="EntityKill" id="zombieBossMummy" value="1" phase="1"/>
			<objective type="EntityKill" id="zombieBossZombieKnight" value="1" phase="1"/>
			<objective type="EntityKill" id="zombieBossCirujano" value="1" phase="1"/>
			<objective type="EntityKill" id="ZombieBossMineralSpider" value="1" phase="1"/>
			<objective type="EntityKill" id="zombieBossPractoSpider" value="1" phase="1"/>			
			<objective type="InteractWithNPC">
				<property name="phase" value="2"/>
			</objective>
			<reward type="Exp" value="70000"/>
			<reward type="Item" id="casinoCoinD" value="5"/>
			<reward type="LootItem" id="tQuestloot1" ischosen="true" isfixed="true" value="6"/>
			<reward type="LootItem" id="tQuestloot2" ischosen="true" value="6"/>
			<reward type="LootItem" id="tQuestloot3" ischosen="true" value="6"/>
			<reward type="LootItem" id="tQuestloot4" ischosen="true" value="6"/>
			<reward type="LootItem" id="tQuestloot5" ischosen="true" value="6"/>
		</quest>
		<quest id="q_killTaco2">
			<property name="name" value="The Taco Quest" />
			<property name="description_key" value="KillTaco" />
			<property name="subtitle_key" value="The Taco Quest" />
			<property name="icon" value="ui_game_symbol_adventure"/>
			<property name="repeatable" value="true"/>
			<property name="shareable" value="false" />
			<property name="category_key" value="quest"/>
			<property name="offer_key" value="TacoQuest2"/>
			<property name="reward_choices_count" value="5" />
			<property name="completion_key" value="comleteTaco"/>
			<property name="difficulty" value="insane"/>
			<property name="completiontype" value="TurnIn"/>
			<objective type="EntityKill" id="zombieBossSiren" value="1" phase="1"/>
			<objective type="EntityKill" id="zombieBossSoldier" value="1" phase="1"/>			
			<objective type="EntityKill" id="zombieBossJuggernaut" value="1" phase="1"/>
			<objective type="EntityKill" id="zombieBossMummy" value="1" phase="1"/>
			<objective type="EntityKill" id="zombieBossZombieKnight" value="1" phase="1"/>
			<objective type="EntityKill" id="zombieBossCirujano" value="1" phase="1"/>
			<objective type="EntityKill" id="ZombieBossMineralSpider" value="1" phase="1"/>
			<objective type="EntityKill" id="zombieBossPractoSpider" value="1" phase="1"/>			
			<objective type="InteractWithNPC">
				<property name="phase" value="2"/>
			</objective>
			<reward type="Exp" value="70000"/>
			<reward type="Item" id="casinoCoinD" value="5"/>
			<reward type="LootItem" id="tQuestloot1" ischosen="true" isfixed="true" value="6"/>
			<reward type="LootItem" id="tQuestloot2" ischosen="true" value="6"/>
			<reward type="LootItem" id="tQuestloot3" ischosen="true" value="6"/>
			<reward type="LootItem" id="tQuestloot4" ischosen="true" value="6"/>
			<reward type="LootItem" id="tQuestloot5" ischosen="true" value="6"/>
		</quest>
		<quest id="q_killTacoSpecial">
			<property name="name" value="The Taco Special Quest" />
			<property name="description_key" value="KillTacoS" />
			<property name="subtitle_key" value="The Taco Special Quest" />
			<property name="icon" value="ui_game_symbol_twitch_special"/>
			<property name="repeatable" value="true"/>
			<property name="shareable" value="false" />
			<property name="category_key" value="quest"/>
			<property name="offer_key" value="TacoQuestS2"/>
			<property name="completion_key" value="comleteTacoS"/>
			<property name="reward_choices_count" value="5" />
			<property name="difficulty" value="insane"/>
			<property name="completiontype" value="TurnIn"/>
			<objective type="EntityKill" id="zombieSpecialBossSiren" value="1" phase="1"/>
			<objective type="EntityKill" id="zombieSpecialBossSoldier" value="1" phase="1"/>			
			<objective type="EntityKill" id="zombieSpecialBossJuggernaut" value="1" phase="1"/>
			<objective type="EntityKill" id="zombieSpecialBossMummy" value="1" phase="1"/>			
			<objective type="EntityKill" id="zombieSpecialBossKnight" value="1" phase="1"/>
			<objective type="EntityKill" id="zombieSpecialBossCirujano" value="1" phase="1"/>
			<objective type="EntityKill" id="zombieSpecialBossNightSpider" value="1" phase="1"/>
			<objective type="InteractWithNPC">
				<property name="phase" value="2"/>
			</objective>
			<reward type="Exp" value="300000"/>
			<reward type="Item" id="casinoCoinD" value="15"/>
			<reward type="LootItem" id="tsQuestloot1" ischosen="true" isfixed="true" value="6"/>
			<reward type="LootItem" id="sQuestHFloot2" ischosen="true" value="6"/>
			<reward type="LootItem" id="tsQuestloot3" ischosen="true" value="6"/>
			<reward type="LootItem" id="tsQuestloot4" ischosen="true" value="6"/>
			<reward type="LootItem" id="tsQuestloot5" ischosen="true" value="6"/>
		</quest>		
		
		<quest id="q_KillVentus">
			<property name="name" value="Holy Ventus Quest" />
			<property name="description_key" value="KillTaco" />
			<property name="subtitle_key" value="The Taco Quest" />
			<property name="icon" value="ui_game_symbol_adventure"/>
			<property name="repeatable" value="true"/>
			<property name="shareable" value="false" />
			<property name="category_key" value="quest"/>
			<property name="offer_key" value="TacoQuest2"/>
			<property name="reward_choices_count" value="5" />
			<property name="completion_key" value="comleteTaco"/>
			<property name="difficulty" value="insane"/>
			<property name="completiontype" value="TurnIn"/>			
			<objective type="EntityKill" id="zombieBossToxic" value="1" phase="1"/>			
			<objective type="EntityKill" id="zombieBossMortevoda" value="1" phase="1"/>
			<objective type="EntityKill" id="zombieBossInfernal" value="1" phase="1"/>
			<objective type="EntityKill" id="zombieBossHoarfrost" value="1" phase="1"/>
			<objective type="EntityKill" id="zombieBossShocker" value="1" phase="1"/>
			<objective type="EntityKill" id="zombieBossSpartan" value="1" phase="1"/>
			<objective type="EntityKill" id="ZombieBossMineralSpider" value="1" phase="1"/>
			<objective type="EntityKill" id="zombieBossPractoSpider" value="1" phase="1"/>	
			<objective type="InteractWithNPC">
				<property name="phase" value="2"/>
			</objective>
			<reward type="Exp" value="70000"/>
			<reward type="Item" id="casinoCoinD" value="5"/>
			<reward type="LootItem" id="tQuestloot1" ischosen="true" isfixed="true" value="6"/>
			<reward type="LootItem" id="tQuestloot2" ischosen="true" value="6"/>
			<reward type="LootItem" id="tQuestloot3" ischosen="true" value="6"/>
			<reward type="LootItem" id="tQuestloot4" ischosen="true" value="6"/>
			<reward type="LootItem" id="tQuestloot5" ischosen="true" value="6"/>
		</quest>
		<quest id="q_KillVentusSpecial">
			<property name="name" value="Holy Ventus Special Quest" />
			<property name="description_key" value="KillTacoS" />
			<property name="subtitle_key" value="The Taco Special Quest" />
			<property name="icon" value="ui_game_symbol_twitch_special"/>
			<property name="repeatable" value="true"/>
			<property name="shareable" value="false" />
			<property name="category_key" value="quest"/>
			<property name="offer_key" value="TacoQuestS2"/>
			<property name="completion_key" value="comleteTacoS"/>
			<property name="reward_choices_count" value="5" />
			<property name="difficulty" value="insane"/>
			<property name="completiontype" value="TurnIn"/>			
			<objective type="EntityKill" id="zombieSpecialBossMortevoda" value="1" phase="1"/>
			<objective type="EntityKill" id="zombieSpecialBossInfernal" value="1" phase="1"/>
			<objective type="EntityKill" id="zombieSpecialBossHoarfrost" value="1" phase="1"/>
			<objective type="EntityKill" id="zombieSpecialBossShocker" value="1" phase="1"/>
			<objective type="EntityKill" id="zombieSpecialBossToxic" value="1" phase="1"/>			
			<objective type="EntityKill" id="zombieSpecialBossSpartan" value="1" phase="1"/>
			<objective type="EntityKill" id="zombieSpecialBossNightSpider" value="1" phase="1"/>	
			<objective type="InteractWithNPC">
				<property name="phase" value="2"/>
			</objective>
			<reward type="Exp" value="300000"/>
			<reward type="Item" id="casinoCoinD" value="15"/>
			<reward type="LootItem" id="tsQuestloot1" ischosen="true" isfixed="true" value="6"/>
			<reward type="LootItem" id="sQuestHFloot2" ischosen="true" value="6"/>
			<reward type="LootItem" id="tsQuestloot3" ischosen="true" value="6"/>
			<reward type="LootItem" id="tsQuestloot4" ischosen="true" value="6"/>
			<reward type="LootItem" id="tsQuestloot5" ischosen="true" value="6"/>
		</quest>
		<!--Lucky Quest-->
		<quest id="q_killLucky">
			<property name="name_key" value="Buena suerte" />
			<property name="description_key" value="QuestLucky" />
			<property name="subtitle_key" value="Suerte" />
			<property name="icon" value="ui_game_symbol_lightbulb"/>
			<property name="repeatable" value="true"/>
			<property name="shareable" value="false" />
			<property name="category_key" value="quest"/>
			<property name="completion_key" value="comleterandom"/>
			<property name="offer_key" value="QuestLucky2"/>
			<property name="difficulty" value="insane"/>
			<property name="difficulty_tier" value="1"/>
			<property name="add_to_tier_complete" value="false" />
			<reward type="Item" id="q_Lucky1" value="1"/>
		</quest>

		<quest id="q_RewLucky">
			<property name="name_key" value="Recompensa de mision" />
			<property name="description_key" value="Recompensa por haber leido una mision de la suerte" />
			<property name="subtitle_key" value="Recompensa" />
			<property name="repeatable" value="true"/>
			<property name="shareable" value="false" />
			<property name="completion_key" value="comleterandom"/>
			<property name="offer_key" value="QuestLucky2"/>
			<property name="category_key" value="Recompensa"/>
			<property name="difficulty" value="easy"/>
			<action type="SpawnEnemy" id="zombieArlene,zombieDarlene,zombieMarlene,zombieMummyDog,HellLion,nightZombieCop,nightZombieSoldier,nightZombieHawai,nightZombieSkater,nightZombieFeral,nightZombieDemolition,nightZombieBurn,nightZombieSpider,nightZombieNurse,nightZombieHazmat,NighScreamer,zombieVengeSpirit,HeadZombiePonky,MiniRopaJoel,zombieSBKnight,BossCrawler,BossAngryCrawler,zombieBanshee,zombieScarecrow,zombiePsycho,ZombieBomber,zombieCowhead,zombieWendigo,TAVOanimalChickenDemonFeral,TAVOanimalChickenDemonFeralBOLT,zombieNurseFeral,zombieSBRopa,zombieGunner,TAVOzombieWightRAINBOW,ZombieEliteBomber,EliteDemo,EliteSolider,EliteHawai,EliteCop,EliteFeral,TAVOIronSpider,TAVOzombieBolt,EliteCop,zombieMarlene,zombieBoe,zombieMoe,zombieYo,TAVOanimalChickenDemonFeralTANK,TAVOanimalSnakeFeral,TAVOANACONDA,TAVOanimalChickenDemonFeralBlackChamuscada,EliteNurse" value="12-14"/>
			<action type="SpawnEnemy" id="zombieBossMummy,zombieBossPractoSpider,ZombieBossMineralSpider,Gallinazilla,zombieBossSoldier,zombieBossZombieKnight,zombieBossSiren,zombieBossJuggernaut,TAVOanimalChickenDemonFeralBOSS,TAVOanimalZombieBearLEGENDARY" value="1-3"/>
			<reward type="Item" id="casinoCoin" value="7000"/>
			<reward type="Exp" value="10000"/>
		</quest>
		
		<quest id="q_TotalRandom">
			<property name="name_key" value="Recompensa de mision" />
			<property name="description_key" value="Recompensa por haber leido una mision random" />
			<property name="subtitle_key" value="Recompensa" />
			<property name="repeatable" value="true"/>
			<property name="shareable" value="false" />
			<property name="category_key" value="Recompensa"/>
			<property name="difficulty" value="easy"/>
			<property name="icon" value="ui_game_symbol_skull"/>
			<property name="completion_key" value="comleteREnemigs"/>
			<property name="offer_key" value="QuestREnemigs2"/>
			<action type="SpawnEnemy" id="zombieArlene,zombieWightFeral,zombieWightRadiated,zombieBoe,zombieBoeFeral,zombieBoeRadiated,zombieFemaleFat,zombieFemaleFatFeral,zombieFemaleFatRadiated,zombieJoe,zombieJoeFeral,zombieJoeRadiated,zombieJanitor,zombieJanitorFeral,zombieJanitorRadiated,zombieArleneRadiated,zombieLab,zombieLabRadiated,zombieScreamer,zombieScreamerFeral,zombieScreamerRadiated,zombieDarleneRadiated,zombieYoRadiated,zombieSteveFeral,zombieSteveCrawlerFeral,zombieBusinessMan,legendaryZombieBusinessMan,zombieSnow,zombieSpider,zombieBurnt,zombieNurse,zombieFatHawaiian,zombieUtilityWorker,zombieSoldier,zombieSoldierFeral,zombieSoldierRadiated,zombieDemolition,zombieSkateboarderRadiated,zombieOldTimerFeral,zombieBikerFeral,zombiePartyGirl,zombieDarlene,zombieMarlene,zombieMummyDog,HellLion,nightZombieCop,nightZombieSoldier,nightZombieHawai,nightZombieSkater,nightZombieFeral,nightZombieDemolition,nightZombieBurn,nightZombieSpider,nightZombieNurse,nightZombieHazmat,NighScreamer,zombieVengeSpirit,HeadZombiePonky,MiniRopaJoel,zombieSBKnight,zombieBossAdminHF,BossCrawler,BossAngryCrawler,zombieBanshee,zombieScarecrow,zombiePsycho,ZombieBomber,zombieCowhead,zombieWendigo,TAVOanimalChickenDemonFeral,TAVOanimalChickenDemonFeralBOLT,zombieNurseFeral,zombieSBRopa,zombieGunner,TAVOzombieWightRAINBOW,ZombieEliteBomber,EliteDemo,EliteSolider,EliteHawai,EliteCop,EliteFeral,TAVOIronSpider,TAVOzombieBolt,EliteCop,zombieMarlene,zombieBoe,zombieMoe,zombieYo,zombieBossMummy,zombieBossPractoSpider,ZombieBossMineralSpider,Gallinazilla,zombieBossSoldier,zombieBossZombieKnight,zombieBossSiren,zombieBossJuggernaut,TAVOanimalChickenDemonFeralBOSS,TAVOanimalZombieBearLEGENDARY,zombieBossCirujano,MinieBomber,TAVOanimalChickenDemonFeralTANK,TAVOanimalSnakeFeral,TAVOANACONDA,TAVOanimalChickenDemonFeralBlackChamuscada,zombieMutatedRadiated,zombieMutatedFeral,zombieMutated,zombieFatCop,zombieFatCopFeral,zombieFatCopRadiated,zombieMaleHazmat,zombieMaleHazmatFeral,zombieMaleHazmatRadiated,zombieLumberjack,zombieLumberjackFeral,zombieLumberjackRadiated,zombieUtilityWorkerFeral,zombieUtilityWorkerRadiated,zombieBurntRadiated,zombieBurnt,zombieBurntFeral,zombieBusinessManFeral,zombieBusinessMan,zombieBusinessManRadiated,zombieTomClarkRadiated,zombieTomClarkFeral,zombieTomClark,zombieSteveRadiated,zombieSteveFeral,zombieSteve,zombieNurseRadiated,zombiePartyGirlRadiated,zombieMarleneRadiated,zombieMarleneFeral,zombieArleneFeral,zombieBossCirujanoHorda,EliteNurse,HvInfernalCop,HvInfernalSolider,HvInfernalHawai,HvInfernalSkater,HvInfernalFeral,HvInfernalBoomer,HvInfernalTom,HvInfernalBurn,HvInfernalSpider,HvInfernalNurse,HvInfernalMaleHazmat,HvHoarfrostCop,HvHoarfrostSolider,HvHoarfrostHawai,HvHoarfrostSkater,HvHoarfrostFeral,HvHoarfrostBoomer,HvHoarfrostTom,HvHoarfrostBurn,HvHoarfrostSpider,HvHoarfrostNurse,HvHoarfrostMaleHazmat,HvMortevodaCop,HvMortevodaSolider,HvMortevodaHawai,HvMortevodaSkater,HvMortevodaFeral,HvMortevodaBoomer,HvMortevodaTom,HvMortevodaBurn,HvMortevodaSpider,HvMortevodaNurse,HvMortevodaMaleHazmat" value="3-8"/>
			<reward type="Item" id="casinoCoin" value="3000-7000"/>
			<reward type="Item" id="questFrag" value="1-4"/>
			<reward type="Exp" value="10000"/>
		</quest>
		<quest id="q_killGacha">
			<property name="name_key" value="Buena suerte" />
			<property name="description_key" value="QuestGacha" />
			<property name="subtitle_key" value="Gacha" />
			<property name="icon" value="ui_game_symbol_treasure"/>
			<property name="repeatable" value="true"/>
			<property name="shareable" value="false" />
			<property name="category_key" value="quest"/>
			<property name="completion_key" value="comleterandom"/>
			<property name="offer_key" value="QuestGacha2"/>
			<property name="difficulty" value="insane"/>
			<action type="TrackQuest"/>

			<action type="SpawnEnemy" id="zombieArlene,zombieWightFeral,zombieWightRadiated,zombieBoe,zombieBoeFeral,zombieBoeRadiated,zombieFemaleFat,zombieFemaleFatFeral,zombieFemaleFatRadiated,zombieJoe,zombieJoeFeral,zombieJoeRadiated,zombieJanitor,zombieJanitorFeral,zombieJanitorRadiated,zombieArleneRadiated,zombieLab,zombieLabRadiated,zombieScreamer,zombieScreamerRadiated,zombieDarleneRadiated,zombieYoRadiated,zombieSteveFeral,zombieSteveCrawlerFeral,zombieBusinessMan,legendaryZombieBusinessMan,zombieSnow,zombieSpider,zombieBurnt,zombieNurse,zombieFatHawaiian,zombieUtilityWorker,zombieSoldierFeral,zombieSoldierRadiated,zombieDemolition,zombieSkateboarderRadiated,zombieOldTimerFeral,zombieBikerFeral,zombiePartyGirl,zombieDarlene,zombieMarlene,zombieMummyDog,HellLion,nightZombieCop,nightZombieSoldier,nightZombieHawai,nightZombieSkater,nightZombieFeral,nightZombieDemolition,nightZombieBurn,nightZombieSpider,nightZombieNurse,nightZombieHazmat,NighScreamer,zombieVengeSpirit,HeadZombiePonky,MiniRopaJoel,zombieSBKnight,zombieSpecialBossAdminHF,zombieSpecialBossKnight,zombieSpecialBossMummy,zombieBossAdminHF,zombieSpecialBossNightSpider,zombieSpecialBossSiren,zombieSpecialBossJuggernaut,zombieSpecialBossSoldier,BossCrawler,BossAngryCrawler,zombieBanshee,zombieScarecrow,zombiePsycho,ZombieBomber,zombieCowhead,zombieWendigo,TAVOanimalChickenDemonFeral,TAVOanimalChickenDemonFeralBOLT,zombieNurseFeral,zombieSBRopa,zombieGunner,TAVOzombieWightRAINBOW,ZombieEliteBomber,EliteDemo,EliteSolider,EliteHawai,EliteCop,EliteFeral,TAVOIronSpider,TAVOzombieBolt,EliteCop,zombieMarlene,zombieBoe,zombieMoe,zombieYo,zombieBossMummy,zombieBossPractoSpider,ZombieBossMineralSpider,Gallinazilla,zombieBossSoldier,zombieBossZombieKnight,zombieBossSiren,zombieBossJuggernaut,TAVOanimalChickenDemonFeralBOSS,TAVOanimalZombieBearLEGENDARY,zombieSpecialBossCirujano,zombieBossCirujano,TAVOanimalChickenDemonFeralTANK,TAVOanimalSnakeFeral,TAVOANACONDA,TAVOanimalChickenDemonFeralBlackChamuscada,zombieMutatedRadiated,zombieMutatedFeral,zombieMutated,zombieFatCop,zombieFatCopFeral,zombieFatCopRadiated,zombieMaleHazmat,zombieMaleHazmatFeral,zombieMaleHazmatRadiated,zombieLumberjack,zombieLumberjackFeral,zombieLumberjackRadiated,zombieUtilityWorkerFeral,zombieUtilityWorkerRadiated,zombieBurntRadiated,zombieBurnt,zombieBurntFeral,zombieBusinessManFeral,zombieBusinessMan,zombieBusinessManRadiated,zombieTomClarkRadiated,zombieTomClarkFeral,zombieTomClark,zombieSteveRadiated,zombieSteveFeral,zombieSteve,zombieNurseRadiated,zombiePartyGirlRadiated,zombieMarleneRadiated,zombieMarleneFeral,zombieArleneFeral,zombieBossCirujanoHorda,EliteNurse,HvInfernalCop,HvInfernalSolider,HvInfernalHawai,HvInfernalSkater,HvInfernalFeral,HvInfernalBoomer,HvInfernalTom,HvInfernalBurn,HvInfernalSpider,HvInfernalNurse,HvInfernalMaleHazmat,HvHoarfrostCop,HvHoarfrostSolider,HvHoarfrostHawai,HvHoarfrostSkater,HvHoarfrostFeral,HvHoarfrostBoomer,HvHoarfrostTom,HvHoarfrostBurn,HvHoarfrostSpider,HvHoarfrostNurse,HvHoarfrostMaleHazmat,HvMortevodaCop,HvMortevodaSolider,HvMortevodaHawai,HvMortevodaSkater,HvMortevodaFeral,HvMortevodaBoomer,HvMortevodaTom,HvMortevodaBurn,HvMortevodaSpider,HvMortevodaNurse,HvMortevodaMaleHazmat" value="1"/>
			<reward type="Item" id="casinoCoin" value="1"/>
			<reward type="Exp" value="1"/>
		</quest>
		<quest id="q_killGachaPREM">
			<property name="name_key" value="Buena suerte" />
			<property name="description_key" value="QuestGacha" />
			<property name="subtitle_key" value="Gacha" />
			<property name="icon" value="ui_game_symbol_treasure"/>
			<property name="repeatable" value="true"/>
			<property name="shareable" value="false" />
			<property name="category_key" value="quest"/>
			<property name="completion_key" value="comleterandom"/>
			<property name="offer_key" value="QuestGacha2"/>
			<property name="difficulty" value="insane"/>
			<action type="TrackQuest"/>

			<action type="SpawnEnemy" id="zombieArlene,zombieWightFeral,zombieWightRadiated,zombieBoe,zombieBoeFeral,zombieBoeRadiated,zombieFemaleFat,zombieFemaleFatFeral,zombieFemaleFatRadiated,zombieJoe,zombieJoeFeral,zombieJoeRadiated,zombieJanitor,zombieJanitorFeral,zombieJanitorRadiated,zombieArleneRadiated,zombieLab,zombieLabRadiated,zombieScreamer,zombieScreamerRadiated,zombieDarleneRadiated,zombieYoRadiated,zombieSteveFeral,zombieSteveCrawlerFeral,zombieBusinessMan,legendaryZombieBusinessMan,zombieSnow,zombieSpider,zombieBurnt,zombieNurse,zombieFatHawaiian,zombieUtilityWorker,zombieSoldierFeral,zombieSoldierRadiated,zombieDemolition,zombieSkateboarderRadiated,zombieOldTimerFeral,zombieBikerFeral,zombiePartyGirl,zombieDarlene,zombieMarlene,zombieMummyDog,HellLion,nightZombieCop,nightZombieSoldier,nightZombieHawai,nightZombieSkater,nightZombieFeral,nightZombieDemolition,nightZombieBurn,nightZombieSpider,nightZombieNurse,nightZombieHazmat,NighScreamer,zombieVengeSpirit,HeadZombiePonky,MiniRopaJoel,zombieSBKnight,zombieSpecialBossAdminHF,zombieSpecialBossKnight,zombieSpecialBossMummy,zombieBossAdminHF,zombieSpecialBossNightSpider,zombieSpecialBossSiren,zombieSpecialBossJuggernaut,zombieSpecialBossSoldier,BossCrawler,BossAngryCrawler,zombieBanshee,zombieScarecrow,zombiePsycho,ZombieBomber,zombieCowhead,zombieWendigo,TAVOanimalChickenDemonFeral,TAVOanimalChickenDemonFeralBOLT,zombieNurseFeral,zombieSBRopa,zombieGunner,TAVOzombieWightRAINBOW,ZombieEliteBomber,EliteDemo,EliteSolider,EliteHawai,EliteCop,EliteFeral,TAVOIronSpider,TAVOzombieBolt,EliteCop,zombieMarlene,zombieBoe,zombieMoe,zombieYo,zombieBossMummy,zombieBossPractoSpider,ZombieBossMineralSpider,Gallinazilla,zombieBossSoldier,zombieBossZombieKnight,zombieBossSiren,zombieBossJuggernaut,TAVOanimalChickenDemonFeralBOSS,TAVOanimalZombieBearLEGENDARY,zombieSpecialBossCirujano,zombieBossCirujano,TAVOanimalChickenDemonFeralTANK,TAVOanimalSnakeFeral,TAVOANACONDA,TAVOanimalChickenDemonFeralBlackChamuscada,zombieMutatedRadiated,zombieMutatedFeral,zombieMutated,zombieFatCop,zombieFatCopFeral,zombieFatCopRadiated,zombieMaleHazmat,zombieMaleHazmatFeral,zombieMaleHazmatRadiated,zombieLumberjack,zombieLumberjackFeral,zombieLumberjackRadiated,zombieUtilityWorkerFeral,zombieUtilityWorkerRadiated,zombieBurntRadiated,zombieBurnt,zombieBurntFeral,zombieBusinessManFeral,zombieBusinessMan,zombieBusinessManRadiated,zombieTomClarkRadiated,zombieTomClarkFeral,zombieTomClark,zombieSteveRadiated,zombieSteveFeral,zombieSteve,zombieNurseRadiated,zombiePartyGirlRadiated,zombieMarleneRadiated,zombieMarleneFeral,zombieArleneFeral,zombieBossCirujanoHorda,EliteNurse,HvInfernalCop,HvInfernalSolider,HvInfernalHawai,HvInfernalSkater,HvInfernalFeral,HvInfernalBoomer,HvInfernalTom,HvInfernalBurn,HvInfernalSpider,HvInfernalNurse,HvInfernalMaleHazmat,HvHoarfrostCop,HvHoarfrostSolider,HvHoarfrostHawai,HvHoarfrostSkater,HvHoarfrostFeral,HvHoarfrostBoomer,HvHoarfrostTom,HvHoarfrostBurn,HvHoarfrostSpider,HvHoarfrostNurse,HvHoarfrostMaleHazmat,HvMortevodaCop,HvMortevodaSolider,HvMortevodaHawai,HvMortevodaSkater,HvMortevodaFeral,HvMortevodaBoomer,HvMortevodaTom,HvMortevodaBurn,HvMortevodaSpider,HvMortevodaNurse,HvMortevodaMaleHazmat" value="1"/>
			<reward type="Item" id="casinoCoin" value="5000"/>
			<reward type="Exp" value="10000"/>
		</quest>
		

		<!---->
	</insertAfter>
</configs>
