<configs>
	<append xpath="/spawning/biome[@name='pine_forest']">
		<spawn maxcount="2" respawndelay="1" time="Day" entitygroup="ZombiesForesetSP" />
		<spawn maxcount="4" respawndelay=".5" time="Night" entitygroup="ZombiesForesetSPNight" />
	</append>
	<append xpath="/spawning/biome[@name='desert']">
		<spawn maxcount="2" respawndelay="1" time="Day" entitygroup="ZombiesDesertSP" />
		<spawn maxcount="4" respawndelay=".5" time="Night" entitygroup="ZombiesDesertSPNight" />
	</append>
	<append xpath="/spawning/biome[@name='snow']">
		<spawn maxcount="2" respawndelay="1" time="Day" entitygroup="ZombieSnowSP" />
		<spawn maxcount="4" respawndelay=".5" time="Night" entitygroup="ZombieSnowSPNight" />		
	</append>
	<append xpath="/spawning/biome[@name='wasteland']">
		<spawn maxcount="2" respawndelay="1" time="Day" entitygroup="ZombiesWastelandSP" />
		<spawn maxcount="4" respawndelay=".5" time="Night" entitygroup="ZombiesWastelandSPNight" />		
	</append>	
	<!-- Snufkin
	<append xpath="/spawning/biome[@name='desert']">
		<spawn maxcount="1" respawndelay="1" time="Night" entitygroup="ZombiesDesertNight" />
	</append>
	<append xpath="/spawning/biome[@name='wasteland']">
		<spawn maxcount="1" respawndelay="1" time="Night" entitygroup="ZombiesWastelandNightHard" />		
	</append>
	-->
</configs>


