<configs>

	<append xpath="/blocks">
	<block name="JumpPad">
		<property name="CustomIcon" value="airConditionVentFan"/>
        <property name="DescriptionKey" value="JumpPadDesc"/>
        <property name="BuffsWhenWalkedOn" value="JumpPadBuff" />
		<property name="Material" value="Mmetal"/>
		<property name="Shape" value="ModelEntity"/>
		<property name="Path" value="solid"/>
		<property name="Model" value="Entities/Appliances/ventFanPrefab"/>
		<property name="HandleFace" value="Bottom"/>
		<property name="ModelOffset" value="0,0,0"/>
		<property name="CanPickup" value="false"/>        
        <drop event="Destroy" count="0" prob="1" />
        <drop event="Fall" name="scrapMetalPile" count="1" prob="1.0"  stick_chance="1" />
        <property class="RepairItems">
			<property name="resourceForgedSteel" value="5"/>
			<property name="resourceMechanicalParts" value="1"/>
		</property>
    </block>

</append>
	
</configs>