<MalenCD>
  <append xpath="/items">
    <item name="CD Gun">
      <property name="Extends" value="gunHandgunPistolAdmin"/>      
      <property name="ItemTypeIcon" value="map_cursor"/>
      <property name="CustomIconTint" value="10,10,10"/>
      <property name="TintColor" value="10,10,10"/>
      <property name="CustomIcon" value="gunHandgunT1Pistol"/>   
      <property name="Stacknumber" value="1"/>
      <property name="ShowQuality" value="false"/>
      <property name="Candrop" value="false"/>
      <property class="Action0">
        <property name="Class" value="Ranged"/>
        <property name="Magazine_items" value="ammo9mmBulletBall"/>
        <property name="Sound_start" value="screamer_summoner"/>
        <property name="Sound_loop" value="screamer_summoner"/>
        <property name="Sound_end" value=""/>
        <property name="Sound_empty" value="dryfire"/>
        <property name="Sound_reload" value="pistol_reload"/>
        <property name="Infinite_ammo" value="true"/>
        <property name="Particles_muzzle_fire" value="gunfire_pistol"/>
        <property name="Particles_muzzle_fire_fpv" value="gunfire_pistol_fpv"/>
        <property name="Single_magazine_usage" value="true"/>
      </property>
      <effect_group name="gunPistol" tiered="false">
        <passive_effect name="EntityDamage" operation="base_add" value="1"/>
        <passive_effect name="MaxRange" operation="base_set" value="100" tags="perkGunslinger,9mmGun"/>
        <passive_effect name="DamageFalloffRange" operation="base_set" value="100" tags="perkGunslinger,9mmGun"/>
        <passive_effect name="RoundsPerMinute" operation="base_set" value="300" tags="perkGunslinger"/>
        <passive_effect name="BurstRoundCount" operation="base_set" value="1" tags="perkGunslinger"/>
        <passive_effect name="ReloadSpeedMultiplier" operation="base_set" value="1" tags="perkGunslinger"/>

        <passive_effect name="SpreadDegreesVertical" operation="base_set" value="1.5" tags="perkGunslinger"/>
        <passive_effect name="SpreadDegreesHorizontal" operation="base_set" value="1.5" tags="perkGunslinger"/>
        <passive_effect name="SpreadMultiplierAiming" operation="base_set" value=".4" tags="perkGunslinger"/>
        <passive_effect name="SpreadMultiplierCrouching" operation="base_set" value=".8" tags="perkGunslinger"/>
        <passive_effect name="SpreadMultiplierWalking" operation="base_set" value="1.5" tags="perkGunslinger"/>
        <passive_effect name="SpreadMultiplierRunning" operation="base_set" value="2.2" tags="perkGunslinger"/>
        <passive_effect name="KickDegreesVerticalMin" operation="base_set" value=".7" tags="perkGunslinger"/>
        <passive_effect name="KickDegreesVerticalMax" operation="base_set" value=".8" tags="perkGunslinger"/>
        <passive_effect name="KickDegreesHorizontalMin" operation="base_set" value="-.25" tags="perkGunslinger"/>
        <passive_effect name="KickDegreesHorizontalMax" operation="base_set" value=".25" tags="perkGunslinger"/>
        <passive_effect name="IncrementalSpreadMultiplier" operation="base_set" value="2.0" tags="perkGunslinger,9mmGun"/>
        <passive_effect name="WeaponHandling" operation="perc_add" value=".08" tags="perkGunslinger"/>
        <passive_effect name="WeaponHandling" operation="base_set" value="1.1" tags="perkGunslinger"/>
        <!--  crosshair reset speed  -->
        <passive_effect name="DegradationMax" operation="base_set" value="9999" tags="admin"/>
        <passive_effect name="DegradationPerUse" operation="base_set" value="0" tags="admin"/>
      </effect_group>

    </item>

  </append>
</MalenCD>
