<MalenEI>

	<!-- MalenEI Edits Start -->
	<remove xpath="/blocks/block[@name='cntGunSafe_Player']/property[@name='LockPickItem']"/>
	<remove xpath="/blocks/block[@name='cntGunSafe_Player']/property[@name='LockPickTime']"/>
	<remove xpath="/blocks/block[@name='cntWallSafe_Player']/property[@name='LockPickItem']"/>
	<remove xpath="/blocks/block[@name='cntWallSafe_Player']/property[@name='LockPickTime']"/>
	
	<append xpath="/blocks/block[@name='cntStorageGeneric']">

		<property class="UpgradeBlock">
			<property name="ToBlock" value="cSeguridad"/>
			<property name="Item" value="resourceForgedSteel"/>
			<property name="ItemCount" value="30"/>
			<property name="UpgradeHitCount" value="4"/>
		</property>
	</append>	
	<!-- -->
	
	<append xpath="/blocks">

		<block name="cSeguridad">
			<property name="CreativeMode" value="Player"/>
			<property name="ItemTypeIcon" value="lock"/>
			<property name="CustomIcon" value="cntHardenedChestSecure"/>			
			<property name="Stacknumber" value="100"/>	
			<property name="CustomIconTint" value="30,30,30"/>		
			<property name="Shape" value="ModelEntity"/>
			<property name="Path" value="solid"/>
			<property name="Model" value="@:Entities/LootContainers/tier4LootChestPrefab.prefab"/>										      	
			<property name="Place" value="TowardsPlacerInverted"/>
			<property name="DescriptionKey" value="cntStorageGenericDesc"/>
			<property name="Tags" value="door"/>
			<property name="Class" value="SecureLoot"/>
			<property name="LootList" value="cajaDeSeguridad"/>
			<property name="Material" value="Msteel"/>
			<property name="MaxDamage" value="10000"/>
			<property name="PassThroughDamage" value="false"/>
			<property name="Texture" value="62,64,64,64,64,64"/>
			<property name="UseGlobalUV" value="L,L,L,L,L,L"/>
			<property class="RepairItems">
				<property name="resourceForgedSteel" value="15"/>
			</property>
			<property name="DowngradeBlock" value="cSeguridadInsegura"/>
			<drop event="Destroy" count="0"/>
			<property name="Group" value="Building,advBuilding"/>
			<property name="EconomicValue" value="690"/>
			<property name="FilterTags" value="floot"/>
		</block>
		<block name="CSHardenedChestSecureT5">
			<property name="Extends" value="cSeguridad"/>
			<property name="CustomIconTint" value="150,150,150"/>			
			<property name="CustomIcon" value="cntHardenedChestSecureT5"/>
			<property name="ModelOffset" value="0,0.5,0"/>
			<property name="MultiBlockDim" value="2,1,1"/>
			<property name="Model" value="@:Entities/LootContainers/tier5LootChestPrefab.prefab"/>
		</block>
		<block name="CSPaintable">
			<property name="Extends" value="cSeguridad"/>
			<property name="Shape" value="New"/>
			<property name="Model" value="counter"/>
			<property name="CustomIconTint" value="30,30,30"/>
			<property name="CustomIcon" value="cntStorageHealth"/>

		</block>
		<block name="CSSigned">
			<property name="CreativeMode" value="Player"/>
			<property name="Extends" value="cSeguridad"/>
			<property name="CustomIcon" value="cntShippingCrateHero"/>
			<property name="Shape" value="ModelEntity"/>
			<property name="Model" value="@:Entities/LootContainers/crate_storeSignablePrefab.prefab"/>
			<property name="DescriptionKey" value="cntStorageGenericSignedDesc"/>
			<property name="Tags" value="door"/>
			<property name="Class" value="SecureLootSigned"/>
			<property name="Texture" value="572"/>
			<property name="UseGlobalUV" value="L,L,L,L,L,L"/>
			<property name="FuelValue" value="300"/>
			<property name="CustomIconTint" value="150,150,150"/>
			<property class="RepairItems">
				<property name="resourceForgedSteel" value="15"/>
			</property>
			<drop event="Destroy" count="0"/>
			<property name="Group" value="Building,advBuilding"/>
			<property name="DowngradeBlock" value="cntStorageGenericSignedInsecure"/>
			<property name="EconomicValue" value="690"/>
			<property name="FilterTags" value="floot"/>
			<property name="Place" value="TowardsPlacer"/>
			<!--  sign model, not needed for cube  -->
		</block>
		<block name="CSVariantHelper">
			<property name="Extends" value="CSPaintable"/>
			<property name="CustomIcon" value="cntShippingCrateHero"/>
			<property name="CreativeMode" value="Player"/>
			<property name="DescriptionKey" value="CSVariantHelperDesc"/>
			<property name="ItemTypeIcon" value="all_blocks"/>
			<property name="SellableToTrader" value="false"/>
			<property name="SelectAlternates" value="true" />
			<property name="PlaceAltBlockValue" value="cSeguridad,CSHardenedChestSecureT5,CSPaintable,cSHalfblock,CSSigned,CSCrateBook,CSCrateCarParts,cCSCrateLab,CSCrateMoPower,CSCrateSavageC,CSCrateShamway,CSCrateShotgunMessiah,CSCrateWorkingStiff"/>
			<property name="Group" value="Building,advBuilding"/>
		</block>
		<block name="cSeguridadInsegura">
			<property name="CreativeMode" value="Player"/>
			<property name="CustomIcon" value="cntStorageHealth"/>
			<property name="CustomIconTint" value="30,30,30"/>

			<property name="Shape" value="New"/>

			<property name="Path" value="solid"/>
			<property name="Model" value="counter"/>
			<property name="Place" value="TowardsPlacerInverted"/>
			<!--<property name="Model" value="cube"/>-->
			<property name="DescriptionKey" value="cntStorageGenericDesc"/>
			<property name="Tags" value="door"/>
			<property name="Class" value="Loot"/>
			<property name="LootList" value="SecureLoot"/>
			<property name="Material" value="Msteel"/>
			<property name="MaxDamage" value="200"/>
			<property name="Texture" value="62,64,64,64,64,64"/>
			<property name="UseGlobalUV" value="L,L,L,L,L,L"/>
			<property class="RepairItems">
				<property name="resourceForgedSteel" value="15"/>
			</property>
			<drop event="Destroy" count="0"/>
			<property name="Group" value="Building,advBuilding"/>
			<property name="EconomicValue" value="6"/>
			<property name="FilterTags" value="floot"/>
		</block>
		
		<block name="CSCrateBook">
			<property name="Extends" value="CSPaintable"/>
			<property name="CustomIconTint" value="150,150,150"/>
			<property name="Shape" value="ModelEntity"/>
			<property name="CustomIcon" value="cntShippingCrateBookstore"/>
			<property name="Model" value="@:Entities/LootContainers/crate_store_CrackABookPrefab.prefab"/>										 
		</block>		
		<block name="CSCrateCarParts">
			<property name="CustomIconTint" value="150,150,150"/>
			<property name="Extends" value="CSPaintable"/>
			<property name="Shape" value="ModelEntity"/>
			<property name="CustomIcon" value="cntShippingCrateCarParts"/>
			<property name="Model" value="@:Entities/LootContainers/crate_store_PassNGasPrefab.prefab"/>
		</block>
		<block name="cCSCrateLab">
			<property name="CustomIconTint" value="150,150,150"/>
			<property name="Extends" value="CSPaintable"/>
			<property name="Shape" value="ModelEntity"/>
			<property name="CustomIcon" value="cntShippingCrateLabEquipment"/>
			<property name="Model" value="@:Entities/LootContainers/crate_store_PopNPillsPrefab.prefab"/>
		</block>
		<block name="CSCrateMoPower">
			<property name="CustomIconTint" value="150,150,150"/>
			<property name="Extends" value="CSPaintable"/>
			<property name="Shape" value="ModelEntity"/>
			<property name="CustomIcon" value="cntShippingCrateMoPowerElectronics"/>
			<property name="Model" value="@:Entities/LootContainers/crate_store_MoPowerPrefab.prefab"/>
		</block>
		<block name="CSCrateSavageC">
			<property name="CustomIconTint" value="150,150,150"/>
			<property name="Extends" value="CSPaintable"/>
			<property name="Shape" value="ModelEntity"/>
			<property name="CustomIcon" value="cntShippingCrateSavageCountry"/>
			<property name="Model" value="@:Entities/LootContainers/crate_store_SavagePrefab.prefab"/>
		</block>
		<block name="CSCrateShamway">
			<property name="CustomIconTint" value="150,150,150"/>
			<property name="Extends" value="CSPaintable"/>
			<property name="Shape" value="ModelEntity"/>
			<property name="CustomIcon" value="cntShippingCrateShamway"/>
			<property name="Model" value="@:Entities/LootContainers/crate_store_ShamwayPrefab.prefab"/>
		</block>
		<block name="CSCrateShotgunMessiah">
			<property name="CustomIconTint" value="150,150,150"/>
			<property name="Extends" value="CSPaintable"/>
			<property name="Shape" value="ModelEntity"/>
			<property name="CustomIcon" value="cntShippingCrateShotgunMessiah"/>
			<property name="Model" value="@:Entities/LootContainers/crate_store_ShotgunPrefab.prefab"/>
		</block>
		<block name="CSCrateWorkingStiff">
			<property name="CustomIconTint" value="150,150,150"/>
			<property name="Extends" value="CSPaintable"/>
			<property name="Shape" value="ModelEntity"/>
			<property name="CustomIcon" value="cntShippingCrateWorkingStiffs"/>
			<property name="Model" value="@:Entities/LootContainers/crate_store_WorkingStiffsPrefab.prefab"/>
		</block>
		<block name="cSHalfblockInsecured">
			<property name="CustomIconTint" value="150,150,150"/>
			<property name="Extends" value="cSeguridadInsegura"/>
			<property name="Model" value="cube_half"/>
			<property name="CustomIcon" value="shapeCubeHalf"/>
			<property name="CustomIcon" value="rScrapIronHalf"/>
		</block>
		<block name="cSHalfblock">
			<property name="CustomIconTint" value="150,150,150"/>
			<property name="Extends" value="CSPaintable"/>
			<property name="Model" value="cube_half"/>
			<property name="CustomIcon" value="shapeCubeHalf"/>
			<property name="DowngradeBlock" value="cSHalfblockInsecured"/>
		</block>


	</append>

	<!-- , MalenEI Edits End -->

</MalenEI>
