<config>
    <!-- ▼▲▼▲▼▲▼▲▼▲▼▲▼▲▼▲▼▲ ADD LVL UP BOX ▼▲▼▲▼▲▼▲▼▲▼▲▼▲▼▲▼▲ -->
		<append xpath="/entity_classes/entity_class[@name='playerMale']/property[@name='ItemsOnEnterGame.GameModeSurvivalMP']/@value">,kitlvl50,q_eventPascua</append>
		<append xpath="/entity_classes/entity_class[@name='playerMale']/property[@name='ItemsOnEnterGame.GameModeSurvival']/@value">,kitlvl50,q_eventPascua</append>
		<append xpath="/entity_classes/entity_class[@name='playerMale']/property[@name='ItemsOnEnterGame.GameModeSurvivalSP']/@value">,kitlvl50,q_eventPascua</append>
	<!-- ▼▲▼▲▼▲▼▲▼▲▼▲▼▲▼▲▼▲▼▲▼▲▼▲▼▲▼▲▼▲▼▲▼▲▼▲▼▲▼▲▼▲▼▲▼▲▼▲▼▲▼▲▼▲ -->
     <!--
    <append xpath="/entity_classes/entity_class[@name='ZombieBossMineralSpider']">
        <drop event="Harvest" name="eventIT1" tag="allToolsHarvest" count="1,5"/>
    </append>
    <append xpath="/entity_classes/entity_class[@name='zombieBossPractoSpider']">
        <drop event="Harvest" name="eventIT1" tag="allToolsHarvest" count="1,5"/>
    </append>
    <append xpath="/entity_classes/entity_class[@name='zombieSpecialBossNightSpider']">
        <drop event="Harvest" name="eventIT1" tag="allToolsHarvest" count="3,15"/>
    </append>
    -->
    
</config>