<configs>
	<append xpath="/items">
	<!-- ▼▲▼▲▼▲▼▲▼▲▼▲▼▲▼▲▼▲ Item de Temporada ▼▲▼▲▼▲▼▲▼▲▼▲▼▲▼▲▼▲ -->
		<item name="eventIT1">
			<property name="Extends" value="partsMaster"/>
			<property name="DescriptionKey" value="eventitemdesc"/>
			<property name="ItemTypeIcon" value="twitch_special"/>
			<!--<property name="CustomIcon" value="meleeWpnClubT1CandyClub"/> navidad-->
			<!--<property name="CustomIcon" value="resourceForgedSteel"/> valentin-->
			<!--<property name="CustomIcon" value="foodEgg"/> pascuas-->			
			<!--<property name="CustomIcon" value="resourceConcreteMix"/> verano-->
			<!--<property name="CustomIcon" value="decoPumpkinJackOLantern"/> Otoño
			<property name="CustomIcon" value="thrownDynamite"/> Año nuevo-->			
			<property name="CustomIcon" value="foodEgg"/>
			<!--<property name="CustomIconTint" value="FFA200"/> verano/Otoño-->
			<!--<property name="CustomIconTint" value="2E1503"/> san valentin -->
			<!--<property name="CustomIconTint" value="FF00E0"/> Pacua -->
			<!-- <property name="CustomIconTint" value="0CC7A8"/> año nuevo  -->
			-<property name="CustomIconTint" value="FF00E0"/>			
			<property name="Material" value="Morganic"/>
			<property name="Stacknumber" value="400"/>
			<property name="Group" value="Mods"/>
			<property name="SellableToTrader" value="false"/>
			<property name="EconomicBundleSize" value="401"/>
		</item>
	<!-- ▼▲▼▲▼▲▼▲▼▲▼▲▼▲▼▲▼▲ Tickets de evento ▼▲▼▲▼▲▼▲▼▲▼▲▼▲▼▲▼▲ -->
		<item name="eventIT2">
			<property name="Extends" value="partsMaster"/>
			<property name="ItemTypeIcon" value="twitch_special"/>
			
			<property name="DescriptionKey" value="eventitem2desc"/>
			<!--<property name="CustomIcon" value="meleeWpnClubT1CandyClub"/>-->
			<property name="CustomIcon" value="adminQuestTicketMaster"/>
			<property name="CustomIconTint" value="100,0,0"/>
			<property name="Material" value="Morganic"/>
			<!-- <property name="UnlockedBy" value="modArmorPlatingReinforcedSchematic"/> -->
			<property name="Stacknumber" value="400"/>
			<property name="Group" value="Mods"/>
			<property name="SellableToTrader" value="false"/>
			<property name="EconomicBundleSize" value="401"/>
		</item>
	<!-- ▼▲▼▲▼▲▼▲▼▲▼▲▼▲▼▲▼▲ Token de misiones ▼▲▼▲▼▲▼▲▼▲▼▲▼▲▼▲▼▲ -->
		<item name="eventIT3">
			<property name="Extends" value="partsMaster"/>
			<property name="ItemTypeIcon" value="star"/>
			<property name="DescriptionKey" value="eventitem3desc"/>
			<property name="CustomIcon" value="adminQuestTicketMaster"/>
			<property name="CustomIconTint" value="81, 209, 246"/>
			<property name="TintColor" value="81, 209, 246"/>	
			<property name="Material" value="Morganic"/>
			<property name="Stacknumber" value="400"/>
			<property name="Group" value="Mods"/>
			<property name="SellableToTrader" value="false"/>
			<property name="EconomicBundleSize" value="401"/>
		</item>
	<!-- ▼▲▼▲▼▲▼▲▼▲▼▲▼▲▼▲▼▲ Dulces de evento ▼▲▼▲▼▲▼▲▼▲▼▲▼▲▼▲▼▲ -->
		<item name="eventIT4">
			<property name="Extends" value="partsMaster"/>
			<property name="ItemTypeIcon" value="star"/>
			<property name="DescriptionKey" value="eventitemdesc"/>
			<property name="CustomIcon" value="drugRockBusters"/>
			<property name="CustomIconTint" value="FFA200"/>			
			<property name="Material" value="Morganic"/>
			<property name="Stacknumber" value="400"/>
			<property name="Group" value="Mods"/>
			<property name="SellableToTrader" value="false"/>
			<property name="EconomicBundleSize" value="401"/>
		</item>
		<item name="eventIT5">
			<property name="Extends" value="partsMaster"/>
			<property name="ItemTypeIcon" value="star"/>			
			<property name="DescriptionKey" value="eventitemdesc"/>
			<property name="CustomIcon" value="drugSugarButts"/>
			<property name="CustomIconTint" value="FF00E0"/>			
			<property name="Material" value="Morganic"/>
			<property name="Stacknumber" value="400"/>
			<property name="Group" value="Mods"/>
			<property name="SellableToTrader" value="false"/>
			<property name="EconomicBundleSize" value="401"/>
		</item>
		<item name="eventIT6">
			<property name="Extends" value="partsMaster"/>
			<property name="ItemTypeIcon" value="star"/>
			<property name="DescriptionKey" value="eventitem3desc"/>
			<property name="CustomIcon" value="adminQuestTicketMaster"/>
			<property name="CustomIconTint" value="152, 152, 39"/>
			<property name="TintColor" value="152, 152, 39"/>	
			<property name="Material" value="Morganic"/>
			<property name="Stacknumber" value="400"/>
			<property name="Group" value="Mods"/>
			<property name="SellableToTrader" value="false"/>
			<property name="EconomicBundleSize" value="401"/>
		</item>
	<!-- ▼▲▼▲▼▲▼▲▼▲▼▲▼▲▼▲▼▲ HC ▼▲▼▲▼▲▼▲▼▲▼▲▼▲▼▲▼▲ -->	
		<item name="hooliganCoin">			
			<property name="Extends" value="partsMaster"/>
			<property name="Tags" value="hcc,currency,dukes"/>
			<property name="ItemTypeIcon" value="twitch_special"/>
			<property name="DescriptionKey" value="hcdesc"/>
			<property name="CustomIcon" value="casinoCoin"/>
			<property name="CustomIconTint" value="100,0,0"/>
			<property name="Material" value="MresourceScrapBrassSmall"/>
			<property name="Stacknumber" value="30000"/>
			<property name="SellableToTrader" value="true"/>
			<property name="EconomicValue" value="1"/>
			<property name="Group" value="aSeries"/>
			<property name="SellableToTrader" value="false"/>
			<property name="EconomicBundleSize" value="30001"/>
		</item>
		<item name="hooliganCheck">
			<property name="CustomIcon" value="elevatorTest"/>
			<property name="ItemTypeIcon" value="twitch_special"/>
			<property name="HoldType" value="45"/>
			<property name="CustomIconTint" value="100,0,0"/>
			<property name="Meshfile" value="@:Other/Items/Misc/sackPrefab.prefab"/>
			<property name="DropMeshfile" value="@:Other/Items/Misc/sack_droppedPrefab.prefab"/>
			<property name="Material" value="Morganic"/>
			<property name="Stacknumber" value="100"/>
			<property name="Candrop" value="false"/>			
			<property name="Group" value="Science"/>
			<property class="Action0">
				<property name="Class" value="OpenBundle"/>
				<property name="Delay" value="0.5"/>
				<property name="Use_time" value="1"/>
				<property name="Sound_start" value="wrench_harvest"/>
				<property name="Create_item" value="hooliganCoin"/>
				<property name="Create_item_count" value="30000"/>
			</property>
			<property name="SellableToTrader" value="false"/>
			<property name="EconomicBundleSize" value="101"/>
		</item>
	
	<!-- ▼▲▼▲▼▲▼▲▼▲▼▲▼▲▼▲▼▲ Kit municion HP ▼▲▼▲▼▲▼▲▼▲▼▲▼▲▼▲▼▲ -->
		<item name="ammoKitMini">
			<property name="CustomIcon" value="bundleAmmo"/>
			<property name="ItemTypeIcon" value="treasure"/>
			<property name="HoldType" value="45"/>
			<property name="Meshfile" value="@:Other/Items/Misc/sackPrefab.prefab"/>
			<property name="DropMeshfile" value="@:Other/Items/Misc/sack_droppedPrefab.prefab"/>
			<property name="Material" value="Morganic"/>
			<property name="DescriptionKey" value="ammoKitMiniDesc"/>
			<property name="Stacknumber" value="1"/>
			<property name="Weight" value="0"/>
			<property name="Group" value="Special Items"/>
			<property class="Action0">
				<property name="Class" value="OpenBundle"/>
				<property name="Delay" value="0.5"/>
				<property name="Use_time" value="1"/>
				<property name="Sound_start" value="wrench_harvest"/>
				<property name="Create_item" value="ammo9mmBulletHP,ammo762mmBulletHP,ammo44MagnumBulletHP,ammoShotgunSlug"/>
				<property name="Create_item_count" value="250,350,250,250"/>
			</property>
		</item>
	<!-- ▼▲▼▲▼▲▼▲▼▲▼▲▼▲▼▲▼▲ Equipo PVP ▼▲▼▲▼▲▼▲▼▲▼▲▼▲▼▲▼▲ -->
		<item name="PVPMAH">
			<property name="Extends" value="armorLightMaster"  param1="CustomIcon"/>			
			<property name="CreativeMode" value="Dev"/>
			<property name="DisplayType" value="armorLight"/>
			<property name="ArmorGroup" value="groupPVP"/>
			<property name="ItemTypeIcon" value="light_armor2"/>
			<property name="UMA.Overlay0Tint" value="10,10,10"/>
			<property name="CustomIconTint" value="10,10,10"/>
			<property name="TintColor" value="10,10,10"/>			
			<property name="ShowQuality" value="true"/>
			<property name="SellableToTrader" value="false"/>
			<property name="Waterproof" value=".25"/>
			<property name="Material" value="Morganic"/>
			<property name="DescriptionKey" value="pvpDesc"/>
			<property name="Group" value="Clothing"/>
			<property name="SoundPickup" value="outfit_cloth_grab"/>
			<property name="SoundPlace" value="outfit_cloth_place"/>

			<property name="CustomIcon" value="armorAthleticHelmet"/>
			<property name="Tags" value="head,armor,armorHead,canHaveCosmetic,lightArmor,lightArmorDeg"/>
			<property name="EquipSlot" value="Head"/>
			<effect_group name="pvpArmorHelm" tiered="false">
				<passive_effect name="AttributeLevel" tags="attPerception" operation="base_set" value="1"/>
				<passive_effect name="AttributeLevel" tags="attStrength" operation="base_set" value="1"/>
				<passive_effect name="AttributeLevel" tags="attFortitude" operation="base_set" value="1"/>
				<passive_effect name="AttributeLevel" tags="attAgility" operation="base_set" value="1"/>
				<passive_effect name="AttributeLevel" tags="attIntellect" operation="base_set" value="0"/>
				<passive_effect name="AttributeLevel" tags="special" operation="base_set" value="0"/>
				<passive_effect name="AttributeLevel" tags="Prestige" operation="base_set" value="0"/>
				<passive_effect name="PerkLevel" tags="perkCharismaticNature" operation="base_set" value="0"/>
				<passive_effect name="PerkLevel" tags="perkMaxstat" operation="base_set" value="0"/>
				<passive_effect name="PerkLevel" tags="perkAcrobat" operation="base_set" value="0"/>
				<passive_effect name="PerkLevel" tags="perkStrmaster" operation="base_set" value="0"/>
				<passive_effect name="PerkLevel" tags="PBMH" operation="base_set" value="0"/>				
				<passive_effect name="PlayerExpGain" operation="base_set" value="0"/>
				<passive_effect name="AttributeLevel" tags="Prestige" operation="base_set" value="0"/>
				<passive_effect name="HealthMax" operation="base_set" value="150"/>
				<passive_effect name="StaminaMax" operation="base_set" value="150"/>
				<passive_effect name="HealthMax" operation="base_subtract" value="@$PlayerLevelBonus"/>
				<passive_effect name="StaminaMax" operation="base_subtract" value="@$PlayerLevelBonus"/>
				<passive_effect name="CarryCapacity" operation="base_set" value="60"/>
				<passive_effect name="ModSlots" operation="base_set" value="0"/>
				<passive_effect name="PhysicalDamageResist" operation="base_add" value="7.5"/>
				<passive_effect name="ElementalDamageResist" operation="base_add" value="7.5" tags="heat,electrical"/>
				<passive_effect name="HypothermalResist" operation="base_add" value="25"/>
				<passive_effect name="HyperthermalResist" operation="base_add" value="25"/>
				<passive_effect name="BuffResistance" operation="base_add" value="2" tags="buffLegSprainedFallTrigger,buffLegBroken,buffArmSprained"/>
				<passive_effect name="BuffResistance" operation="base_add" value="2" tags="buffArmBroken,buffInjuryCrippled01"/>
				<passive_effect name="ExpDeficitPerDeathPercentage" operation="base_set" value="0"/>
				<triggered_effect trigger="onSelfEquipStart" action="ModifyCVar" cvar="$buffchaleDuration" operation="set" value="0"/>
				<triggered_effect trigger="onSelfEquipStart" action="ModifyCVar" cvar="$chale" operation="set" value="-1"/>
				<triggered_effect trigger="onSelfEquipStop" action="ModifyCVar" cvar="$chale" operation="set" value="0"/>
				<passive_effect name="DegradationMax" operation="base_set" value="9999" tags="admin"/>
				<passive_effect name="DegradationPerUse" operation="base_set" value="0" tags="admin"/>
				<passive_effect name="Mobility" operation="perc_add" value="0"/>
			</effect_group>
			<property class="SDCS">
				<property name="HeadGearName" value="Fitness"/>
				<property name="TransformName" value="head"/>
				<property name="Excludes" value=""/>
				<property name="HairMaskType" value="Hat"/>
			</property>
		</item>
		<item name="PVPMAA">
			<property name="Extends" value="PVPMAH"  param1="CustomIcon"/>
			<property name="CustomIcon" value="armorAthleticOutfit"/>
			<property name="Tags" value="upperbody,chest,armor,armorChest,canHaveCosmetic,lightArmor,lightArmorDeg"/>
			<property name="EquipSlot" value="Chest"/>

			<effect_group name="with x5 BuffResistance" tiered="false">
				<passive_effect name="ModSlots" operation="base_set" value="0"/>
				<passive_effect name="ModPowerBonus" operation="base_add" value="300" tags="EconomicValue"/>
				<passive_effect name="PhysicalDamageResist" operation="base_add" value="7.5"/>
				<passive_effect name="ElementalDamageResist" operation="base_add" value="7.5" tags="heat,electrical"/>
				<passive_effect name="BuffResistance" operation="base_add" value=".0700" tags="buffFatiguedTrigger,buffArmSprainedCHTrigger,buffLegSprainedCHTrigger,buffInjuryBleedingTwo,buffInjuryBleedingBarbedWire,buffLaceration,buffInfectionCatch,buffInjuryStunned01CHTrigger"/>
				<passive_effect name="DegradationMax" operation="base_set" value="9999" tags="admin"/>
				<passive_effect name="DegradationPerUse" operation="base_set" value="0" tags="admin"/>
				<passive_effect name="Mobility" operation="perc_add" value="0"/>
			</effect_group>
			<property class="SDCS">
				<property name="Prefab" value="Entities/Player/*/Gear/Prefabs/gear*FitnessPrefab"/>
				<property name="TransformName" value="body"/>
				<property name="Excludes" value="body"/>
			</property>
		</item>
		<item name="PVPMAG">
			<property name="Extends" value="PVPMAH" param1="DescriptionKey"/>
			<property name="CustomIcon" value="armorAthleticGloves"/>
			<property name="Tags" value="upperbody,hands,armor,armorHands,canHaveCosmetic,lightArmor,lightArmorDeg"/>
			<property name="EquipSlot" value="Hands"/>
			<effect_group name="with x5 BuffResistance" tiered="false">
				<passive_effect name="ModSlots" operation="base_set" value="0"/>
				<passive_effect name="ModPowerBonus" operation="base_add" value="300" tags="EconomicValue"/>
				<passive_effect name="PhysicalDamageResist" operation="base_add" value="7.5"/>
				<passive_effect name="ElementalDamageResist" operation="base_add" value="7.5" tags="heat,electrical"/>
				<passive_effect name="BuffResistance" operation="base_add" value=".0700" tags="buffFatiguedTrigger,buffArmSprainedCHTrigger,buffLegSprainedCHTrigger,buffInjuryBleedingTwo,buffInjuryBleedingBarbedWire,buffLaceration,buffInfectionCatch,buffInjuryStunned01CHTrigger"/>
				<passive_effect name="DegradationMax" operation="base_set" value="9999" tags="admin"/>
				<passive_effect name="DegradationPerUse" operation="base_set" value="0" tags="admin"/>
				<passive_effect name="Mobility" operation="perc_add" value="0"/>
			</effect_group>
			<property class="SDCS">
				<property name="Prefab" value="Entities/Player/*/Gear/Prefabs/gear*FitnessPrefab"/>
				<property name="TransformName" value="hands"/>
				<property name="Excludes" value="hands"/>
			</property>
		</item>
		<item name="PVPMAL">
			<property name="Extends" value="PVPMAH" param1="DescriptionKey"/>
			<property name="CustomIcon" value="armorAthleticBoots"/>
			<property name="Tags" value="lowerbody,feet,armor,armorFeet,canHaveCosmetic,lightArmor,lightArmorDeg"/>
			<property name="EquipSlot" value="Feet"/>
			<effect_group name="with x5 BuffResistance" tiered="false">
				<passive_effect name="ModSlots" operation="base_set" value="0"/>
				<passive_effect name="ModPowerBonus" operation="base_add" value="300" tags="EconomicValue"/>
				<passive_effect name="PhysicalDamageResist" operation="base_add" value="7.5"/>
				<passive_effect name="ElementalDamageResist" operation="base_add" value="7.5" tags="heat,electrical"/>
				<passive_effect name="BuffResistance" operation="base_add" value=".0700" tags="buffFatiguedTrigger,buffArmSprainedCHTrigger,buffLegSprainedCHTrigger,buffInjuryBleedingTwo,buffInjuryBleedingBarbedWire,buffLaceration,buffInfectionCatch,buffInjuryStunned01CHTrigger"/>
				<passive_effect name="DegradationMax" operation="base_set" value="9999" tags="admin"/>
				<passive_effect name="DegradationPerUse" operation="base_set" value="0" tags="admin"/>
				<passive_effect name="Mobility" operation="perc_add" value="0"/>

			</effect_group>
			<property class="SDCS">
				<property name="Prefab" value="Entities/Player/*/Gear/Prefabs/gear*FitnessPrefab"/>
				<property name="TransformName" value="feet"/>
				<property name="Excludes" value="feet"/>
			</property>
		</item>

		<item name="PVPCAPAH">
			<property name="Extends" value="PVPMAH" param1="DescriptionKey"/>
			<property name="CustomIcon" value="armorCommandoHelmet"/>
			<property name="Tags" value="head,armor,armorHead,mediumArmor,mediumArmorPenalty,canHaveCosmetic,mediumArmorDeg,armorMediumSkill,armorCommandoBonus"/>
			<property name="EquipSlot" value="Head"/>
			<effect_group name="with x5 BuffResistance" tiered="false">
				<passive_effect name="AttributeLevel" tags="attPerception" operation="base_set" value="1"/>
				<passive_effect name="AttributeLevel" tags="attStrength" operation="base_set" value="1"/>
				<passive_effect name="AttributeLevel" tags="attFortitude" operation="base_set" value="1"/>
				<passive_effect name="AttributeLevel" tags="attAgility" operation="base_set" value="1"/>
				<passive_effect name="AttributeLevel" tags="attIntellect" operation="base_set" value="0"/>
				<passive_effect name="AttributeLevel" tags="special" operation="base_set" value="0"/>
				<passive_effect name="AttributeLevel" tags="Prestige" operation="base_set" value="0"/>
				<passive_effect name="PerkLevel" tags="perkCharismaticNature" operation="base_set" value="0"/>
				<passive_effect name="PerkLevel" tags="perkMaxstat" operation="base_set" value="0"/>
				<passive_effect name="PerkLevel" tags="perkAcrobat" operation="base_set" value="0"/>
				<passive_effect name="PerkLevel" tags="perkStrmaster" operation="base_set" value="0"/>
				<passive_effect name="AttributeLevel" tags="Prestige" operation="base_set" value="0"/>
				<passive_effect name="HealthMax" operation="base_set" value="20000"/>
				<passive_effect name="StaminaMax" operation="base_set" value="400"/>
				<passive_effect name="HealthMax" operation="base_subtract" value="@$PlayerLevelBonus"/>
				<passive_effect name="StaminaMax" operation="base_subtract" value="@$PlayerLevelBonus"/>
				<passive_effect name="CarryCapacity" operation="base_set" value="60"/>
				<passive_effect name="ModSlots" operation="base_set" value="0"/>
				<passive_effect name="PhysicalDamageResist" operation="base_add" value="15"/>
				<passive_effect name="ElementalDamageResist" operation="base_add" value="15" tags="heat,electrical"/>
				<passive_effect name="HypothermalResist" operation="base_add" value="25"/>
				<passive_effect name="HyperthermalResist" operation="base_add" value="25"/>
				<passive_effect name="BuffResistance" operation="base_add" value="2" tags="buffLegSprainedFallTrigger,buffLegBroken,buffArmSprained"/>
				<passive_effect name="BuffResistance" operation="base_add" value="2" tags="buffArmBroken,buffInjuryCrippled01"/>
				<passive_effect name="ExpDeficitPerDeathPercentage" operation="base_set" value="0"/>
				<!--Buff de otro mod no nesesario si no se tiene el mod-->
				<triggered_effect trigger="onSelfEquipStart" action="ModifyCVar" cvar="$buffchaleDuration" operation="set" value="0"/>
				<triggered_effect trigger="onSelfEquipStart" action="ModifyCVar" cvar="$chale" operation="set" value="-1"/>
				<triggered_effect trigger="onSelfEquipStop" action="ModifyCVar" cvar="$chale" operation="set" value="0"/>

				<passive_effect name="DegradationMax" operation="base_set" value="9999" tags="admin"/>
				<passive_effect name="DegradationPerUse" operation="base_set" value="0" tags="admin"/>
				<passive_effect name="Mobility" operation="perc_add" value="0"/>
			</effect_group>
			<property class="SDCS">
				<property name="HeadGearName" value="Commando"/>
				<property name="TransformName" value="head"/>
				<property name="Excludes" value=""/>
				<property name="HairMaskType" value="Hat"/>
			</property>
		</item>

	<!-- ▼▲▼▲▼▲▼▲▼▲▼▲▼▲▼▲▼▲ Bundles de evento ▼▲▼▲▼▲▼▲▼▲▼▲▼▲▼▲▼▲ -->
		<item name="PVPKIT">
			<property name="CustomIcon" value="cntTraderSuperChest"/>
			<property name="DescriptionKey" value="PVPBDesc"/>
			<property name="CustomIconTint" value="50,50,50"/>
			<property name="ItemTypeIcon" value="bundle"/>
			<property name="HoldType" value="45"/>
			<property name="Meshfile" value="@:Other/Items/Misc/sackPrefab.prefab"/>
			<property name="DropMeshfile" value="@:Other/Items/Misc/sack_droppedPrefab.prefab"/>
			<property name="Material" value="Morganic"/>
			<property name="Stacknumber" value="1"/>
			<property name="Weight" value="0"/>
			<property name="Group" value="Special Items"/>
			<property class="Action0">
				<property name="Class" value="OpenBundle"/>
				<property name="Delay" value="0.5"/>
				<property name="Use_time" value="1"/>
				<property name="Sound_start" value="wrench_harvest"/>
				<property name="Create_item" value="medicalBandage,resourceRepairKit,drinkJarPureMineralWater,foodHoboStew,medicalFirstAidKit,PVPMAH,PVPMAA,PVPMAG,PVPMAL,RWRKIT4"/>
				<property name="Create_item_count" value="10,15,10,10,1,1,1,1,1,1,1"/>
			</property>
		</item>
		<item name="eventbackpack">
			<property name="CustomIcon" value="backpackMedium"/>
			<property name="DescriptionKey" value="Una mochila tomada del cuerpo de un lunatico..."/>
			<property name="HoldType" value="45"/>
			<property name="Meshfile" value="@:Other/Items/Misc/sackPrefab.prefab"/>
			<property name="DropMeshfile" value="@:Other/Items/Misc/sack_droppedPrefab.prefab"/>
			<property name="Material" value="Mpaper"/>
			<property name="Stacknumber" value="10"/>
			<property name="ItemTypeIcon" value="treasure"/>
			<property name="Weight" value="0"/>
			<property name="Group" value="Special Items"/>
			<property class="Action0">
				<property name="Class" value="OpenBundle"/>
				<property name="Delay" value="0.5"/>
				<property name="Use_time" value="1"/>
				<property name="Sound_start" value="Enemies/Scout_Zombie/zombiefemalescoutalert"/>
				<property name="Create_item" value="foodSpaghetti,drinkYuccaJuiceSmoothie,medicalFirstAidKit,drinkJarGrandpasLearningElixir"/>
				<property name="Create_item_count" value="3,3,5,5"/>
			</property>
		</item>

	<!-- ▼▲▼▲▼▲▼▲▼▲▼▲▼▲▼▲▼▲ Bundles de recompensas ▼▲▼▲▼▲▼▲▼▲▼▲▼▲▼▲▼▲ -->
		<item name="RWRKIT1">
			<property name="CustomIcon" value="cntSteelWritableCrate"/>
			<property name="DescriptionKey" value="PVPBDesc"/>
			<property name="ItemTypeIcon" value="trophy"/>
			<property name="HoldType" value="45"/>
			<property name="Meshfile" value="@:Other/Items/Misc/sackPrefab.prefab"/>
			<property name="DropMeshfile" value="@:Other/Items/Misc/sack_droppedPrefab.prefab"/>
			<property name="Material" value="Morganic"/>
			<property name="Stacknumber" value="1"/>
			<property name="Weight" value="0"/>
			<property name="Group" value="Special Items"/>
			<property class="Action0">
				<property name="Class" value="OpenBundle"/>
				<property name="Delay" value="0.5"/>
				<property name="Use_time" value="1"/>
				<property name="Sound_start" value="wrench_harvest"/>
				<property name="Create_item" value="Practonium,resourceSteelPolishR,Mineral_Bag,divineWaterEvent,q_EnemigosHF,drinkuwu,eventbackpack,eventIT2,casinoCoinD,oldCash"/>
				<property name="Create_item_count" value="10,250,1,1,1,1,1,100,3,10000"/>
			</property>
		</item>
		<item name="RWRKIT2">
			<property name="CustomIcon" value="cntIronWritableCrate"/>
			<property name="DescriptionKey" value="PVPBDesc"/>
			<property name="ItemTypeIcon" value="trophy"/>
			<property name="HoldType" value="45"/>
			<property name="Meshfile" value="@:Other/Items/Misc/sackPrefab.prefab"/>
			<property name="DropMeshfile" value="@:Other/Items/Misc/sack_droppedPrefab.prefab"/>
			<property name="Material" value="Morganic"/>
			<property name="Stacknumber" value="1"/>
			<property name="Weight" value="0"/>
			<property name="Group" value="Special Items"/>
			<property class="Action0">
				<property name="Class" value="OpenBundle"/>
				<property name="Delay" value="0.5"/>
				<property name="Use_time" value="1"/>
				<property name="Sound_start" value="wrench_harvest"/>
				<property name="Create_item" value="Practonium,resourceSteelPolishR,Mineral_Bag,drinkuwu,eventbackpack,eventIT3,eventIT2,casinoCoinD,oldCash"/>
				<property name="Create_item_count" value="5,125,1,1,1,1,50,2,5000"/>
			</property>
		</item>
		<item name="RWRKIT3">
			<property name="CustomIcon" value="cntWoodWritableCrate"/>
			<property name="DescriptionKey" value="PVPBDesc"/>
			<property name="ItemTypeIcon" value="trophy"/>
			<property name="HoldType" value="45"/>
			<property name="Meshfile" value="@:Other/Items/Misc/sackPrefab.prefab"/>
			<property name="DropMeshfile" value="@:Other/Items/Misc/sack_droppedPrefab.prefab"/>
			<property name="Material" value="Morganic"/>
			<property name="Stacknumber" value="1"/>
			<property name="Weight" value="0"/>
			<property name="Group" value="Special Items"/>
			<property class="Action0">
				<property name="Class" value="OpenBundle"/>
				<property name="Delay" value="0.5"/>
				<property name="Use_time" value="1"/>
				<property name="Sound_start" value="wrench_harvest"/>
				<property name="Create_item" value="Practonium,resourceSteelPolishR,drinkuwu,eventbackpack,eventIT6,eventIT2,casinoCoinD,oldCash"/>
				<property name="Create_item_count" value="2,60,1,1,1,25,1,2500"/>
			</property>
		</item>
		<item name="RWRKIT4">
			<property name="CustomIcon" value="cntLootCrateBookstore"/>
			<property name="DescriptionKey" value="PVPBDesc"/>
			<property name="ItemTypeIcon" value="trophy"/>
			<property name="HoldType" value="45"/>
			<property name="Meshfile" value="@:Other/Items/Misc/sackPrefab.prefab"/>
			<property name="DropMeshfile" value="@:Other/Items/Misc/sack_droppedPrefab.prefab"/>
			<property name="Material" value="Morganic"/>
			<property name="Stacknumber" value="1"/>
			<property name="Weight" value="0"/>
			<property name="Group" value="Special Items"/>
			<property class="Action0">
				<property name="Class" value="OpenBundle"/>
				<property name="Delay" value="0.5"/>
				<property name="Use_time" value="1"/>
				<property name="Sound_start" value="wrench_harvest"/>
				<property name="Create_item" value="Practonium,resourceSteelPolishR,eventbackpack,eventIT6,eventIT2,casinoCoin,oldCash"/>
				<property name="Create_item_count" value="1,30,1,1,10,5000,1000"/>
			</property>
		</item>
		<item name="navidadKit">
			<property name="CustomIcon" value="cntLootChestHeroInsecureT1"/>
			<property name="DescriptionKey" value="PVPBDesc"/>
			<property name="ItemTypeIcon" value="twitch_special"/>
			<property name="HoldType" value="45"/>
			<property name="TintColor" value="00AAE4"/>
			<property name="CustomIconTint" value="00AAE4"/>
			<property name="Meshfile" value="@:Other/Items/Misc/sackPrefab.prefab"/>
			<property name="DropMeshfile" value="@:Other/Items/Misc/sack_droppedPrefab.prefab"/>
			<property name="Material" value="Morganic"/>
			<property name="Stacknumber" value="1"/>
			<property name="Weight" value="0"/>
			<property name="Candrop" value="false"/>			
			<property name="Group" value="Special Items"/>
			<property class="Action0">
				<property name="Class" value="OpenBundle"/>
				<property name="Delay" value="0.5"/>
				<property name="Use_time" value="1"/>
				<property name="Sound_start" value="wrench_harvest"/>
				<property name="Create_item" value="gunLSHF,ammo762mmBulletBall,casinoCoinD,eventIT1"/>
				<property name="Create_item_count" value="1,5,1,2,400"/>
			</property>
		</item>
		<item name="aniKit">
			<property name="CustomIcon" value="cntLootChestHeroInsecureT1"/>
			<property name="DescriptionKey" value="PVPBDesc"/>
			<property name="ItemTypeIcon" value="twitch_special"/>
			<property name="HoldType" value="45"/>
			<property name="TintColor" value="00AAE4"/>
			<property name="CustomIconTint" value="00AAE4"/>
			<property name="Meshfile" value="@:Other/Items/Misc/sackPrefab.prefab"/>
			<property name="DropMeshfile" value="@:Other/Items/Misc/sack_droppedPrefab.prefab"/>
			<property name="Material" value="Morganic"/>
			<property name="Stacknumber" value="1"/>
			<property name="Weight" value="0"/>
			<property name="Candrop" value="false"/>			
			<property name="Group" value="Special Items"/>
			<property class="Action0">
				<requirement name="CVarCompare" cvar="$varHFAni" operation="LT" value="1"/>
				<property name="Class" value="OpenBundle"/>
				<property name="Delay" value="0.5"/>
				<property name="Use_time" value="1"/>
				<property name="Sound_start" value="wrench_harvest"/>
				<property name="Create_item" value="gunLSHF,ammo762mmBulletBall,casinoCoinD,eventIT1,eventIT2"/>				
				<property name="Create_item_count" value="1,5,3,333,333"/>
			</property>
			<effect_group tiered="false">				
				<triggered_effect trigger="onSelfPrimaryActionEnd" action="ModifyCVar" cvar="$varHFAni" operation="set" value="1"/>
			</effect_group>
		</item>

		<item name="constRW1">
			<property name="CustomIcon" value="cntSteelWritableCrate"/>
			<property name="DescriptionKey" value="PVPBDesc"/>
			<property name="ItemTypeIcon" value="trophy"/>
			<property name="HoldType" value="45"/>
			<property name="Meshfile" value="@:Other/Items/Misc/sackPrefab.prefab"/>
			<property name="DropMeshfile" value="@:Other/Items/Misc/sack_droppedPrefab.prefab"/>
			<property name="Material" value="Morganic"/>
			<property name="Stacknumber" value="1"/>
			<property name="Weight" value="0"/>
			<property name="Group" value="Special Items"/>
			<property class="Action0">
				<property name="Class" value="OpenBundle"/>
				<property name="Delay" value="0.5"/>
				<property name="Use_time" value="1"/>
				<property name="Sound_start" value="wrench_harvest"/>
				<property name="Create_item" value="Decokit,q_GachaPrem,oldCash,eventIT3,kitResourses,hooliganCoin,eventIT1,eventIT2"/>
				<property name="Create_item_count" value="1,10,10000,4,1,10000,50,50"/>
			</property>
		</item>
		<item name="constRW2">
			<property name="CustomIcon" value="cntSteelWritableCrate"/>
			<property name="DescriptionKey" value="PVPBDesc"/>
			<property name="ItemTypeIcon" value="trophy"/>
			<property name="HoldType" value="45"/>
			<property name="Meshfile" value="@:Other/Items/Misc/sackPrefab.prefab"/>
			<property name="DropMeshfile" value="@:Other/Items/Misc/sack_droppedPrefab.prefab"/>
			<property name="Material" value="Morganic"/>
			<property name="Stacknumber" value="1"/>
			<property name="Weight" value="0"/>
			<property name="Group" value="Special Items"/>
			<property class="Action0">
				<property name="Class" value="OpenBundle"/>
				<property name="Delay" value="0.5"/>
				<property name="Use_time" value="1"/>
				<property name="Sound_start" value="wrench_harvest"/>
				<property name="Create_item" value="oldCash,q_GachaPrem,eventIT3,kitResourses,hooliganCoin,eventIT1,eventIT2"/>
				<property name="Create_item_count" value="10000,5,1,1,10000,30,30"/>
			</property>
		</item>

		<item name="statsRW1">
			<property name="CustomIcon" value="cntSteelWritableCrate"/>
			<property name="DescriptionKey" value="PVPBDesc"/>
			<property name="ItemTypeIcon" value="trophy"/>
			<property name="HoldType" value="45"/>
			<property name="Meshfile" value="@:Other/Items/Misc/sackPrefab.prefab"/>
			<property name="DropMeshfile" value="@:Other/Items/Misc/sack_droppedPrefab.prefab"/>
			<property name="Material" value="Morganic"/>
			<property name="Stacknumber" value="1"/>
			<property name="Weight" value="0"/>
			<property name="Group" value="Special Items"/>
			<property class="Action0">
				<property name="Class" value="OpenBundle"/>
				<property name="Delay" value="0.5"/>
				<property name="Use_time" value="1"/>
				<property name="Sound_start" value="wrench_harvest"/>
				<property name="Create_item" value="eventIT3,eventIT1,eventIT2,hooliganCoin"/>
				<property name="Create_item_count" value="1,20,20,1500"/>
			</property>
		</item>

		<item name="adp_kit">
            <property name="CreativeMode" value="Dev" />
            <property name="ItemTypeIcon" value="bundle" />
            <property name="CustomIcon" value="cntHardenedChestSecure" />
            <property name="DescriptionKey" value="adp_kitDesc" />
            <property name="HoldType" value="45" />
            <property name="Meshfile" value="@:Other/Items/Misc/sackPrefab.prefab" />
            <property name="DropMeshfile" value="@:Other/Items/Misc/sack_droppedPrefab.prefab" />
            <property name="Material" value="Mmetal" />
            <property name="Stacknumber" value="30000" />
            <property name="SellableToTrader" value="false" />
            <property name="Group" value="Special Items" />
            <property class="Action0">
                <property name="Class" value="OpenBundle" />
                <property name="Delay" value="0" />
                <property name="Sound_start" value="chest_tier4_open" />
                <property name="Create_item" value="drinkJarPureMineralWater,medicalFirstAidKit" />
                <property name="Create_item_count" value="3,1-2" />
                <property name="Random_item" value="foodVegetableStew,foodMeatStew" />
                <property name="Random_item_count" value="3,3" />
                <property name="Random_count" value="1" />
                <property name="Unique_random_only" value="true" />
            </property>
        </item>

	<!-- ▼▲▼▲▼▲▼▲▼▲▼▲▼▲▼▲▼▲ Bundles de Nivel ▼▲▼▲▼▲▼▲▼▲▼▲▼▲▼▲▼▲ -->
		<item name="kitlvl50">
			<property name="CustomIcon" value="decoEntityClothMaster"/>
			<property name="ItemTypeIcon" value="perk"/>
			<property name="CustomIconTint" value="100,0,0"/>
			<property name="TintColor" value="100,0,0"/>
			<property name="DescriptionKey" value="kitlvl50Desc"/>
			<property name="HoldType" value="45"/>
			<property name="Meshfile" value="@:Other/Items/Misc/sackPrefab.prefab"/>
			<property name="DropMeshfile" value="@:Other/Items/Misc/sack_droppedPrefab.prefab"/>
			<property name="Material" value="Morganic"/>
			<property name="Stacknumber" value="1"/>
			<property name="Weight" value="0"/>
			<property name="Group" value="Special Items"/>
			<property name="Candrop" value="false"/>
			<property class="Action0">
				<requirement name="!HasBuff" buff="PPBF"/>
				<requirement name="!HasBuff" buff="PPBF2"/>
				<requirement name="CVarCompare" cvar="$varHFLvlKit" operation="LT" value="1"/>
				<requirement name="PlayerLevel" operation="GT" value="49"/>
				<property name="Class" value="OpenBundle"/>
				<property name="Delay" value="0.5"/>
				<property name="Use_time" value="1"/>
				<property name="Sound_start" value="wrench_harvest"/>
				<property name="Create_item" value="drinkJarGrandpasForgettingElixir,q_GachaPrem,eventbackpack,oneSkillPoint,juguito_de_chale,kitlvl100"/>
				<property name="Create_item_count" value="1,1,1,3,24,1"/>
			</property>
			<effect_group tiered="false">				
				<triggered_effect trigger="onSelfPrimaryActionEnd" action="ModifyCVar" cvar="$varHFLvlKit" operation="set" value="1"/>
			</effect_group>
		</item>
		<item name="kitlvl100">
			<property name="CustomIcon" value="decoEntityClothMaster"/>
			<property name="ItemTypeIcon" value="perk"/>
			<property name="CustomIconTint" value="100,0,0"/>
			<property name="TintColor" value="100,0,0"/>
			<property name="DescriptionKey" value="kitlvl100Desc"/>
			<property name="HoldType" value="45"/>
			<property name="Meshfile" value="@:Other/Items/Misc/sackPrefab.prefab"/>
			<property name="DropMeshfile" value="@:Other/Items/Misc/sack_droppedPrefab.prefab"/>
			<property name="Material" value="Morganic"/>
			<property name="Stacknumber" value="1"/>
			<property name="Weight" value="0"/>
			<property name="Group" value="Special Items"/>
			<property name="Candrop" value="false"/>
			<property class="Action0">
				<requirement name="!HasBuff" buff="PPBF"/>
				<requirement name="!HasBuff" buff="PPBF2"/>
				<requirement name="CVarCompare" cvar="$varHFLvlKit" operation="LT" value="2"/>
				<requirement name="PlayerLevel" operation="GT" value="99"/>
				<property name="Class" value="OpenBundle"/>
				<property name="Delay" value="0.5"/>
				<property name="Use_time" value="1"/>
				<property name="Sound_start" value="wrench_harvest"/>
				<property name="Create_item" value="Mineral_Bag,q_GachaPrem,eventIT2,juguito_de_chale,kitlvl200"/>
				<property name="Create_item_count" value="1,5,100,24,1"/>
			</property>
			<effect_group tiered="false">				
				<triggered_effect trigger="onSelfPrimaryActionEnd" action="ModifyCVar" cvar="$varHFLvlKit" operation="set" value="2"/>
			</effect_group>
		</item>
		<item name="kitlvl200">
			<property name="CustomIcon" value="decoEntityClothMaster"/>
			<property name="ItemTypeIcon" value="perk"/>
			<property name="CustomIconTint" value="100,0,0"/>
			<property name="TintColor" value="100,0,0"/>
			<property name="DescriptionKey" value="kitlvl200Desc"/>
			<property name="HoldType" value="45"/>
			<property name="Meshfile" value="@:Other/Items/Misc/sackPrefab.prefab"/>
			<property name="DropMeshfile" value="@:Other/Items/Misc/sack_droppedPrefab.prefab"/>
			<property name="Material" value="Morganic"/>
			<property name="Stacknumber" value="1"/>
			<property name="Weight" value="0"/>
			<property name="Group" value="Special Items"/>
			<property name="Candrop" value="false"/>
			<property class="Action0">
				<requirement name="!HasBuff" buff="PPBF"/>
				<requirement name="!HasBuff" buff="PPBF2"/>
				<requirement name="CVarCompare" cvar="$varHFLvlKit" operation="LT" value="3"/>
				<requirement name="PlayerLevel" operation="GT" value="199"/>
				<property name="Class" value="OpenBundle"/>
				<property name="Delay" value="0.5"/>
				<property name="Use_time" value="1"/>
				<property name="Sound_start" value="wrench_harvest"/>
				<property name="Create_item" value="special_bag,eventIT3,q_GachaPrem,eventIT2,juguito_de_chale,kitlvl300"/>
				<property name="Create_item_count" value="1,1,5,200,48,1"/>
			</property>
			<effect_group tiered="false">				
				<triggered_effect trigger="onSelfPrimaryActionEnd" action="ModifyCVar" cvar="$varHFLvlKit" operation="set" value="3"/>
			</effect_group>
		</item>
		<item name="kitlvl300">
			<property name="CustomIcon" value="decoEntityClothMaster"/>
			<property name="ItemTypeIcon" value="perk"/>
			<property name="CustomIconTint" value="100,0,0"/>
			<property name="TintColor" value="100,0,0"/>
			<property name="DescriptionKey" value="kitlvl300Desc"/>
			<property name="HoldType" value="45"/>
			<property name="Meshfile" value="@:Other/Items/Misc/sackPrefab.prefab"/>
			<property name="DropMeshfile" value="@:Other/Items/Misc/sack_droppedPrefab.prefab"/>
			<property name="Material" value="Morganic"/>
			<property name="Stacknumber" value="1"/>
			<property name="Weight" value="0"/>
			<property name="Group" value="Special Items"/>
			<property name="Candrop" value="false"/>
			<property class="Action0">
				<requirement name="!HasBuff" buff="PPBF"/>
				<requirement name="!HasBuff" buff="PPBF2"/>
				<requirement name="PlayerLevel" operation="GT" value="299"/>
				<requirement name="CVarCompare" cvar="$varHFLvlKit" operation="LT" value="4"/>
				<property name="Class" value="OpenBundle"/>
				<property name="Delay" value="0.5"/>
				<property name="Use_time" value="1"/>
				<property name="Sound_start" value="wrench_harvest"/>
				<property name="Create_item" value="q_EnemigosHF,eventIT3,q_GachaPrem,eventIT2,juguito_de_chale,kitlvl350"/>
				<property name="Create_item_count" value="1,3,10,300,48,1"/>
			</property>
			<effect_group tiered="false">				
				<triggered_effect trigger="onSelfPrimaryActionEnd" action="ModifyCVar" cvar="$varHFLvlKit" operation="set" value="4"/>
			</effect_group>
		</item>
		<item name="kitlvl350">
			<property name="CustomIcon" value="decoEntityClothMaster"/>
			<property name="ItemTypeIcon" value="perk"/>
			<property name="CustomIconTint" value="100,0,0"/>
			<property name="TintColor" value="100,0,0"/>
			<property name="DescriptionKey" value="kitlvl350Desc"/>
			<property name="HoldType" value="45"/>
			<property name="Meshfile" value="@:Other/Items/Misc/sackPrefab.prefab"/>
			<property name="DropMeshfile" value="@:Other/Items/Misc/sack_droppedPrefab.prefab"/>
			<property name="Material" value="Morganic"/>
			<property name="Stacknumber" value="1"/>
			<property name="Weight" value="0"/>
			<property name="Group" value="Special Items"/>
			<property name="Candrop" value="false"/>
			<property class="Action0">
				<!--<requirement name="CVarCompare" cvar="$varHFLvlKit" operation="LT" value="5"/>-->
				<requirement name="PlayerLevel" operation="GT" value="349"/>
				<requirement name="!HasBuff" buff="PPBF"/>
				<requirement name="!HasBuff" buff="PPBF2"/>
				<property name="Class" value="OpenBundle"/>
				<property name="Delay" value="0.5"/>
				<property name="Use_time" value="1"/>
				<property name="Sound_start" value="wrench_harvest"/>
				<property name="Create_item" value="PrkitQuest,kitlvl450,q_GachaPrem"/>
				<property name="Create_item_count" value="1,1,15"/>
			</property>
			<effect_group tiered="false">				
				<triggered_effect trigger="onSelfPrimaryActionEnd" action="ModifyCVar" cvar="$varHFLvlKit" operation="set" value="5"/>
			</effect_group>
		</item>		    
		<item name="kitlvl450">
			<property name="CustomIcon" value="decoEntityClothMaster"/>
			<property name="ItemTypeIcon" value="perk"/>
			<property name="CustomIconTint" value="100,0,0"/>
			<property name="TintColor" value="100,0,0"/>
			<property name="DescriptionKey" value="kitlvl450Desc"/>
			<property name="HoldType" value="45"/>
			<property name="Meshfile" value="@:Other/Items/Misc/sackPrefab.prefab"/>
			<property name="DropMeshfile" value="@:Other/Items/Misc/sack_droppedPrefab.prefab"/>
			<property name="Material" value="Morganic"/>
			<property name="Stacknumber" value="1"/>
			<property name="Weight" value="0"/>
			<property name="Group" value="Special Items"/>			
			<property name="Candrop" value="false"/>
			<property class="Action0">			
				<requirement name="PlayerLevel" operation="GT" value="449"/>
				<requirement name="!HasBuff" buff="PPBF"/>
				<requirement name="!HasBuff" buff="PPBF2"/>
				<requirement name="CVarCompare" cvar="$varhflvlmax" operation="LT" value="6"/>
				<property name="Class" value="OpenBundle"/>
				<property name="Delay" value="0.5"/>
				<property name="Use_time" value="1"/>
				<property name="Sound_start" value="wrench_harvest"/>
				<property name="Create_item" value="ResourceForgedPlatinum,allSkillMagazineHF,ResourceForgedPractonium,juguito_de_chale,q_GachaPrem"/>
				<property name="Create_item_count" value="1,1,1,100,20"/>
			</property>
			<effect_group tiered="false">				
				<triggered_effect trigger="onSelfPrimaryActionEnd" action="ModifyCVar" cvar="$varHFLvlKit" operation="set" value="6"/>
			</effect_group>
		</item>

		<item name="p_kitlvl50">
			<property name="CustomIcon" value="poiPartHelper"/>
			<property name="ItemTypeIcon" value="perk"/>
			<property name="CustomIconTint" value="100,0,0"/>
			<property name="TintColor" value="100,0,0"/>
			<property name="DescriptionKey" value="kitlvl50Desc"/>
			<property name="HoldType" value="45"/>
			<property name="Meshfile" value="@:Other/Items/Misc/sackPrefab.prefab"/>
			<property name="DropMeshfile" value="@:Other/Items/Misc/sack_droppedPrefab.prefab"/>
			<property name="Material" value="Morganic"/>
			<property name="Stacknumber" value="1"/>
			<property name="Weight" value="0"/>
			<property name="Group" value="Special Items"/>
			<property name="Candrop" value="false"/>
			<property class="Action0">
				<requirement name="HasBuff" buff="PPBF"/>
				<requirement name="!HasBuff" buff="PPBF2"/>
				<requirement name="CVarCompare" cvar="$varHFLvlKitPres" operation="LT" value="1"/>
				<requirement name="PlayerLevel" operation="GT" value="49"/>
				<property name="Class" value="OpenBundle"/>
				<property name="Delay" value="0.5"/>
				<property name="Use_time" value="1"/>
				<property name="Sound_start" value="wrench_harvest"/>
				<property name="Create_item" value="q_GachaPrem,eventbackpack,oneSkillPoint,p_kitlvl100"/>
				<property name="Create_item_count" value="3,1,5,1"/>
			</property>
			<effect_group tiered="false">				
				<triggered_effect trigger="onSelfPrimaryActionEnd" action="ModifyCVar" cvar="$varHFLvlKitPres" operation="set" value="1"/>
			</effect_group>
		</item>
		<item name="p_kitlvl100">
			<property name="CustomIcon" value="poiPartHelper"/>
			<property name="ItemTypeIcon" value="perk"/>
			<property name="CustomIconTint" value="100,0,0"/>
			<property name="TintColor" value="100,0,0"/>
			<property name="DescriptionKey" value="kitlvl100Desc"/>
			<property name="HoldType" value="45"/>
			<property name="Meshfile" value="@:Other/Items/Misc/sackPrefab.prefab"/>
			<property name="DropMeshfile" value="@:Other/Items/Misc/sack_droppedPrefab.prefab"/>
			<property name="Material" value="Morganic"/>
			<property name="Stacknumber" value="1"/>
			<property name="Weight" value="0"/>
			<property name="Group" value="Special Items"/>
			<property name="Candrop" value="false"/>
			<property class="Action0">
				<requirement name="HasBuff" buff="PPBF"/>
				<requirement name="!HasBuff" buff="PPBF2"/>
				<requirement name="CVarCompare" cvar="$varHFLvlKitPres" operation="LT" value="2"/>
				<requirement name="PlayerLevel" operation="GT" value="99"/>
				<property name="Class" value="OpenBundle"/>
				<property name="Delay" value="0.5"/>
				<property name="Use_time" value="1"/>
				<property name="Sound_start" value="wrench_harvest"/>
				<property name="Create_item" value="Mineral_Bag,q_GachaPrem,eventIT2,p_kitlvl200"/>
				<property name="Create_item_count" value="1,10,150,1"/>
			</property>
			<effect_group tiered="false">				
				<triggered_effect trigger="onSelfPrimaryActionEnd" action="ModifyCVar" cvar="$varHFLvlKitPres" operation="set" value="2"/>
			</effect_group>
		</item>
		<item name="p_kitlvl200">
			<property name="CustomIcon" value="poiPartHelper"/>
			<property name="ItemTypeIcon" value="perk"/>
			<property name="CustomIconTint" value="100,0,0"/>
			<property name="TintColor" value="100,0,0"/>
			<property name="DescriptionKey" value="kitlvl200Desc"/>
			<property name="HoldType" value="45"/>
			<property name="Meshfile" value="@:Other/Items/Misc/sackPrefab.prefab"/>
			<property name="DropMeshfile" value="@:Other/Items/Misc/sack_droppedPrefab.prefab"/>
			<property name="Material" value="Morganic"/>
			<property name="Stacknumber" value="1"/>
			<property name="Weight" value="0"/>
			<property name="Group" value="Special Items"/>
			<property name="Candrop" value="false"/>
			<property class="Action0">
				<requirement name="HasBuff" buff="PPBF"/>
				<requirement name="!HasBuff" buff="PPBF2"/>
				<requirement name="CVarCompare" cvar="$varHFLvlKitPres" operation="LT" value="3"/>
				<requirement name="PlayerLevel" operation="GT" value="199"/>
				<property name="Class" value="OpenBundle"/>
				<property name="Delay" value="0.5"/>
				<property name="Use_time" value="1"/>
				<property name="Sound_start" value="wrench_harvest"/>
				<property name="Create_item" value="special_bag,eventIT3,q_GachaPrem,eventIT2,p_kitlvl300"/>
				<property name="Create_item_count" value="1,3,15,250,1"/>
			</property>
			<effect_group tiered="false">				
				<triggered_effect trigger="onSelfPrimaryActionEnd" action="ModifyCVar" cvar="$varHFLvlKitPres" operation="set" value="3"/>
			</effect_group>
		</item>
		<item name="p_kitlvl300">
			<property name="CustomIcon" value="poiPartHelper"/>
			<property name="ItemTypeIcon" value="perk"/>
			<property name="CustomIconTint" value="100,0,0"/>
			<property name="TintColor" value="100,0,0"/>
			<property name="DescriptionKey" value="kitlvl300Desc"/>
			<property name="HoldType" value="45"/>
			<property name="Meshfile" value="@:Other/Items/Misc/sackPrefab.prefab"/>
			<property name="DropMeshfile" value="@:Other/Items/Misc/sack_droppedPrefab.prefab"/>
			<property name="Material" value="Morganic"/>
			<property name="Stacknumber" value="1"/>
			<property name="Weight" value="0"/>
			<property name="Group" value="Special Items"/>
			<property name="Candrop" value="false"/>
			<property class="Action0">
				<requirement name="HasBuff" buff="PPBF"/>
				<requirement name="!HasBuff" buff="PPBF2"/>
				<requirement name="PlayerLevel" operation="GT" value="299"/>
				<requirement name="CVarCompare" cvar="$varHFLvlKitPres" operation="LT" value="4"/>
				<property name="Class" value="OpenBundle"/>
				<property name="Delay" value="0.5"/>
				<property name="Use_time" value="1"/>
				<property name="Sound_start" value="wrench_harvest"/>
				<property name="Create_item" value="q_EnemigosHF,eventIT3,q_GachaPrem,eventIT2,p_kitlvl350"/>
				<property name="Create_item_count" value="1,5,20,350,1"/>
			</property>
			<effect_group tiered="false">				
				<triggered_effect trigger="onSelfPrimaryActionEnd" action="ModifyCVar" cvar="$varHFLvlKitPres" operation="set" value="4"/>
			</effect_group>
		</item>
		<!--CHANGES-->
		<item name="p_kitlvl350">
			<property name="CustomIcon" value="poiPartHelper"/>
			<property name="ItemTypeIcon" value="perk"/>
			<property name="CustomIconTint" value="100,0,0"/>
			<property name="TintColor" value="100,0,0"/>
			<property name="DescriptionKey" value="p_kitlvl350Desc"/>
			<property name="HoldType" value="45"/>
			<property name="Meshfile" value="@:Other/Items/Misc/sackPrefab.prefab"/>
			<property name="DropMeshfile" value="@:Other/Items/Misc/sack_droppedPrefab.prefab"/>
			<property name="Material" value="Morganic"/>
			<property name="Stacknumber" value="1"/>
			<property name="Weight" value="0"/>
			<property name="Group" value="Special Items"/>
			<property name="Candrop" value="false"/>
			<property class="Action0">
				<requirement name="PlayerLevel" operation="GT" value="349"/>
				<requirement name="CVarCompare" cvar="$varHFLvlKitPres" operation="LT" value="5"/>
				<requirement name="HasBuff" buff="PPBF"/>
				<requirement name="!HasBuff" buff="PPBF2"/>
				<property name="Class" value="OpenBundle"/>
				<property name="Delay" value="0.5"/>
				<property name="Use_time" value="1"/>
				<property name="Sound_start" value="wrench_harvest"/>
				<property name="Create_item" value="PrkitQuest2,p_kitlvl450,q_GachaPrem"/>
				<property name="Create_item_count" value="1,1,25"/>
			</property>
			<effect_group tiered="false">				
				<triggered_effect trigger="onSelfPrimaryActionEnd" action="ModifyCVar" cvar="$varHFLvlKitPres" operation="set" value="5"/>
			</effect_group>
		</item>		    
		<item name="p_kitlvl450">
			<property name="CustomIcon" value="poiPartHelper"/>
			<property name="ItemTypeIcon" value="perk"/>
			<property name="CustomIconTint" value="100,0,0"/>
			<property name="TintColor" value="100,0,0"/>
			<property name="DescriptionKey" value="p_kitlvl450Desc"/>
			<property name="HoldType" value="45"/>
			<property name="Meshfile" value="@:Other/Items/Misc/sackPrefab.prefab"/>
			<property name="DropMeshfile" value="@:Other/Items/Misc/sack_droppedPrefab.prefab"/>
			<property name="Material" value="Morganic"/>
			<property name="Stacknumber" value="1"/>
			<property name="Weight" value="0"/>
			<property name="Group" value="Special Items"/>			
			<property name="Candrop" value="false"/>
			<property class="Action0">
				<requirement name="PlayerLevel" operation="GT" value="449"/>				
				<requirement name="CVarCompare" cvar="$varHFLvlKitPres" operation="LT" value="6"/>
				<requirement name="HasBuff" buff="PPBF"/>
				<requirement name="!HasBuff" buff="PPBF2"/>
				<property name="Class" value="OpenBundle"/>
				<property name="Delay" value="0.5"/>
				<property name="Use_time" value="1"/>
				<property name="Sound_start" value="wrench_harvest"/>
				<property name="Create_item" value="bossTokenAncient,allSkillMagazineHF,q_GachaPrem"/>
				<property name="Create_item_count" value="2,1,40"/>
			</property>
			<effect_group tiered="false">				
				<triggered_effect trigger="onSelfPrimaryActionEnd" action="ModifyCVar" cvar="$varHFLvlKitPres" operation="set" value="6"/>
			</effect_group>
		</item>
	<!-- ▼▲▼▲▼▲▼▲▼▲▼▲▼▲▼▲▼▲ Invite event ▼▲▼▲▼▲▼▲▼▲▼▲▼▲▼▲▼▲ -->
		<item name="newbielvl1">
			<property name="CustomIcon" value="bundleFarm"/>
			<property name="ItemTypeIcon" value="twitch_special"/>
			<property name="HoldType" value="45"/>
			<property name="DescriptionKey" value="newbiKitDesc"/>
			<property name="Meshfile" value="@:Other/Items/Misc/sackPrefab.prefab"/>
			<property name="DropMeshfile" value="@:Other/Items/Misc/sack_droppedPrefab.prefab"/>
			<property name="Material" value="Morganic"/>
			<property name="Stacknumber" value="1"/>
			<property name="Weight" value="0"/>
			<property name="Group" value="Special Items"/>
			<property class="Action0">
				<requirement name="CVarCompare" cvar="$varNewbie" operation="LT" value="1"/>				
				<property name="Class" value="OpenBundle"/>
				<property name="Delay" value="0.5"/>
				<property name="Use_time" value="1"/>
				<property name="Sound_start" value="wrench_harvest"/>
				<property name="Create_item" value="juguito_de_chale,ammoKitMini,eventbackpack,newbielvl50"/>
				<property name="Create_item_count" value="24,1,1"/>
			</property>
			<effect_group tiered="false">				
				<triggered_effect trigger="onSelfPrimaryActionEnd" action="ModifyCVar" cvar="$varNewbie" operation="set" value="1"/>
			</effect_group>
		</item>
		<item name="newbielvl50">
			<property name="CustomIcon" value="bundleFarm"/>
			<property name="ItemTypeIcon" value="twitch_special"/>
			<property name="HoldType" value="45"/>
			<property name="DescriptionKey" value="newbiKitDesc"/>
			<property name="Meshfile" value="@:Other/Items/Misc/sackPrefab.prefab"/>
			<property name="DropMeshfile" value="@:Other/Items/Misc/sack_droppedPrefab.prefab"/>
			<property name="Material" value="Morganic"/>
			<property name="Stacknumber" value="1"/>
			<property name="Weight" value="0"/>
			<property name="Group" value="Special Items"/>
			<property class="Action0">				
				<requirement name="CVarCompare" cvar="$varNewbie" operation="LT" value="2"/>	
				<requirement name="PlayerLevel" operation="GT" value="49"/>
				<property name="Class" value="OpenBundle"/>
				<property name="Delay" value="0.5"/>
				<property name="Use_time" value="1"/>
				<property name="Sound_start" value="wrench_harvest"/>
				<property name="Create_item" value="juguito_de_chale,AmmoKit,RWRKIT3,newbielvl100,friendlvl50"/>
				<property name="Create_item_count" value="24,1,1,1,1"/>
			</property>
			<effect_group tiered="false">				
				<triggered_effect trigger="onSelfPrimaryActionEnd" action="ModifyCVar" cvar="$varNewbie" operation="set" value="2"/>
			</effect_group>
		</item>
		<item name="newbielvl100">
			<property name="CustomIcon" value="bundleFarm"/>
			<property name="ItemTypeIcon" value="twitch_special"/>
			<property name="HoldType" value="45"/>
			<property name="DescriptionKey" value="newbiKitDesc"/>
			<property name="Meshfile" value="@:Other/Items/Misc/sackPrefab.prefab"/>
			<property name="DropMeshfile" value="@:Other/Items/Misc/sack_droppedPrefab.prefab"/>
			<property name="Material" value="Morganic"/>
			<property name="Stacknumber" value="1"/>
			<property name="Weight" value="0"/>
			<property name="Group" value="Special Items"/>
			<property class="Action0">
				<requirement name="CVarCompare" cvar="$varNewbie" operation="LT" value="3"/>	
				<requirement name="PlayerLevel" operation="GT" value="99"/>
				<property name="Class" value="OpenBundle"/>
				<property name="Delay" value="0.5"/>
				<property name="Use_time" value="1"/>
				<property name="Sound_start" value="wrench_harvest"/>
				<property name="Create_item" value="juguito_de_chale,AmmoKit,RWRKIT2,newbielvl200,friendlvl100"/>
				<property name="Create_item_count" value="25,2,1,1"/>
			</property>
			<effect_group tiered="false">				
				<triggered_effect trigger="onSelfPrimaryActionEnd" action="ModifyCVar" cvar="$varNewbie" operation="set" value="3"/>
			</effect_group>
		</item>
		<item name="newbielvl200">
			<property name="CustomIcon" value="bundleFarm"/>
			<property name="ItemTypeIcon" value="twitch_special"/>
			<property name="HoldType" value="45"/>
			<property name="DescriptionKey" value="newbiKitDesc"/>
			<property name="Meshfile" value="@:Other/Items/Misc/sackPrefab.prefab"/>
			<property name="DropMeshfile" value="@:Other/Items/Misc/sack_droppedPrefab.prefab"/>
			<property name="Material" value="Morganic"/>
			<property name="Stacknumber" value="1"/>
			<property name="Weight" value="0"/>
			<property name="Group" value="Special Items"/>
			<property class="Action0">
				<requirement name="CVarCompare" cvar="$varNewbie" operation="LT" value="4"/>	
				<requirement name="PlayerLevel" operation="GT" value="199"/>
				<property name="Class" value="OpenBundle"/>
				<property name="Delay" value="0.5"/>
				<property name="Use_time" value="1"/>
				<property name="Sound_start" value="wrench_harvest"/>
				<property name="Create_item" value="juguito_de_chale,special_bag,RWRKIT1,friendlvl200"/>
				<property name="Create_item_count" value="50,1,1"/>
			</property>
			<effect_group tiered="false">				
				<triggered_effect trigger="onSelfPrimaryActionEnd" action="ModifyCVar" cvar="$varNewbie" operation="set" value="4"/>
			</effect_group>
		</item>
		<item name="friendlvl50">
			<property name="CustomIcon" value="bundleFarm"/>
			<property name="ItemTypeIcon" value="twitch_special"/>
			<property name="HoldType" value="45"/>
			<property name="DescriptionKey" value="friendKitDesc"/>
			<property name="Meshfile" value="@:Other/Items/Misc/sackPrefab.prefab"/>
			<property name="DropMeshfile" value="@:Other/Items/Misc/sack_droppedPrefab.prefab"/>
			<property name="Material" value="Morganic"/>
			<property name="Stacknumber" value="1"/>
			<property name="Weight" value="0"/>
			<property name="Group" value="Special Items"/>
			<property class="Action0">
				<requirement name="CVarCompare" cvar="$varNewbie" operation="LT" value="1"/>				
				<requirement name="PlayerLevel" operation="GT" value="49"/>
				<property name="Class" value="OpenBundle"/>
				<property name="Delay" value="0.5"/>
				<property name="Use_time" value="1"/>
				<property name="Sound_start" value="wrench_harvest"/>
				<property name="Create_item" value="juguito_de_chale,AmmoKit,RWRKIT3"/>
				<property name="Create_item_count" value="24,1,1,1"/>
			</property>
			<effect_group tiered="false">				
				<triggered_effect trigger="onSelfPrimaryActionEnd" action="ModifyCVar" cvar="$varFriend" operation="set" value="1"/>
			</effect_group>
		</item>
		<item name="friendlvl100">
			<property name="CustomIcon" value="bundleFarm"/>
			<property name="ItemTypeIcon" value="twitch_special"/>
			<property name="HoldType" value="45"/>
			<property name="DescriptionKey" value="friendKitDesc"/>
			<property name="Meshfile" value="@:Other/Items/Misc/sackPrefab.prefab"/>
			<property name="DropMeshfile" value="@:Other/Items/Misc/sack_droppedPrefab.prefab"/>
			<property name="Material" value="Morganic"/>
			<property name="Stacknumber" value="1"/>
			<property name="Weight" value="0"/>
			<property name="Group" value="Special Items"/>
			<property class="Action0">
				<requirement name="CVarCompare" cvar="$varNewbie" operation="LT" value="1"/>	
				<requirement name="CVarCompare" cvar="$varFriend" operation="Equals" value="1"/>	
				<requirement name="PlayerLevel" operation="GT" value="99"/>
				<property name="Class" value="OpenBundle"/>
				<property name="Delay" value="0.5"/>
				<property name="Use_time" value="1"/>
				<property name="Sound_start" value="wrench_harvest"/>
				<property name="Create_item" value="juguito_de_chale,AmmoKit,RWRKIT2"/>
				<property name="Create_item_count" value="25,2,1,1"/>
			</property>
		</item>
		<item name="friendlvl200">
			<property name="CustomIcon" value="bundleFarm"/>
			<property name="ItemTypeIcon" value="twitch_special"/>
			<property name="HoldType" value="45"/>
			<property name="DescriptionKey" value="friendKitDesc"/>
			<property name="Meshfile" value="@:Other/Items/Misc/sackPrefab.prefab"/>
			<property name="DropMeshfile" value="@:Other/Items/Misc/sack_droppedPrefab.prefab"/>
			<property name="Material" value="Morganic"/>
			<property name="Stacknumber" value="1"/>
			<property name="Weight" value="0"/>
			<property name="Group" value="Special Items"/>
			<property class="Action0">
				<requirement name="CVarCompare" cvar="$varNewbie" operation="LT" value="1"/>	
				<requirement name="CVarCompare" cvar="$varFriend" operation="Equals" value="1"/>
				<requirement name="PlayerLevel" operation="GT" value="199"/>
				<property name="Class" value="OpenBundle"/>
				<property name="Delay" value="0.5"/>
				<property name="Use_time" value="1"/>
				<property name="Sound_start" value="wrench_harvest"/>
				<property name="Create_item" value="juguito_de_chale,special_bag,RWRKIT1"/>
				<property name="Create_item_count" value="50,1,1"/>
			</property>
		</item>

	<!-- ▼▲▼▲▼▲▼▲▼▲▼▲▼▲▼▲▼▲ Quest de Navidad ▼▲▼▲▼▲▼▲▼▲▼▲▼▲▼▲▼▲ -->	
		<item name="q_xmas">
			<property name="Extends" value="challengeQuestMaster"/>
			<property name="DescriptionKey" value="questxmasnote"/>
			<property name="ItemTypeIcon" value="twitch_special"/>
			<property name="IsQuestItem" value="true" />
			<property name="Candrop" value="false"/>
			<property name="TintColor" value="00AAE4"/>
			<property name="CustomIconTint" value="00AAE4"/>
			<property class="Action0">
			  <property name="QuestGiven" value="xmas"/>
			</property>
		</item>
		<item name="Regalo">
			<property name="Extends" value="challengeQuestMaster"/>
			<property name="DescriptionKey" value="questxmasnote"/>
			<property name="ItemTypeIcon" value="twitch_special"/>
			<property name="IsQuestItem" value="true" />
			<property name="Candrop" value="false"/>
			<property name="TintColor" value="00AAE4"/>
			<property name="CustomIconTint" value="00AAE4"/>
			<property class="Action0">
				<property name="QuestGiven" value="xmas2"/>
			</property>
		</item>
	<!-- ▼▲▼▲▼▲▼▲▼▲▼▲▼▲▼▲▼▲ Quest de Pascua ▼▲▼▲▼▲▼▲▼▲▼▲▼▲▼▲▼▲ -->	
		<item name="q_event3">
            <property name="Extends" value="questMaster"/>
            <property name="CustomIcon" value="cntBookPile14"/>
			 <property name="DescriptionKey" value="qPascuaDesc"/>
            <property name="CustomIconTint" value="12E2F7"/>
            <property name="ItemTypeIcon" value="twitch_special"/>
            <property class="Action0">
				
                <property name="QuestGiven" value="q_eventAni32"/>
            </property>
        </item>
		
		<item name="q_eventPascua">
            <property name="Extends" value="questMaster"/>
            <property name="CustomIcon" value="questMaster"/>
			 <property name="DescriptionKey" value="qPascuaDesc"/>
            <property name="CustomIconTint" value="12E2F7"/>
            <property name="ItemTypeIcon" value="twitch_special"/>
            <property class="Action0">
                <property name="QuestGiven" value="q_eventPascua"/>
            </property>
        </item>
		<item name="kitDeCom">
			<property name="CustomIcon" value="bundleAmmo"/>
			<property name="ItemTypeIcon" value="treasure"/>
			<property name="HoldType" value="45"/>
			<property name="Meshfile" value="@:Other/Items/Misc/sackPrefab.prefab"/>
			<property name="DropMeshfile" value="@:Other/Items/Misc/sack_droppedPrefab.prefab"/>
			<property name="Material" value="Morganic"/>
			<property name="Stacknumber" value="1"/>
			<property name="Weight" value="0"/>
			<property name="Group" value="Special Items"/>
			<property name="DescriptionKey" value="kitcompdec"/>
			<property class="Action0">
				<property name="Class" value="OpenBundle"/>
				<property name="Delay" value="0.5"/>
				<property name="Use_time" value="1"/>
				<property name="Sound_start" value="wrench_harvest"/>
				<property name="Create_item" value="ResourceForgedPlatinum,ResourceForgedPractonium,agua_divina,gunLSHF,lsUnlockBundle,q_Gallinazilla,q_GachaPrem,bammoBundle9mmBulletBall,bammoBundle762mmBulletBall,bammoBundle44MagnumBulletBall,bammoBundleShotgunShell,resourceClayLumpBundle15k,resourceRockSmallBundle10k,resourceWoodBundle10k,resourceScrapIronBundle10k,resourcePotassiumNitratePowderBundle10k,resourceLeadBundle10k,resourceCoalBundle10k,resourceOilShaleBundle10k,resourceCrushedSandBundle10k"/>
				<property name="Create_item_count" value="1,2,3,1,1,10,5,3,3,3,3,5,3,4,4,3,3,3,3,3"/>
			</property>
		</item>

	</append>
</configs>