<config>

	<append xpath="/items">
		<item name="downgradeKitGun">
			<property name="CustomIcon" value="cntWeaponsBagSmall"/>
			<property name="ItemTypeIcon" value="treasure"/>
			<property name="HoldType" value="45"/>
			<property name="Meshfile" value="@:Other/Items/Misc/sackPrefab.prefab"/>
			<property name="DropMeshfile" value="@:Other/Items/Misc/sack_droppedPrefab.prefab"/>
			<property name="Material" value="Mpaper"/>
			<property name="Stacknumber" value="1"/>
			<property name="Weight" value="0"/>
			<property name="Group" value="Special Items"/>
			<property class="Action0">
				<property name="Class" value="OpenBundle"/>
				<property name="Delay" value="0.5"/>
				<property name="Use_time" value="1"/>
				<property name="Sound_start" value="wrench_harvest"/>
				<property name="Create_item" value="resourceRawDiamond,resourceGoldNugget,resourceSilverNugget,bammoBundle9mmBulletBall,bammoBundle762mmBulletBall,bammoBundle44MagnumBulletBall,bammoBundleShotgunShell,SPWK"/>
				<property name="Create_item_count" value="25,50,75,2,2,2,2,1"/>
			</property>
		</item>
		<item name="downgradeKitMag">
			<property name="CustomIcon" value="cntWeaponsBagSmall"/>
			<property name="ItemTypeIcon" value="treasure"/>
			<property name="HoldType" value="45"/>
			<property name="Meshfile" value="@:Other/Items/Misc/sackPrefab.prefab"/>
			<property name="DropMeshfile" value="@:Other/Items/Misc/sack_droppedPrefab.prefab"/>
			<property name="Material" value="Mpaper"/>
			<property name="Stacknumber" value="1"/>
			<property name="Weight" value="0"/>
			<property name="Group" value="Special Items"/>
			<property class="Action0">
				<property name="Class" value="OpenBundle"/>
				<property name="Delay" value="0.5"/>
				<property name="Use_time" value="1"/>
				<property name="Sound_start" value="wrench_harvest"/>
				<property name="Create_item" value="resourceRawDiamond,resourceGoldNugget,resourceSilverNugget,bammoBundle9mmBulletBall,bammoBundle762mmBulletBall,bammoBundle44MagnumBulletBall,bammoBundleShotgunShell,SPWK"/>
				<property name="Create_item_count" value="25,50,75,2,2,2,2,1"/>
			</property>
		</item>
		<item name="downgradeKitShot">
			<property name="CustomIcon" value="cntWeaponsBagSmall"/>
			<property name="ItemTypeIcon" value="treasure"/>
			<property name="HoldType" value="45"/>
			<property name="Meshfile" value="@:Other/Items/Misc/sackPrefab.prefab"/>
			<property name="DropMeshfile" value="@:Other/Items/Misc/sack_droppedPrefab.prefab"/>
			<property name="Material" value="Mpaper"/>
			<property name="Stacknumber" value="1"/>
			<property name="Weight" value="0"/>
			<property name="Group" value="Special Items"/>
			<property class="Action0">
				<property name="Class" value="OpenBundle"/>
				<property name="Delay" value="0.5"/>
				<property name="Use_time" value="1"/>
				<property name="Sound_start" value="wrench_harvest"/>
				<property name="Create_item" value="resourceRawDiamond,resourceGoldNugget,resourceSilverNugget,bammoBundle9mmBulletBall,bammoBundle762mmBulletBall,bammoBundle44MagnumBulletBall,bammoBundleShotgunShell,SPWK"/>
				<property name="Create_item_count" value="25,50,75,2,2,2,2,1"/>
			</property>
		</item>
		<item name="downgradeKitRifle">
			<property name="CustomIcon" value="cntWeaponsBagSmall"/>
			<property name="ItemTypeIcon" value="treasure"/>
			<property name="HoldType" value="45"/>
			<property name="Meshfile" value="@:Other/Items/Misc/sackPrefab.prefab"/>
			<property name="DropMeshfile" value="@:Other/Items/Misc/sack_droppedPrefab.prefab"/>
			<property name="Material" value="Mpaper"/>
			<property name="Stacknumber" value="1"/>
			<property name="Weight" value="0"/>
			<property name="Group" value="Special Items"/>
			<property class="Action0">
				<property name="Class" value="OpenBundle"/>
				<property name="Delay" value="0.5"/>
				<property name="Use_time" value="1"/>
				<property name="Sound_start" value="wrench_harvest"/>
				<property name="Create_item" value="resourceRawDiamond,resourceGoldNugget,resourceSilverNugget,bammoBundle9mmBulletBall,bammoBundle762mmBulletBall,bammoBundle44MagnumBulletBall,bammoBundleShotgunShell,SPWK"/>
				<property name="Create_item_count" value="25,50,75,2,2,2,2,1"/>
			</property>
		</item>
		<item name="downgradeKitAuto">
			<property name="CustomIcon" value="cntWeaponsBagSmall"/>
			<property name="ItemTypeIcon" value="treasure"/>
			<property name="HoldType" value="45"/>
			<property name="Meshfile" value="@:Other/Items/Misc/sackPrefab.prefab"/>
			<property name="DropMeshfile" value="@:Other/Items/Misc/sack_droppedPrefab.prefab"/>
			<property name="Material" value="Mpaper"/>
			<property name="Stacknumber" value="1"/>
			<property name="Weight" value="0"/>
			<property name="Group" value="Special Items"/>
			<property class="Action0">
				<property name="Class" value="OpenBundle"/>
				<property name="Delay" value="0.5"/>
				<property name="Use_time" value="1"/>
				<property name="Sound_start" value="wrench_harvest"/>
				<property name="Create_item" value="resourceRawDiamond,resourceGoldNugget,resourceSilverNugget,bammoBundle9mmBulletBall,bammoBundle762mmBulletBall,bammoBundle44MagnumBulletBall,bammoBundleShotgunShell,SPWK"/>
				<property name="Create_item_count" value="25,50,75,2,2,2,2,1"/>
			</property>
		</item>
		<item name="downgradeKitCross">
			<property name="CustomIcon" value="cntWeaponsBagSmall"/>
			<property name="ItemTypeIcon" value="treasure"/>
			<property name="HoldType" value="45"/>
			<property name="Meshfile" value="@:Other/Items/Misc/sackPrefab.prefab"/>
			<property name="DropMeshfile" value="@:Other/Items/Misc/sack_droppedPrefab.prefab"/>
			<property name="Material" value="Mpaper"/>
			<property name="Stacknumber" value="1"/>
			<property name="Weight" value="0"/>
			<property name="Group" value="Special Items"/>
			<property class="Action0">
				<property name="Class" value="OpenBundle"/>
				<property name="Delay" value="0.5"/>
				<property name="Use_time" value="1"/>
				<property name="Sound_start" value="wrench_harvest"/>
				<property name="Create_item" value="resourceRawDiamond,resourceGoldNugget,resourceSilverNugget,bammoBundle9mmBulletBall,bammoBundle762mmBulletBall,bammoBundle44MagnumBulletBall,bammoBundleShotgunShell,SPWK"/>
				<property name="Create_item_count" value="25,50,75,2,2,2,2,1"/>
			</property>
		</item>
		
		
		
		
		
		
		

		
		<!--
		<item name="eventArbolKeys">
			<property name="Extends" value="partsMaster"/>
			<property name="ItemTypeIcon" value="twitch_special"/>
			<property name="DescriptionKey" value="naviKeysDesc"/>
			<property name="CustomIcon" value="casinoCoin"/>
			<property name="CustomIconTint" value="00AAE4"/>	
			<property name="IsQuestItem" value="true" />
			<property name="Candrop" value="false"/>					
			<property name="Material" value="Morganic"/>
			<property name="Stacknumber" value="1"/>
			<property name="Group" value="Mods"/>
		</item>
		-->

		



		<!-- Added by HolyVentus 
		<item name="p_Hooligan_Force_1">
			<property name="Extends" value="gunMGT1AK47Parts"/>
			<property name="name" value="HF Part 1" />
			<property name="Material" value="Morganic"/>
			<property name="CustomIcon" value="resourcePaper"/>
			<property name="Group" value="Science"/>
			<property name="ItemTypeIcon" value="trophy"/>
			<property name="CustomIconTint" value="B97A57"/>
			<property name="TintColor" value="185, 122, 87"/>
			<property name="Stacknumber" value="5"/>
			<property name="DescriptionKey" value="HFPart1"/>
		</item>
		<item name="p_Hooligan_Force_2">
			<property name="Extends" value="gunMGT1AK47Parts"/>
			<property name="name" value="HF Part 2" />
			<property name="Material" value="Morganic"/>
			<property name="CustomIcon" value="resourcePaper"/>
			<property name="Group" value="Science"/>
			<property name="ItemTypeIcon" value="trophy"/>
			<property name="CustomIconTint" value="FF8040"/>
			<property name="TintColor" value="255, 128, 64"/>
			<property name="Stacknumber" value="5"/>
			<property name="DescriptionKey" value="HFPart2"/>
		</item>
		<item name="q_Hooligan_Force_dummy">
			<property name="name" value="Hooligan Force" />
			<property name="Extends" value="challengeQuestMaster"/>
			<property name="Group" value="Science"/>
			<property name="ItemTypeIcon" value="trophy"/>
			<property name="CustomIconTint" value="3A363A"/>
			<property name="TintColor" value="22,22,21"/>
			<property name="Stacknumber" value="5"/>
			<property name="DescriptionKey" value="HFQuest"/>
			<property class="Action0">
				<property name="UseAnimation" value="false"/>
				<property name="QuestGiven" value="q_HF"/>
			</property>
		</item>
	 END Added by HolyVentus -->


	</append>
</config>