<configs>

	<append xpath="/blocks/block[@name='plantedMushroom3HarvestPlayer']">
		<!--<property name="DowngradeBlock" value="plantedMushroom1"/>-->
		<!--drop event="Harvest" name="foodCropMushrooms" prob="1" count="1" tag="bonusCropHarvest"/-->
		<drop event="Destroy" name="foodCropMushrooms" count="1" prob="1"/>
	</append>
	<!--
	<remove xpath="/blocks/block[@name='plantedMushroom3HarvestPlayer']/drop[@event='Destroy']" />
	<set xpath="/blocks/block[@name='plantedMushroom3HarvestPlayer']/drop[@event='Harvest']/@count">1</set>
	-->
	<append xpath="/blocks/block[@name='plantedYucca3HarvestPlayer']">
		<!--<property name="DowngradeBlock" value="plantedYucca1"/>-->
		<!--drop event="Harvest" name="foodCropYuccaFruit" prob="1" count="1" tag="bonusCropHarvest"/-->
		<drop event="Destroy" name="foodCropYuccaFruit" count="1" prob="1"/>
	</append>
	<!--
	<remove xpath="/blocks/block[@name='plantedYucca3HarvestPlayer']/drop[@event='Destroy']" />
	<set xpath="/blocks/block[@name='plantedYucca3HarvestPlayer']/drop[@event='Harvest']/@count">1</set>
	-->
	<append xpath="/blocks/block[@name='plantedCotton3HarvestPlayer']">
		<!--property name="DowngradeBlock" value="plantedCotton1"/-->
		<!--drop event="Harvest" name="resourceCropCottonPlant" prob="1" count="1" tag="bonusCropHarvest"/-->
		<drop event="Destroy" name="resourceCropCottonPlant" count="1" prob="1"/>
	</append>
	<!--
	<remove xpath="/blocks/block[@name='plantedCotton3HarvestPlayer']/drop[@event='Destroy']" />
	<set xpath="/blocks/block[@name='plantedCotton3HarvestPlayer']/drop[@event='Harvest']/@count">1</set>
	-->

	<append xpath="/blocks/block[@name='plantedCoffee3HarvestPlayer']">
		<!--property name="DowngradeBlock" value="plantedCoffee1"/-->
		<!--drop event="Harvest" name="resourceCropCoffeeBeans" prob="1" count="1" tag="bonusCropHarvest"/-->
		<drop event="Destroy" name="resourceCropCoffeeBeans" count="1" prob="1"/>
	</append>
	<!--
	<remove xpath="/blocks/block[@name='plantedCoffee3HarvestPlayer']/drop[@event='Destroy']" />
	<set xpath="/blocks/block[@name='plantedCoffee3HarvestPlayer']/drop[@event='Harvest']/@count">1</set>
	-->

	<append xpath="/blocks/block[@name='plantedGoldenrod3HarvestPlayer']">
		<!--property name="DowngradeBlock" value="plantedGoldenrod1"/-->
		<!--drop event="Harvest" name="resourceCropGoldenrodPlant" prob="1" count="1" tag="bonusCropHarvest"/-->
		<drop event="Destroy" name="resourceCropGoldenrodPlant" count="1" prob="1"/>
	</append>
	<!--
	<remove xpath="/blocks/block[@name='plantedGoldenrod3HarvestPlayer']/drop[@event='Destroy']" />
	<set xpath="/blocks/block[@name='plantedGoldenrod3HarvestPlayer']/drop[@event='Harvest']/@count">1</set>
	-->

	<append xpath="/blocks/block[@name='plantedAloe3HarvestPlayer']">
		<!--property name="DowngradeBlock" value="plantedAloe1"/-->
		<!--drop event="Harvest" name="resourceCropAloeLeaf" prob="1" count="1" tag="bonusCropHarvest"/-->
		<drop event="Destroy" name="resourceCropAloeLeaf" count="1" prob="1"/>
	</append>
	<!--
	<remove xpath="/blocks/block[@name='plantedAloe3HarvestPlayer']/drop[@event='Destroy']" />
	<set xpath="/blocks/block[@name='plantedAloe3HarvestPlayer']/drop[@event='Harvest']/@count">1</set>
	-->

	<append xpath="/blocks/block[@name='plantedBlueberry3HarvestPlayer']">
		<!--property name="DowngradeBlock" value="plantedBlueberry1"/-->
		<!--drop event="Harvest" name="foodCropBlueberries" prob="1" count="1" tag="bonusCropHarvest"/-->
		<drop event="Destroy" name="foodCropBlueberries" count="1" prob="1"/>
	</append>
	<!--
	<remove xpath="/blocks/block[@name='plantedBlueberry3HarvestPlayer']/drop[@event='Destroy']" />
	<set xpath="/blocks/block[@name='plantedBlueberry3HarvestPlayer']/drop[@event='Harvest']/@count">1</set>
	-->

	<append xpath="/blocks/block[@name='plantedPotato3HarvestPlayer']">
		<!--property name="DowngradeBlock" value="plantedPotato1"/-->
		<!--drop event="Harvest" name="foodCropPotato" prob="1" count="1" tag="bonusCropHarvest"/-->
		<drop event="Destroy" name="foodCropPotato" count="1" prob="1"/>
	</append>
	<!--
	<remove xpath="/blocks/block[@name='plantedPotato3HarvestPlayer']/drop[@event='Destroy']" />
	<set xpath="/blocks/block[@name='plantedPotato3HarvestPlayer']/drop[@event='Harvest']/@count">1</set>
	-->

	<append xpath="/blocks/block[@name='plantedChrysanthemum3HarvestPlayer']">
		<!--property name="DowngradeBlock" value="plantedChrysanthemum1"/-->
		<!--drop event="Harvest" name="resourceCropChrysanthemumPlant" prob="1" count="1" tag="bonusCropHarvest"/-->
		<drop event="Destroy" name="resourceCropChrysanthemumPlant" count="1" prob="1"/>
	</append>
	<!--
	<remove xpath="/blocks/block[@name='plantedChrysanthemum3HarvestPlayer']/drop[@event='Destroy']" />
	<set xpath="/blocks/block[@name='plantedChrysanthemum3HarvestPlayer']/drop[@event='Harvest']/@count">1</set>
	-->

	<append xpath="/blocks/block[@name='plantedCorn3HarvestPlayer']">
		<!--property name="DowngradeBlock" value="plantedCorn1"/-->
		<!--drop event="Harvest" name="foodCropCorn" prob="1" count="1" tag="bonusCropHarvest"/-->
		<drop event="Destroy" name="foodCropCorn" count="1" prob="1"/>
	</append>
	<!--
	<remove xpath="/blocks/block[@name='plantedCorn3HarvestPlayer']/drop[@event='Destroy']" />
	<set xpath="/blocks/block[@name='plantedCorn3HarvestPlayer']/drop[@event='Harvest']/@count">1</set>
	-->

	<append xpath="/blocks/block[@name='plantedGraceCorn3HarvestPlayer']">
		<!--property name="DowngradeBlock" value="plantedGraceCorn1"/-->
		<!--drop event="Harvest" name="foodCropGraceCorn" prob="1" count="1" tag="bonusCropHarvest"/-->
		<drop event="Destroy" name="foodCropGraceCorn" count="1" prob="1"/>
	</append>
	<!--
	<remove xpath="/blocks/block[@name='plantedGraceCorn3HarvestPlayer']/drop[@event='Destroy']" />
	<set xpath="/blocks/block[@name='plantedGraceCorn3HarvestPlayer']/drop[@event='Harvest']/@count">1</set>
	-->

	<append xpath="/blocks/block[@name='plantedHop3HarvestPlayer']">
		<!--property name="DowngradeBlock" value="plantedHop1"/-->
		<!--drop event="Harvest" name="plantedHop1" prob="1" count="1" tag="bonusCropHarvest"/-->
		<drop event="Destroy" name="plantedHop1" count="1" prob="1"/>
	</append>
	<!--
	<remove xpath="/blocks/block[@name='plantedHop3HarvestPlayer']/drop[@event='Destroy']" />
	<set xpath="/blocks/block[@name='plantedHop3HarvestPlayer']/drop[@event='Harvest']/@count">1</set>
	-->

	<append xpath="/blocks/block[@name='plantedPumpkin3HarvestPlayer']">
		<!--property name="DowngradeBlock" value="plantedPumpkin1"/-->
		<!--drop event="Harvest" name="resourceCropHopsFlower" prob="1" count="1" tag="bonusCropHarvest"/-->
		<drop event="Destroy" name="foodCropPumpkin" count="1" prob="1"/>
	</append>
	<!--
	<remove xpath="/blocks/block[@name='plantedPumpkin3HarvestPlayer']/drop[@event='Destroy']" />
	<set xpath="/blocks/block[@name='plantedPumpkin3HarvestPlayer']/drop[@event='Harvest']/@count">1</set>
	-->

</configs>
