<TAVO>
	<append xpath="/archetypes">	
		<archetype name="MiniPonky" male="false" hair_color="232,218,239" eye_color="232,218,239" skin_color="255,255,255" type="Player" stance="Like" voice_set="trader">
			
			<base_mesh_parts>
				<part slot="head" layer="base" mesh="female_base_face">
					<texture name="female_head" color="skin"/>
					<texture name="female_eyebrow_flat" color="hair"/>
				</part>
				<part slot="head" layer="inner" mesh="female_hair_ponytail03">
					<texture name="female_shaggy_hair" color="hair"/>
				</part>
				<part slot="eyes" layer="inner" mesh="female_base_eyelashes">
					<texture name="female_eyelashes" color="hair"/>
				</part>
				<part slot="eyes" layer="base" mesh="female_base_eyes">
					<texture name="unisex_eye_shaded" color="255,255,255"/>
					<texture name="unisex_iris" color="eye"/>
				</part>
				<part slot="hands" layer="base" mesh="female_base_hands">
					<texture name="female_hands" color="skin"/>
				</part>
				<part slot="chest" layer="base" mesh="female_base_chest">
					<texture name="female_torso" color="skin"/>
				</part>
				<part slot="legs" layer="base" mesh="female_base_legs">
					<texture name="female_legs" color="skin"/>
				</part>
				<part slot="feet" layer="base" mesh="female_base_feet">
					<texture name="female_feet" color="skin"/>
				</part>
				<part slot="back" layer="base" mesh="unisex_gear_backpack01">
					<texture name="unisex_gear_backpack01" color="255,223,229"/>
				</part>
			</base_mesh_parts>
			<preview_mesh_parts>
				<!--<part slot="chest" layer="base" mesh="female_base_chest">
					<texture name="female_torso" color="skin"/>
					<texture name="female_tanktop" color="255,223,229"/>
				</part>
				<part slot="legs" layer="base" mesh="female_clothes_denim_pants">
					<texture name="female_pants_01" color="255,255,255"/>
				</part>
				<part slot="feet" layer="base" mesh="female_worn_boots">
					<texture name="female_worn_boots" color="80,80,80"/>
				</part>-->
			</preview_mesh_parts>
						
			
			<expression blink="false" blink_duration="0.15" blink_min_delay="5" blink_max_delay="15" saccades="true">
				<gene name="neckUp_Down" value="0"/>
				<gene name="neckLeft_Right" value="0"/>
				<gene name="neckTiltLeft_Right" value="0"/>
				<gene name="headUp_Down" value="0"/>
				<gene name="headLeft_Right" value="0"/>
				<gene name="headTiltLeft_Right" value="0"/>
				<gene name="jawOpen_Close" value=".4"/>
				<gene name="jawForward_Back" value="0"/>
				<gene name="jawLeft_Right" value="0"/>
				<gene name="mouthLeft_Right" value="0"/>
				<gene name="mouthUp_Down" value="0"/>
				<gene name="mouthNarrow_Pucker" value="0"/>
				<gene name="tongueOut" value="0"/>
				<gene name="tongueCurl" value="0"/>
				<gene name="tongueUp_Down" value="0"/>
				<gene name="tongueLeft_Right" value="0"/>
				<gene name="tongueWide_Narrow" value="0"/>
				<gene name="leftMouthSmile_Frown" value="1"/>
				<gene name="rightMouthSmile_Frown" value="1"/>
				<gene name="leftLowerLipUp_Down" value="0"/>
				<gene name="rightLowerLipUp_Down" value="0"/>
				<gene name="leftUpperLipUp_Down" value="0"/>
				<gene name="rightUpperLipUp_Down" value="0"/>
				<gene name="leftCheekPuff_Squint" value="-1"/>
				<gene name="rightCheekPuff_Squint" value="-1"/>
				<gene name="noseSneer" value="0"/>
				<gene name="leftEyeOpen_Close" value="1000"/>
				<gene name="rightEyeOpen_Close" value="1000"/>
				<gene name="leftEyeUp_Down" value="0"/>
				<gene name="rightEyeUp_Down" value="0"/>
				<gene name="leftEyeIn_Out" value="1"/>
				<gene name="rightEyeIn_Out" value="1"/>
				<gene name="browsIn" value="0"/>
				<gene name="leftBrowUp_Down" value="0"/>
				<gene name="rightBrowUp_Down" value="0"/>
				<gene name="midBrowUp_Down" value="0"/>
			</expression>
			<dna>
				<gene name="height" value="-4"/>
				<gene name="headSize" value="1.50"/>
				<gene name="headWidth" value="1.50"/>
				<gene name="handsSize" value="1.50"/>
				<gene name="feetSize" value="0.50"/>
				<gene name="muscle" value="0.50"/>
				<gene name="weight" value="0.40"/>
				<gene name="gluteusSize" value="1.50"/>
				<gene name="earsSize" value="0.40"/>
				<gene name="earsPosition" value="0.50"/>
				<gene name="earsRotation" value="0.50"/>
				<gene name="noseSize" value="0.50"/>
				<gene name="noseCurve" value="0.50"/>
				<gene name="noseWidth" value="0.50"/>
				<gene name="noseInclination" value="0.50"/>
				<gene name="nosePosition" value="0.50"/>
				<gene name="nosePronounced" value="0.50"/>
				<gene name="noseFlatten" value="0.50"/>
				<gene name="chinSize" value="0.50"/>
				<gene name="chinPronounced" value="0.50"/>
				<gene name="chinPosition" value="0.50"/>
				<gene name="mandibleSize" value="0.50"/>
				<gene name="jawsSize" value="0.50"/>
				<gene name="jawsPosition" value="0.50"/>
				<gene name="cheekSize" value="0.50"/>
				<gene name="cheekPosition" value="0.50"/>
				<gene name="lowCheekPronounced" value="0.50"/>
				<gene name="lowCheekPosition" value="0.50"/>
				<gene name="foreheadSize" value="0"/>
				<gene name="foreheadPosition" value="0"/>
				<gene name="lipsSize" value="0"/>
				<gene name="mouthSize" value="0"/>
				<gene name="eyeRotation" value="1"/>
				<gene name="eyeSize" value="12"/>
				<gene name="breastSize" value="0"/>
			</dna>
		</archetype>			
		<archetype name="MiniDurza" male="true" hair_color="200,200,200" eye_color="99,62,14" skin_color="255,255,255" type="Player" stance="Like" voice_set="trader">
			<base_mesh_parts>
				<part slot="head" layer="base" mesh="male_base_face">
					<texture name="male_head" color="skin"/>
					<texture name="male_shaggy_hair" color="hair"/>
					<texture name="male_shaggy_eyebrows" color="150,150,150"/>
				</part>
				<part slot="head" layer="inner" mesh="male_shaggy_hair">
					<texture name="male_shaggy_hair" color="hair"/>
				</part>
				<part slot="eyes" layer="base" mesh="male_base_eyes">
					<texture name="unisex_eye_shaded" color="255,255,255"/>
					<texture name="unisex_iris" color="eye"/>
				</part>
				<part slot="hands" layer="base" mesh="male_base_hands">
					<texture name="male_hands" color="skin"/>
				</part>
				<part slot="chest" layer="base" mesh="male_base_chest">
					<texture name="male_torso" color="skin"/>
				</part>
				<part slot="legs" layer="base" mesh="male_base_legs">
					<texture name="male_legs" color="skin"/>
				</part>
				<part slot="feet" layer="base" mesh="male_base_feet">
					<texture name="male_feet" color="skin"/>
				</part>
				<part slot="back" layer="base" mesh="unisex_gear_backpack01">
					<texture name="unisex_gear_backpack01" color="255,255,255"/>
				</part>
			</base_mesh_parts>
			<preview_mesh_parts>
			</preview_mesh_parts>
			<expression blink="true" blink_duration="0.15" blink_min_delay="5" blink_max_delay="15" saccades="true">
				<gene name="neckUp_Down" value="0"/>
				<gene name="neckLeft_Right" value="0"/>
				<gene name="neckTiltLeft_Right" value="0"/>
				<gene name="headUp_Down" value="0"/>
				<gene name="headLeft_Right" value="0"/>
				<gene name="headTiltLeft_Right" value="0"/>
				<gene name="jawOpen_Close" value="0"/>
				<gene name="jawForward_Back" value="0"/>
				<gene name="jawLeft_Right" value="0"/>
				<gene name="mouthLeft_Right" value="0"/>
				<gene name="mouthUp_Down" value="0"/>
				<gene name="mouthNarrow_Pucker" value="0"/>
				<gene name="tongueOut" value="0"/>
				<gene name="tongueCurl" value="0"/>
				<gene name="tongueUp_Down" value="0"/>
				<gene name="tongueLeft_Right" value="0"/>
				<gene name="tongueWide_Narrow" value="0"/>
				<gene name="leftMouthSmile_Frown" value="0"/>
				<gene name="rightMouthSmile_Frown" value="0"/>
				<gene name="leftLowerLipUp_Down" value="0"/>
				<gene name="rightLowerLipUp_Down" value="0"/>
				<gene name="leftUpperLipUp_Down" value="0"/>
				<gene name="rightUpperLipUp_Down" value="0"/>
				<gene name="leftCheekPuff_Squint" value="0"/>
				<gene name="rightCheekPuff_Squint" value="0"/>
				<gene name="noseSneer" value="0"/>
				<gene name="leftEyeOpen_Close" value="0"/>
				<gene name="rightEyeOpen_Close" value="0"/>
				<gene name="leftEyeUp_Down" value="0"/>
				<gene name="rightEyeUp_Down" value="0"/>
				<gene name="leftEyeIn_Out" value="0"/>
				<gene name="rightEyeIn_Out" value="0"/>
				<gene name="browsIn" value="0"/>
				<gene name="leftBrowUp_Down" value="0"/>
				<gene name="rightBrowUp_Down" value="0"/>
				<gene name="midBrowUp_Down" value="0"/>
			</expression>
			<dna>
				<gene name="height" value="-2"/>
				<gene name="headSize" value="0.66"/>
				<gene name="headWidth" value="0.47"/>
				<gene name="handsSize" value="0.255"/>
				<gene name="feetSize" value="0.5"/>
				<gene name="muscle" value="0.425"/>
				<gene name="weight" value="0.535"/>
				<gene name="gluteusSize" value="0.57"/>
				<gene name="earsSize" value="0.34"/>
				<gene name="earsPosition" value="0.545"/>
				<gene name="earsRotation" value="0.5"/>
				<gene name="noseSize" value="0.89"/>
				<gene name="noseCurve" value="1"/>
				<gene name="noseWidth" value="1"/>
				<gene name="noseInclination" value="0"/>
				<gene name="nosePosition" value="0"/>
				<gene name="nosePronounced" value="0.5"/>
				<gene name="noseFlatten" value="0.69"/>
				<gene name="chinSize" value="0.28"/>
				<gene name="chinPronounced" value="0.54"/>
				<gene name="chinPosition" value="0.5"/>
				<gene name="mandibleSize" value="0.46"/>
				<gene name="jawsSize" value="0.625"/>
				<gene name="jawsPosition" value="0.5"/>
				<gene name="cheekSize" value="0.995"/>
				<gene name="cheekPosition" value="1"/>
				<gene name="lowCheekPronounced" value="0.515"/>
				<gene name="lowCheekPosition" value="0.125"/>
				<gene name="foreheadSize" value="0"/>
				<gene name="foreheadPosition" value="0"/>
				<gene name="lipsSize" value="0"/>
				<gene name="mouthSize" value="0.115"/>
				<gene name="eyeRotation" value="0.31"/>
				<gene name="eyeSize" value="1"/>
				<gene name="breastSize" value="0"/>
			</dna>
		</archetype>		
		<archetype name="MiniPanda" male="true" hair_color="200,200,200" eye_color="99,62,14" skin_color="18,56,156" type="Player" stance="Like" voice_set="trader">
			<base_mesh_parts>
				<part slot="head" layer="base" mesh="male_base_face">
					<texture name="male_head" color="skin"/>
					<texture name="male_shaggy_eyebrows" color="150,150,150"/>
				</part>
				<part slot="head" layer="inner" mesh="male_shaggy_hair">
					<texture name="male_shaggy_hair" color="hair"/>
				</part>
				<part slot="eyes" layer="base" mesh="male_base_eyes">
					<texture name="unisex_eye_shaded" color="255,255,255"/>
					<texture name="unisex_iris" color="eye"/>
				</part>
				<part slot="hands" layer="base" mesh="male_base_hands">
					<texture name="male_hands" color="skin"/>
				</part>
				<part slot="chest" layer="base" mesh="male_base_chest">
					<texture name="male_torso" color="skin"/>
				</part>
				<part slot="legs" layer="base" mesh="male_base_legs">
					<texture name="male_legs" color="skin"/>
				</part>
				<part slot="feet" layer="base" mesh="male_base_feet">
					<texture name="male_feet" color="skin"/>
				</part>
				<part slot="back" layer="base" mesh="unisex_gear_backpack01">
					<texture name="unisex_gear_backpack01" color="255,255,255"/>
				</part>
			</base_mesh_parts>
			<preview_mesh_parts>
			</preview_mesh_parts>
			<expression blink="true" blink_duration="0.15" blink_min_delay="5" blink_max_delay="15" saccades="true">
				<gene name="neckUp_Down" value="0"/>
				<gene name="neckLeft_Right" value="0"/>
				<gene name="neckTiltLeft_Right" value="0"/>
				<gene name="headUp_Down" value="0"/>
				<gene name="headLeft_Right" value="0"/>
				<gene name="headTiltLeft_Right" value="0"/>
				<gene name="jawOpen_Close" value="0"/>
				<gene name="jawForward_Back" value="0"/>
				<gene name="jawLeft_Right" value="0"/>
				<gene name="mouthLeft_Right" value="0"/>
				<gene name="mouthUp_Down" value="0"/>
				<gene name="mouthNarrow_Pucker" value="0"/>
				<gene name="tongueOut" value="0"/>
				<gene name="tongueCurl" value="0"/>
				<gene name="tongueUp_Down" value="0"/>
				<gene name="tongueLeft_Right" value="0"/>
				<gene name="tongueWide_Narrow" value="0"/>
				<gene name="leftMouthSmile_Frown" value="0"/>
				<gene name="rightMouthSmile_Frown" value="0"/>
				<gene name="leftLowerLipUp_Down" value="0"/>
				<gene name="rightLowerLipUp_Down" value="0"/>
				<gene name="leftUpperLipUp_Down" value="0"/>
				<gene name="rightUpperLipUp_Down" value="0"/>
				<gene name="leftCheekPuff_Squint" value="0"/>
				<gene name="rightCheekPuff_Squint" value="0"/>
				<gene name="noseSneer" value="0"/>
				<gene name="leftEyeOpen_Close" value="0"/>
				<gene name="rightEyeOpen_Close" value="0"/>
				<gene name="leftEyeUp_Down" value="0"/>
				<gene name="rightEyeUp_Down" value="0"/>
				<gene name="leftEyeIn_Out" value="0"/>
				<gene name="rightEyeIn_Out" value="0"/>
				<gene name="browsIn" value="0"/>
				<gene name="leftBrowUp_Down" value="0"/>
				<gene name="rightBrowUp_Down" value="0"/>
				<gene name="midBrowUp_Down" value="0"/>
			</expression>
			<dna>
				<gene name="height" value="-5"/>
				<gene name="headSize" value="8"/>
				<gene name="headWidth" value="1.17"/>
				<gene name="handsSize" value="0.855"/>
				<gene name="feetSize" value="0.6"/>
				<gene name="muscle" value="0.325"/>
				<gene name="weight" value="0.335"/>
				<gene name="gluteusSize" value="0.37"/>
				<gene name="earsSize" value="0.34"/>
				<gene name="earsPosition" value="0.545"/>
				<gene name="earsRotation" value="0.5"/>
				<gene name="noseSize" value="0.89"/>
				<gene name="noseCurve" value="1"/>
				<gene name="noseWidth" value="1"/>
				<gene name="noseInclination" value="0"/>
				<gene name="nosePosition" value="0"/>
				<gene name="nosePronounced" value="0.5"/>
				<gene name="noseFlatten" value="0.69"/>
				<gene name="chinSize" value="0.28"/>
				<gene name="chinPronounced" value="0.54"/>
				<gene name="chinPosition" value="0.5"/>
				<gene name="mandibleSize" value="0.46"/>
				<gene name="jawsSize" value="0.625"/>
				<gene name="jawsPosition" value="0.5"/>
				<gene name="cheekSize" value="0.995"/>
				<gene name="cheekPosition" value="1"/>
				<gene name="lowCheekPronounced" value="0.515"/>
				<gene name="lowCheekPosition" value="0.125"/>
				<gene name="foreheadSize" value="0"/>
				<gene name="foreheadPosition" value="0"/>
				<gene name="lipsSize" value="0"/>
				<gene name="mouthSize" value="0.115"/>
				<gene name="eyeRotation" value="0.31"/>
				<gene name="eyeSize" value="1"/>
				<gene name="breastSize" value="-1"/>
			</dna>
		</archetype>
		<archetype name="GiantDurza" male="true" hair_color="200,200,200" eye_color="99,62,14" skin_color="255,255,255" type="Player" stance="Like" voice_set="trader">
			<base_mesh_parts>
				<part slot="head" layer="base" mesh="male_base_face">
					<texture name="male_head" color="skin"/>
					<texture name="male_shaggy_hair" color="hair"/>
					<texture name="male_shaggy_eyebrows" color="150,150,150"/>
				</part>
				<part slot="head" layer="inner" mesh="male_shaggy_hair">
					<texture name="male_shaggy_hair" color="hair"/>
				</part>
				<part slot="eyes" layer="base" mesh="male_base_eyes">
					<texture name="unisex_eye_shaded" color="255,255,255"/>
					<texture name="unisex_iris" color="eye"/>
				</part>
				<part slot="hands" layer="base" mesh="male_base_hands">
					<texture name="male_hands" color="skin"/>
				</part>
				<part slot="chest" layer="base" mesh="male_base_chest">
					<texture name="male_torso" color="skin"/>
				</part>
				<part slot="legs" layer="base" mesh="male_base_legs">
					<texture name="male_legs" color="skin"/>
				</part>
				<part slot="feet" layer="base" mesh="male_base_feet">
					<texture name="male_feet" color="skin"/>
				</part>
				<part slot="back" layer="base" mesh="unisex_gear_backpack01">
					<texture name="unisex_gear_backpack01" color="255,255,255"/>
				</part>
			</base_mesh_parts>
			<preview_mesh_parts>
			</preview_mesh_parts>
			<expression blink="true" blink_duration="0.15" blink_min_delay="5" blink_max_delay="15" saccades="true">
				<gene name="neckUp_Down" value="0"/>
				<gene name="neckLeft_Right" value="0"/>
				<gene name="neckTiltLeft_Right" value="0"/>
				<gene name="headUp_Down" value="0"/>
				<gene name="headLeft_Right" value="0"/>
				<gene name="headTiltLeft_Right" value="0"/>
				<gene name="jawOpen_Close" value="0"/>
				<gene name="jawForward_Back" value="0"/>
				<gene name="jawLeft_Right" value="0"/>
				<gene name="mouthLeft_Right" value="0"/>
				<gene name="mouthUp_Down" value="0"/>
				<gene name="mouthNarrow_Pucker" value="0"/>
				<gene name="tongueOut" value="0"/>
				<gene name="tongueCurl" value="0"/>
				<gene name="tongueUp_Down" value="0"/>
				<gene name="tongueLeft_Right" value="0"/>
				<gene name="tongueWide_Narrow" value="0"/>
				<gene name="leftMouthSmile_Frown" value="0"/>
				<gene name="rightMouthSmile_Frown" value="0"/>
				<gene name="leftLowerLipUp_Down" value="0"/>
				<gene name="rightLowerLipUp_Down" value="0"/>
				<gene name="leftUpperLipUp_Down" value="0"/>
				<gene name="rightUpperLipUp_Down" value="0"/>
				<gene name="leftCheekPuff_Squint" value="0"/>
				<gene name="rightCheekPuff_Squint" value="0"/>
				<gene name="noseSneer" value="0"/>
				<gene name="leftEyeOpen_Close" value="0"/>
				<gene name="rightEyeOpen_Close" value="0"/>
				<gene name="leftEyeUp_Down" value="0"/>
				<gene name="rightEyeUp_Down" value="0"/>
				<gene name="leftEyeIn_Out" value="0"/>
				<gene name="rightEyeIn_Out" value="0"/>
				<gene name="browsIn" value="0"/>
				<gene name="leftBrowUp_Down" value="0"/>
				<gene name="rightBrowUp_Down" value="0"/>
				<gene name="midBrowUp_Down" value="0"/>
			</expression>
			<dna>
				<gene name="height" value="4"/>
				<gene name="headSize" value="0.66"/>
				<gene name="headWidth" value="0.47"/>
				<gene name="handsSize" value="0.255"/>
				<gene name="feetSize" value="0.5"/>
				<gene name="muscle" value="0.425"/>
				<gene name="weight" value="0.535"/>
				<gene name="gluteusSize" value="0.57"/>
				<gene name="earsSize" value="0.34"/>
				<gene name="earsPosition" value="0.545"/>
				<gene name="earsRotation" value="0.5"/>
				<gene name="noseSize" value="0.89"/>
				<gene name="noseCurve" value="1"/>
				<gene name="noseWidth" value="1"/>
				<gene name="noseInclination" value="0"/>
				<gene name="nosePosition" value="0"/>
				<gene name="nosePronounced" value="0.5"/>
				<gene name="noseFlatten" value="0.69"/>
				<gene name="chinSize" value="0.28"/>
				<gene name="chinPronounced" value="0.54"/>
				<gene name="chinPosition" value="0.5"/>
				<gene name="mandibleSize" value="0.46"/>
				<gene name="jawsSize" value="0.625"/>
				<gene name="jawsPosition" value="0.5"/>
				<gene name="cheekSize" value="0.995"/>
				<gene name="cheekPosition" value="1"/>
				<gene name="lowCheekPronounced" value="0.515"/>
				<gene name="lowCheekPosition" value="0.125"/>
				<gene name="foreheadSize" value="0"/>
				<gene name="foreheadPosition" value="0"/>
				<gene name="lipsSize" value="0"/>
				<gene name="mouthSize" value="0.115"/>
				<gene name="eyeRotation" value="0.31"/>
				<gene name="eyeSize" value="1"/>
				<gene name="breastSize" value="0"/>
			</dna>
		</archetype>		
	</append>
</TAVO>