<configs>
	<append xpath="/xui/ruleset">
		<window_group name="workstation_decomachine" controller="XUiC_WorkstationWindowGroup">
			<window name="windowCraftingList"/>
			<window name="craftingInfoPanel"/>
			<window name="windowCraftingQueue"/>
			<window name="windowOutput"/>
			<window name="windowNonPagingHeader"/>
			<!--  <window name="windowCombine" />  -->
		</window_group>
		<window_group name="workstation_dyestation" controller="XUiC_WorkstationWindowGroup">
			<window name="windowCraftingList" />
			<window name="craftingInfoPanel"/>
			<window name="windowCraftingQueue"/>
			<window name="windowFuel"/>
			<window name="windowOutput" />
			<window name="windowNonPagingHeader" />			
		</window_group>
		
		<window_group name="workstation_modernCookingMaster" controller="XUiC_WorkstationWindowGroup" open_backpack_on_open="true" close_compass_on_open="true">
			<window name="windowCraftingList"/>
			<window name="craftingInfoPanel"/>
			<window name="windowCraftingQueue"/>
			<window name="windowToolsCampfire" />
			<window name="windowFuel" />
			<window name="windowOutput" />
			<window name="windowNonPagingHeader" />
		</window_group>
		<window_group name="workstation_modernCookingWallOven" controller="XUiC_WorkstationWindowGroup" open_backpack_on_open="true" close_compass_on_open="true">
			<window name="windowCraftingList"/>
			<window name="craftingInfoPanel"/>
			<window name="windowCraftingQueue"/>
			<window name="windowToolsCampfire" />
			<window name="windowFuel" />
			<window name="windowOutput" />
			<window name="windowNonPagingHeader" />
		</window_group>
		<window_group name="workstation_modernCookingOldStove" controller="XUiC_WorkstationWindowGroup">
			<window name="windowCraftingList"/>
			<window name="craftingInfoPanel"/>
			<window name="windowCraftingQueue"/>
			<window name="windowToolsCampfire" />
			<window name="windowFuel" />
			<window name="windowOutput" />
			<window name="windowNonPagingHeader" />
		</window_group>
		<window_group name="workstation_modernCookingWoodStove" controller="XUiC_WorkstationWindowGroup">
			<window name="windowCraftingList"/>
			<window name="craftingInfoPanel"/>
			<window name="windowCraftingQueue"/>
			<window name="windowToolsCampfire" />
			<window name="windowFuel" />
			<window name="windowOutput" />
			<window name="windowNonPagingHeader" />
		</window_group>
		<window_group name="workstation_modernCookingCoffeeMaker" controller="XUiC_WorkstationWindowGroup">
			<window name="windowCraftingList"/>
			<window name="craftingInfoPanel"/>
			<window name="windowCraftingQueue"/>
			<window name="windowToolsCampfire" />
			<window name="windowFuel" />
			<window name="windowOutput" />
			<window name="windowNonPagingHeader" />
		</window_group>
		<window_group name="workstation_modernCookingCoffeeMakerCommercial" controller="XUiC_WorkstationWindowGroup">
			<window name="windowCraftingList"/>
			<window name="craftingInfoPanel"/>
			<window name="windowCraftingQueue"/>
			<window name="windowToolsCampfire" />
			<window name="windowFuel" />
			<window name="windowOutput" />
			<window name="windowNonPagingHeader" />
		</window_group>
		<window_group name="workstation_modernCookingCharcoalGrillClosed" controller="XUiC_WorkstationWindowGroup">
			<window name="windowCraftingList"/>
			<window name="craftingInfoPanel"/>
			<window name="windowCraftingQueue"/>
			<window name="windowToolsCampfire" />
			<window name="windowFuel" />
			<window name="windowOutput" />
			<window name="windowNonPagingHeader" />
		</window_group>
		<window_group name="workstation_modernCookingCharcoalGrillOpen" controller="XUiC_WorkstationWindowGroup">
			<window name="windowCraftingList"/>
			<window name="craftingInfoPanel"/>
			<window name="windowCraftingQueue"/>
			<window name="windowToolsCampfire" />
			<window name="windowFuel" />
			<window name="windowOutput" />
			<window name="windowNonPagingHeader" />
		</window_group>
		<window_group name="workstation_modernCookingGasGrillClosed" controller="XUiC_WorkstationWindowGroup">
			<window name="windowCraftingList"/>
			<window name="craftingInfoPanel"/>
			<window name="windowCraftingQueue"/>
			<window name="windowToolsCampfire" />
			<window name="windowFuel" />
			<window name="windowOutput" />
			<window name="windowNonPagingHeader" />
		</window_group>
		<window_group name="workstation_modernCookingGasGrillOpen" controller="XUiC_WorkstationWindowGroup">
			<window name="windowCraftingList"/>
			<window name="craftingInfoPanel"/>
			<window name="windowCraftingQueue"/>
			<window name="windowToolsCampfire" />
			<window name="windowFuel" />
			<window name="windowOutput" />
			<window name="windowNonPagingHeader" />
		</window_group>
		<window_group name="workstation_modernCookingMicrowave" controller="XUiC_WorkstationWindowGroup">
			<window name="windowCraftingList"/>
			<window name="craftingInfoPanel"/>
			<window name="windowCraftingQueue"/>
			<window name="windowToolsCampfire" />
			<window name="windowFuel" />
			<window name="windowOutput" />
			<window name="windowNonPagingHeader" />
		</window_group>
		<window_group name="workstation_modernCookingToaster" controller="XUiC_WorkstationWindowGroup">
			<window name="windowCraftingList"/>
			<window name="craftingInfoPanel"/>
			<window name="windowCraftingQueue"/>
			<window name="windowToolsCampfire" />
			<window name="windowFuel" />
			<window name="windowOutput" />
			<window name="windowNonPagingHeader" />
		</window_group>
	</append>
</configs>
