<config>
    <!-- ▼▲▼▲▼▲▼▲▼▲▼▲▼▲▼▲▼▲ Add Can Food Unlock ▼▲▼▲▼▲▼▲▼▲▼▲▼▲▼▲▼▲ -->      
    	<append xpath="/items/item[starts-with(@name, 'foodCan')]">
            <property name="UnlockedBy" value="craftingFood"/>
        </append>
        <append xpath="/items/item[@name= 'foodCanSham']">
            <property name="UnlockedBy" value="foodCanShamSchematic"/> 
        </append>
    <!-- ▼▲▼▲▼▲▼▲▼▲▼▲▼▲▼▲▼▲ Add Acid Unlock ▼▲▼▲▼▲▼▲▼▲▼▲▼▲▼▲▼▲ -->
		<append xpath="/items/item[@name='resourceAcid']">
			<property name="UnlockedBy" value="craftingMedical"/>
			<property name="Group" value="Resources,Chemicals,CFChemicals"/>
		</append>
    <!-- ▼▲▼▲▼▲▼▲▼▲▼▲▼▲▼▲▼▲ Add Magazine Unlock ▼▲▼▲▼▲▼▲▼▲▼▲▼▲▼▲▼▲ -->    
        <append xpath="/items/item[@name='harvestingToolsSkillMagazine']"><property name="UnlockedBy" value="craftingHarvestingTools"/></append>
        <append xpath="/items/item[@name='repairToolsSkillMagazine']"><property name="UnlockedBy" value="craftingRepairTools"/></append>
        <append xpath="/items/item[@name='salvageToolsSkillMagazine']"><property name="UnlockedBy" value="craftingSalvageTools"/></append>
        <append xpath="/items/item[@name='knucklesSkillMagazine']"><property name="UnlockedBy" value="craftingKnuckles"/></append>
        <append xpath="/items/item[@name='bladesSkillMagazine']"><property name="UnlockedBy" value="craftingBlades"/></append>
        <append xpath="/items/item[@name='clubsSkillMagazine']"><property name="UnlockedBy" value="craftingClubs"/></append>
        <append xpath="/items/item[@name='sledgehammersSkillMagazine']"><property name="UnlockedBy" value="craftingSledgehammers"/></append>
        <append xpath="/items/item[@name='spearsSkillMagazine']"><property name="UnlockedBy" value="craftingSpears"/></append>
        <append xpath="/items/item[@name='bowsSkillMagazine']"><property name="UnlockedBy" value="craftingBows"/></append>
        <append xpath="/items/item[@name='handgunsSkillMagazine']"><property name="UnlockedBy" value="craftingHandguns"/></append>
        <append xpath="/items/item[@name='shotgunsSkillMagazine']"><property name="UnlockedBy" value="craftingShotguns"/></append>
        <append xpath="/items/item[@name='riflesSkillMagazine']"><property name="UnlockedBy" value="craftingRifles"/></append>
        <append xpath="/items/item[@name='machineGunsSkillMagazine']"><property name="UnlockedBy" value="craftingMachineGuns"/></append>
        <append xpath="/items/item[@name='explosivesSkillMagazine']"><property name="UnlockedBy" value="craftingExplosives"/></append>
        <append xpath="/items/item[@name='roboticsSkillMagazine']"><property name="UnlockedBy" value="craftingRobotics"/></append>
        <append xpath="/items/item[@name='armorSkillMagazine']"><property name="UnlockedBy" value="craftingArmor"/></append>
        <append xpath="/items/item[@name='medicalSkillMagazine']"><property name="UnlockedBy" value="craftingMedical"/></append>
        <append xpath="/items/item[@name='foodSkillMagazine']"><property name="UnlockedBy" value="craftingFood"/></append>
        <append xpath="/items/item[@name='seedSkillMagazine']"><property name="UnlockedBy" value="craftingSeeds"/></append>
        <append xpath="/items/item[@name='electricianSkillMagazine']"><property name="UnlockedBy" value="craftingElectrician"/></append>
        <append xpath="/items/item[@name='trapsSkillMagazine']"><property name="UnlockedBy" value="craftingTraps"/></append>
        <append xpath="/items/item[@name='workstationSkillMagazine']"><property name="UnlockedBy" value="craftingWorkstations"/></append>
        <append xpath="/items/item[@name='vehiclesSkillMagazine']"><property name="UnlockedBy" value="craftingVehicles"/></append>
    <!-- ▼▲▼▲▼▲▼▲▼▲▼▲▼▲▼▲▼▲▼▲▼▲▼▲▼▲▼▲▼▲▼▲▼▲▼▲▼▲▼▲▼▲▼▲▼▲▼▲▼▲▼▲▼▲▼▲▼ -->      
</config>