<MalenEI>
	<!-- MalenEI Recipe Start -->

	<append xpath="/recipes">

		<!--Can Food-->
		<recipe name="foodCanDogfood" count="1" craft_time="30" craft_area="workbench" tags="learnable,perkMasterChef,chefTier4">
			<ingredient name="resourceScrapIron" count="5"/>
			<ingredient name="foodRawChicken" count="1"/>
			<ingredient name="foodRottingFlesh" count="5"/>
			<ingredient name="resourceAnimalFat" count="10"/>
			<ingredient name="resourceAcid" count="1"/>
		</recipe>
		<recipe name="foodCanCatfood" count="1" craft_time="30" craft_area="workbench" tags="learnable,perkMasterChef,chefTier4">
			<ingredient name="resourceScrapIron" count="5"/>
			<ingredient name="foodRawMeat" count="10"/>
			<ingredient name="foodRottingFlesh" count="5"/>
			<ingredient name="resourceAnimalFat" count="10"/>
			<ingredient name="resourceAcid" count="1"/>
		</recipe>
		<recipe name="foodCanTuna" count="1" craft_time="30" craft_area="workbench" tags="learnable,perkMasterChef,chefTier3">
			<ingredient name="resourceScrapIron" count="5"/>
			<ingredient name="foodRawChicken" count="10"/>
			<ingredient name="resourceAnimalFat" count="8"/>
			<ingredient name="foodCropPotato" count="3"/>
			<ingredient name="drinkJarBoiledWater" count="1"/>
		</recipe>
		<recipe name="foodCanSalmon" count="1" craft_time="30" craft_area="workbench" tags="learnable,perkMasterChef,chefTier3">
			<ingredient name="resourceScrapIron" count="5"/>
			<ingredient name="resourceAnimalFat" count="5"/>
			<ingredient name="foodRawChicken" count="5"/>
			<ingredient name="foodCropPotato" count="2"/>
			<ingredient name="drinkJarBoiledWater" count="1"/>
		</recipe>
		<recipe name="foodCanPeas" count="1" craft_time="30" craft_area="workbench" tags="learnable,perkMasterChef,chefTier3">
			<ingredient name="resourceScrapIron" count="5"/>
			<ingredient name="foodCropGraceCorn" count="2"/>
			<ingredient name="foodCornMeal" count="2"/>
			<ingredient name="foodCropPotato" count="5"/>
			<ingredient name="drinkJarBoiledWater" count="1"/>
		</recipe>
		<recipe name="foodCanChicken" count="1" craft_time="30" craft_area="workbench" tags="learnable,perkMasterChef,chefTier3">
			<ingredient name="resourceScrapIron" count="5"/>
			<ingredient name="foodRawChicken" count="15"/>
			<ingredient name="foodCropPotato" count="2"/>
			<ingredient name="foodCropCorn" count="2"/>
			<ingredient name="drinkJarBoiledWater" count="1"/>
		</recipe>
		<recipe name="foodCanLamb" count="1" craft_time="30" craft_area="workbench" tags="learnable,perkMasterChef,chefTier3">
			<ingredient name="resourceScrapIron" count="5"/>
			<ingredient name="foodRawMeat" count="15"/>
			<ingredient name="foodCropCorn" count="3"/>
			<ingredient name="resourceAnimalFat" count="10"/>
			<ingredient name="drinkJarBoiledWater" count="1"/>
		</recipe>
		<recipe name="foodCanBeef" count="1" craft_time="30" craft_area="workbench" tags="learnable,perkMasterChef,chefTier3">
			<ingredient name="resourceScrapIron" count="5"/>
			<ingredient name="foodRawMeat" count="15"/>
			<ingredient name="foodCropPotato" count="3"/>
			<ingredient name="resourceAnimalFat" count="10"/>
			<ingredient name="drinkJarBoiledWater" count="1"/>
		</recipe>
		<recipe name="foodCanChili" count="1" craft_time="30" craft_area="workbench" tags="learnable,perkMasterChef,chefTier3">
			<ingredient name="resourceScrapIron" count="5"/>
			<ingredient name="foodCropBlueberries" count="3"/>
			<ingredient name="resourceCropHopsFlower" count="2"/>
			<ingredient name="drinkJarBoiledWater" count="1"/>
		</recipe>
		<recipe name="foodCanStock" count="1" craft_time="30" craft_area="workbench" tags="learnable,perkMasterChef,chefTier3">
			<ingredient name="resourceScrapIron" count="5"/>
			<ingredient name="foodRawMeat" count="10"/>
			<ingredient name="foodCropBlueberries" count="2"/>
			<ingredient name="resourceAnimalFat" count="5"/>
			<ingredient name="drinkJarBoiledWater" count="1"/>
		</recipe>
		<recipe name="foodCanPasta" count="1" craft_time="30" craft_area="workbench" tags="learnable,perkMasterChef,chefTier3">
			<ingredient name="resourceScrapIron" count="5"/>
			<ingredient name="foodEgg" count="5"/>
			<ingredient name="foodCornMeal" count="10"/>
			<ingredient name="foodRawMeat" count="1"/>
			<ingredient name="drinkJarBoiledWater" count="1"/>
		</recipe>
		<recipe name="foodCanMiso" count="1" craft_time="30" craft_area="workbench" tags="learnable,perkMasterChef,chefTier3">
			<ingredient name="resourceScrapIron" count="5"/>
			<ingredient name="foodCropPotato" count="2"/>
			<ingredient name="foodRawMeat" count="1"/>
			<ingredient name="drinkJarBoiledWater" count="2"/>
		</recipe>
		<recipe name="foodCanPears" count="1" craft_time="30" craft_area="workbench" tags="learnable,perkMasterChef,chefTier3">
			<ingredient name="resourceScrapIron" count="5"/>
			<ingredient name="foodCropCorn" count="1"/>
			<ingredient name="foodCropPotato" count="1"/>
			<ingredient name="drinkJarBoiledWater" count="1"/>
		</recipe>
		<recipe name="foodCanSoup" count="1" craft_time="30" craft_area="workbench" tags="learnable,perkMasterChef,chefTier3">
			<ingredient name="resourceScrapIron" count="5"/>
			<ingredient name="foodRawMeat" count="1"/>
			<ingredient name="foodCropCorn" count="1"/>
			<ingredient name="foodCropPotato" count="1"/>
			<ingredient name="drinkJarBoiledWater" count="2"/>
		</recipe>
		<!---->
		<!--Magazine Craft-->

		<recipe name="harvestingToolsSkillMagazine" count="1" craft_area="workbench" craft_time="30" tags="learnable,workbenchCrafting">
			<ingredient name="meleeToolAllSteelParts" count="4"/>
			<ingredient name="meleeToolAxeT3ChainsawParts" count="1"/>
			<ingredient name="resourcePaper" count="4"/>
			<ingredient name="resourceFeather" count="2"/>
			<ingredient name="resourceSewingKit" count="1"/>
		</recipe>
		<recipe name="repairToolsSkillMagazine" count="1" craft_area="workbench" craft_time="30" tags="learnable,workbenchCrafting">
			<ingredient name="resourceMechanicalParts" count="30"/>
			<ingredient name="resourcePaper" count="4"/>
			<ingredient name="resourceFeather" count="2"/>
			<ingredient name="resourceSewingKit" count="1"/>
		</recipe>
		<recipe name="salvageToolsSkillMagazine" count="1" craft_area="workbench" craft_time="30" tags="learnable,workbenchCrafting">
			<ingredient name="meleeToolAllSteelParts" count="4"/>
			<ingredient name="meleeToolAxeT3ChainsawParts" count="1"/>
			<ingredient name="resourcePaper" count="4"/>
			<ingredient name="resourceFeather" count="2"/>
			<ingredient name="resourceSewingKit" count="1"/>
		</recipe>
		<recipe name="clubsSkillMagazine" count="1" craft_area="workbench" craft_time="30" tags="learnable,workbenchCrafting">
			<ingredient name="meleeWpnSledgeT3SteelSledgehammerParts" count="1"/>
			<ingredient name="resourcePaper" count="4"/>
			<ingredient name="resourceFeather" count="2"/>
			<ingredient name="resourceSewingKit" count="1"/>
		</recipe>
		<recipe name="knucklesSkillMagazine" count="1" craft_area="workbench" craft_time="30" tags="learnable,workbenchCrafting">
			<ingredient name="meleeWpnKnucklesT3SteelKnucklesParts" count="1"/>
			<ingredient name="resourcePaper" count="4"/>
			<ingredient name="resourceFeather" count="2"/>
			<ingredient name="resourceSewingKit" count="1"/>
		</recipe>
		<recipe name="bladesSkillMagazine" count="1" craft_area="workbench" craft_time="30" tags="learnable,workbenchCrafting">
			<ingredient name="meleeWpnBladeT3MacheteParts" count="1"/>			
			<ingredient name="resourcePaper" count="4"/>
			<ingredient name="resourceFeather" count="2"/>
			<ingredient name="resourceSewingKit" count="1"/>
		</recipe>
		<recipe name="clubsSkillMagazine" count="1" craft_area="workbench" craft_time="30" tags="learnable,workbenchCrafting">
			<ingredient name="meleeWpnClubT3SteelClubParts" count="1"/>
			<ingredient name="resourcePaper" count="4"/>
			<ingredient name="resourceFeather" count="2"/>
			<ingredient name="resourceSewingKit" count="1"/>
		</recipe>
		<recipe name="sledgehammersSkillMagazine" count="1" craft_area="workbench" craft_time="30" tags="learnable,workbenchCrafting">
			<ingredient name="meleeWpnSledgeT3SteelSledgehammerParts" count="1"/>
			<ingredient name="resourcePaper" count="4"/>
			<ingredient name="resourceFeather" count="2"/>
			<ingredient name="resourceSewingKit" count="1"/>
		</recipe>
		<recipe name="spearsSkillMagazine" count="1" craft_area="workbench" craft_time="30" tags="learnable,workbenchCrafting">
			<ingredient name="meleeWpnSpearT3SteelSpearParts" count="1"/>
			<ingredient name="resourcePaper" count="4"/>
			<ingredient name="resourceFeather" count="2"/>
			<ingredient name="resourceSewingKit" count="1"/>
		</recipe>
		<recipe name="bowsSkillMagazine" count="1" craft_area="workbench" craft_time="30" tags="learnable,workbenchCrafting">
			<ingredient name="gunBowT1WoodenBowParts" count="2"/>
			<ingredient name="resourcePaper" count="4"/>
			<ingredient name="resourceFeather" count="2"/>
			<ingredient name="resourceSewingKit" count="1"/>
		</recipe>
		<recipe name="bowsSkillMagazine" count="1" craft_area="workbench" craft_time="30" tags="learnable,workbenchCrafting">
			<ingredient name="gunBowT1WoodenBowParts" count="2"/>
			<ingredient name="resourcePaper" count="4"/>
			<ingredient name="resourceFeather" count="2"/>
			<ingredient name="resourceSewingKit" count="1"/>
		</recipe>
		<recipe name="handgunsSkillMagazine" count="1" craft_area="workbench" craft_time="30" tags="learnable,workbenchCrafting">
			<ingredient name="gunHandgunT1PistolParts" count="2"/>
			<ingredient name="resourcePaper" count="4"/>
			<ingredient name="resourceFeather" count="2"/>
			<ingredient name="resourceSewingKit" count="1"/>
		</recipe>
		<recipe name="shotgunsSkillMagazine" count="1" craft_area="workbench" craft_time="30" tags="learnable,workbenchCrafting">
			<ingredient name="gunShotgunT1DoubleBarrelParts" count="2"/>
			<ingredient name="resourcePaper" count="4"/>
			<ingredient name="resourceFeather" count="2"/>
			<ingredient name="resourceSewingKit" count="1"/>
		</recipe>
		<recipe name="riflesSkillMagazine" count="1" craft_area="workbench" craft_time="30" tags="learnable,workbenchCrafting">
			<ingredient name="gunRifleT1HuntingRifleParts" count="2"/>
			<ingredient name="resourcePaper" count="4"/>
			<ingredient name="resourceFeather" count="2"/>
			<ingredient name="resourceSewingKit" count="1"/>
		</recipe>
		<recipe name="machineGunsSkillMagazine" count="1" craft_area="workbench" craft_time="30" tags="learnable,workbenchCrafting">
			<ingredient name="gunMGT1AK47Parts" count="2"/>
			<ingredient name="resourcePaper" count="4"/>
			<ingredient name="resourceFeather" count="2"/>
			<ingredient name="resourceSewingKit" count="1"/>
		</recipe>
		<recipe name="explosivesSkillMagazine" count="1" craft_area="workbench" craft_time="30" tags="learnable,workbenchCrafting">
			<ingredient name="resourceGunPowder" count="500"/><!--Polvora?-->
			<ingredient name="resourcePaper" count="4"/>
			<ingredient name="resourceFeather" count="2"/>
			<ingredient name="resourceSewingKit" count="1"/>
		</recipe>
		<recipe name="roboticsSkillMagazine" count="1" craft_area="workbench" craft_time="30" tags="learnable,workbenchCrafting">
			<ingredient name="gunBotRoboticsParts" count="2"/>
			<ingredient name="resourcePaper" count="4"/>
			<ingredient name="resourceFeather" count="2"/>
			<ingredient name="resourceSewingKit" count="1"/>
		</recipe>
		<recipe name="armorSkillMagazine" count="1" craft_area="workbench" craft_time="30" tags="learnable,workbenchCrafting">
			<ingredient name="armorMilitarySetParts" count="4"/>
			<ingredient name="resourcePaper" count="4"/>
			<ingredient name="resourceFeather" count="2"/>
			<ingredient name="resourceSewingKit" count="1"/>
		</recipe>
		<recipe name="armorSkillMagazine" count="1" craft_area="workbench" craft_time="30" tags="learnable,workbenchCrafting">
			<ingredient name="armorSteelSetParts" count="4"/>
			<ingredient name="resourcePaper" count="4"/>
			<ingredient name="resourceFeather" count="2"/>
			<ingredient name="resourceSewingKit" count="1"/>
		</recipe>
		<recipe name="medicalSkillMagazine" count="1" craft_area="workbench" craft_time="30" tags="learnable,workbenchCrafting">
			<ingredient name="medicalBandage" count="3"/><!--vendas?-->
			<ingredient name="resourcePaper" count="4"/>
			<ingredient name="resourceFeather" count="2"/>
			<ingredient name="resourceSewingKit" count="1"/>
		</recipe>
		<recipe name="foodSkillMagazine" count="1" craft_area="workbench" craft_time="30" tags="learnable,workbenchCrafting">
			<ingredient name="toolCookingPot" count="2"/><!--agua/cookingpot??-->
			<ingredient name="resourcePaper" count="4"/>
			<ingredient name="resourceFeather" count="2"/>
			<ingredient name="resourceSewingKit" count="1"/>
		</recipe>
		<recipe name="seedSkillMagazine" count="1" craft_area="workbench" craft_time="30" tags="learnable,workbenchCrafting">
			<ingredient name="farmPlotBlockVariantHelper" count="2"/><!--farmplot?-->
			<ingredient name="resourcePaper" count="4"/>
			<ingredient name="resourceFeather" count="2"/>
			<ingredient name="resourceSewingKit" count="1"/>
		</recipe>
		<recipe name="electricianSkillMagazine" count="1" craft_area="workbench" craft_time="30" tags="learnable,workbenchCrafting">
			<ingredient name="resourceElectricParts" count="30"/><!--partes electricas-->
			<ingredient name="resourcePaper" count="4"/>
			<ingredient name="resourceFeather" count="2"/>
			<ingredient name="resourceSewingKit" count="1"/>
		</recipe>
		<recipe name="trapsSkillMagazine" count="1" craft_area="workbench" craft_time="30" tags="learnable,workbenchCrafting">
			<ingredient name="resourceScrapBrass" count="500"/><!--Laton??-->
			<ingredient name="resourcePaper" count="4"/>
			<ingredient name="resourceFeather" count="2"/>
			<ingredient name="resourceSewingKit" count="1"/>
		</recipe>
		<recipe name="workstationSkillMagazine" count="1" craft_area="workbench" craft_time="30" tags="learnable,workbenchCrafting">
			<ingredient name="resourceForgedIron" count="5"/><!--hierro?-->
			<ingredient name="resourcePaper" count="4"/>
			<ingredient name="resourceFeather" count="2"/>
			<ingredient name="resourceSewingKit" count="1"/>
		</recipe>
		<recipe name="vehiclesSkillMagazine" count="1" craft_area="workbench" craft_time="30" tags="learnable,workbenchCrafting">
			<ingredient name="resourceRepairKit" count="2"/><!--repairKits/gasolina-->
			<ingredient name="resourcePaper" count="4"/>
			<ingredient name="resourceFeather" count="2"/>
			<ingredient name="resourceSewingKit" count="1"/>
		</recipe>		
	</append>
</MalenEI>