<config>
	<!-- ▼▲▼▲▼▲▼▲▼▲▼▲▼▲▼▲▼▲ flashlight stack change ▼▲▼▲▼▲▼▲▼▲▼▲▼▲▼▲▼▲ -->
		<append xpath="/items/item[@name='meleeToolFlashlight02']">
			<property name="Stacknumber" value="50"/> <!-- STK torch -->
		</append>
	<!-- ▼▲▼▲▼▲▼▲▼▲▼▲▼▲▼▲▼▲▼▲▼▲▼▲▼▲▼▲▼▲▼▲▼▲▼▲▼▲▼▲▼▲▼▲▼▲▼▲▼▲▼▲▼▲▼▲▼▲▼▲▼ -->
	<!-- Drinks y Food-->
	<set xpath="/items/item[starts-with(@name, 'food')]/property[@name='Stacknumber']/@value">100</set>
	<set xpath="/items/item[starts-with(@name, 'foodCrop')]/property[@name='Stacknumber']/@value">500</set>
	<set xpath="/items/item[@name='foodRawMeat']/property[@name='Stacknumber']/@value">500</set>	<!-- Default 250 -->
	<set xpath="/items/item[@name='foodRottingFlesh']/property[@name='Stacknumber']/@value">500</set>
	<set xpath="/items/item[starts-with(@name, 'foodCan')]/property[@name='Stacknumber']/@value">50</set>	
	<set xpath="/items/item[starts-with(@name, 'drink')]/property[@name='Stacknumber']/@value">100</set>

	<!--<set xpath="/items/item[@name='drinkJarEmpty']/property[@name='Stacknumber']/@value">500</set>	 Default 125 -->
	
	<set xpath="/items/item[@name='drinkJarRiverWater']/property[@name='Stacknumber']/@value">500</set>	<!-- Default 125 -->
	
	<!--<set xpath="/items/item[@name='drinkCanEmpty']/property[@name='Stacknumber']/@value">1000</set>	 Default ? -->
	
	<set xpath="/items/item[@name='foodHoney']/property[@name='Stacknumber']/@value">30</set>	<!-- Default 10 -->

	<!-- Health -->
	<set xpath="/items/item[starts-with(@name, 'medical')]/property[@name='Stacknumber']/@value">50</set>
	<set xpath="/items/item[starts-with(@name, 'drug')]/property[@name='Stacknumber']/@value">30</set>

	<!-- Magazines & Schematics -->
	<set xpath="/items/item[@name='schematicMaster']/property[@name='Stacknumber']/@value">50</set>	<!-- Default 1 -->

	<!-- Ammo -->
	<set xpath="/items/item[starts-with(@name, 'ammo')]/property[@name='Stacknumber']/@value">1000</set>
	<set xpath="/items/item[@name='ammoRocketHE']/property[@name='Stacknumber']/@value">50</set>	<!-- Default 20 -->	
	<set xpath="/items/item[@name='thrownAmmoPipeBomb']/property[@name='Stacknumber']/@value">100</set>
	<set xpath="/items/item[@name='thrownGrenadeContact']/property[@name='Stacknumber']/@value">100</set>
	<set xpath="/items/item[@name='thrownTimedCharge']/property[@name='Stacknumber']/@value">100</set>
	<set xpath="/items/item[@name='thrownDynamite']/property[@name='Stacknumber']/@value">100</set>
	<set xpath="/items/item[@name='thrownAmmoMolotovCocktail']/property[@name='Stacknumber']/@value">100</set>
	<set xpath="/items/item[@name='ammoJunkTurretRegular']/property[@name='Stacknumber']/@value">5000</set>
	<set xpath="/items/item[@name='ammoGasCan']/property[@name='Stacknumber']/@value">10000</set>
	<!-- Resources -->	
	<set xpath="/items/item[starts-with(@name, 'resource')]/property[@name='Stacknumber']/@value">10000</set>
	<set xpath="/items/item[@name='resourceClayLump']/property[@name='Stacknumber']/@value">15000</set>	
	<!--<set xpath="/items/item[@name='resourceRockSmall']/property[@name='Stacknumber']/@value">10000</set>
	<set xpath="/items/item[@name='resourceCrushedSand']/property[@name='Stacknumber']/@value">10000</set>
	<set xpath="/items/item[@name='resourceOilShale']/property[@name='Stacknumber']/@value">10000</set>
	<set xpath="/items/item[@name='resourceScrapIron']/property[@name='Stacknumber']/@value">10000</set>
	<set xpath="/items/item[@name='resourceScrapLead']/property[@name='Stacknumber']/@value">10000</set>	
	<set xpath="/items/item[@name='resourceCoal']/property[@name='Stacknumber']/@value">10000</set>	
	<set xpath="/items/item[@name='resourcePotassiumNitratePowder']/property[@name='Stacknumber']/@value">10000</set>		
	<set xpath="/items/item[@name='resourceBulletTip']/property[@name='Stacknumber']/@value">10000</set>
	<set xpath="/items/item[@name='resourceBulletCasing']/property[@name='Stacknumber']/@value">10000</set>
	<set xpath="/items/item[@name='resourceBuckshot']/property[@name='Stacknumber']/@value">10000</set>	
	<set xpath="/items/item[@name='resourceGunPowder']/property[@name='Stacknumber']/@value">10000</set>
	<set xpath="/items/item[@name='resourceCement']/property[@name='Stacknumber']/@value">10000</set>
	<set xpath="/items/item[@name='resourceCobblestones']/property[@name='Stacknumber']/@value">10000</set>
	<set xpath="/items/item[@name='resourceConcreteMix']/property[@name='Stacknumber']/@value">10000</set>-->	
	<set xpath="/items/item[@name='resourceMechanicalParts']/property[@name='Stacknumber']/@value">5000</set>
	<set xpath="/items/item[@name='resourceElectricParts']/property[@name='Stacknumber']/@value">5000</set>
	<set xpath="/items/item[@name='resourceScrapPolymers']/property[@name='Stacknumber']/@value">5000</set>
	<set xpath="/items/item[@name='resourceFeather']/property[@name='Stacknumber']/@value">5000</set>
	<set xpath="/items/item[@name='resourceSnowBall']/property[@name='Stacknumber']/@value">5000</set>
	<set xpath="/items/item[@name='resourceBone']/property[@name='Stacknumber']/@value">5000</set>
	<set xpath="/items/item[@name='resourceDuctTape']/property[@name='Stacknumber']/@value">5000</set>
	<set xpath="/items/item[@name='resourceMetalPipe']/property[@name='Stacknumber']/@value">5000</set>	
	<set xpath="/items/item[@name='resourceNail']/property[@name='Stacknumber']/@value">5000</set>
	<set xpath="/items/item[@name='resourceLeather']/property[@name='Stacknumber']/@value">5000</set>
	<set xpath="/items/item[@name='resourceCloth']/property[@name='Stacknumber']/@value">5000</set>
	<set xpath="/items/item[@name='resourcePaint']/property[@name='Stacknumber']/@value">5000</set>
	<set xpath="/items/item[@name='resourceTestosteroneExtract']/property[@name='Stacknumber']/@value">250</set>
	<set xpath="/items/item[@name='resourceRadiator']/property[@name='Stacknumber']/@value">250</set>
	<!-- <set xpath="/items/item[@name='resourceMilitaryFiber']/property[@name='Stacknumber']/@value">500</set> -->
	<set xpath="/items/item[@name='resourceCropHopsFlower']/property[@name='Stacknumber']/@value">500</set>
	<set xpath="/items/item[@name='resourceCropGoldenrodPlant']/property[@name='Stacknumber']/@value">500</set>
	<set xpath="/items/item[@name='resourceCropCottonPlant']/property[@name='Stacknumber']/@value">500</set>
	<set xpath="/items/item[@name='resourceCropChrysanthemumPlant']/property[@name='Stacknumber']/@value">500</set>		
	<set xpath="/items/item[@name='resourceCropCoffeeBeans']/property[@name='Stacknumber']/@value">500</set>
	<set xpath="/items/item[@name='resourceCropAloeLeaf']/property[@name='Stacknumber']/@value">500</set>
	<set xpath="/items/item[@name='foodCropGraceCorn']/property[@name='Stacknumber']/@value">200</set>
	<set xpath="/items/item[@name='resourceHeadlight']/property[@name='Stacknumber']/@value">500</set>
	<set xpath="/items/item[@name='resourceAcid']/property[@name='Stacknumber']/@value">500</set>
	<set xpath="/items/item[@name='resourceOil']/property[@name='Stacknumber']/@value">1000</set>	
	<set xpath="/items/item[@name='resourceRepairKit']/property[@name='Stacknumber']/@value">1000</set>
	<set xpath="/items/item[@name='resourceSewingKit']/property[@name='Stacknumber']/@value">1000</set>	
	<set xpath="/items/item[@name='resourceLockPick']/property[@name='Stacknumber']/@value">1000</set>
	<set xpath="/items/item[@name='resourceCandleStick']/property[@name='Stacknumber']/@value">2000</set>
	<set xpath="/items/item[@name='resourceDoorKnob']/property[@name='Stacknumber']/@value">2000</set>
	<set xpath="/items/item[@name='resourceFishingWeight']/property[@name='Stacknumber']/@value">2000</set>
	<set xpath="/items/item[@name='resourceTrophy1']/property[@name='Stacknumber']/@value">2000</set>
	<set xpath="/items/item[@name='resourceTrophy2']/property[@name='Stacknumber']/@value">2000</set>
	<set xpath="/items/item[@name='resourceGlue']/property[@name='Stacknumber']/@value">2500</set>
	<set xpath="/items/item[@name='resourceRocketTip']/property[@name='Stacknumber']/@value">2500</set>
	<set xpath="/items/item[@name='resourceRocketCasing']/property[@name='Stacknumber']/@value">2500</set>
	<set xpath="/items/item[@name='resourceSpring']/property[@name='Stacknumber']/@value">2500</set>
	<set xpath="/items/item[@name='resourceAnimalFat']/property[@name='Stacknumber']/@value">2500</set>			
	<set xpath="/items/item[@name='resourceForgedSteel']/property[@name='Stacknumber']/@value">3000</set>
	<set xpath="/items/item[@name='resourceForgedIron']/property[@name='Stacknumber']/@value">3000</set>
	
	<!-- Extras -->
	<set xpath="/items/item[@name='meleeToolWireTool']/property[@name='Stacknumber']/@value">50</set>
	<set xpath="/items/item[@name='smallEngine']/property[@name='Stacknumber']/@value">20</set>
	<set xpath="/items/item[@name='gunMGT1AK47Parts']/property[@name='Stacknumber']/@value">500</set>
	<set xpath="/items/item[@name='toolBeaker']/property[@name='Stacknumber']/@value">50</set>	

	<!-- Bundles -->
	<set xpath="/items/item[@name='resourceRockSmallBundle']/property[@name='Stacknumber']/@value">100</set><!-- Default 5 -->
	<set xpath="/items/item[@name='ammoBundle9mmBulletBall']/property[@name='Stacknumber']/@value">100</set><!-- Default 5 -->
	<set xpath="/items/item[@name='resourceLockPickBundle']/property[@name='Stacknumber']/@value">100</set><!-- Default 5 -->

</config>
