<configs>
    <append xpath="/controls">
        <textEntry>
            <rect height="123" disabled_font_color="[disabledLabelColor]" enabled_font_color="[labelColor]" sound="[recipe_click]" sound_play_on_hover="[default_hover]">
                <sprite depth="3" name="border" sprite="menu_empty3px" width="${width}" height="${6+height}" color="[black]" type="sliced" fillcenter="false" globalopacity="true" globalopacitymod="2" />
                <sprite depth="2" name="background" width="${width-2}" height="${height}" pos="2,-3" color="[darkGrey]" type="sliced" />
                <sprite depth="5" name="uIcon" color="${tIconC}" width="36" height="36" sprite="${txtIcon}" pos="5,-5" foregroundlayer="true"/>
                <label depth="4" name="Name" pos="40,-46" width="${width-72}" height="${height-46}" text_key="${txt2}" font_size="28" justify="${justTxt}"/>
            </rect>
        </textEntry>

        <simplebutton2 depth="3" pos="0,0" width="350" height="32" enabled_font_color="[labelColor]" disabled_font_color="[disabledLabelColor]" visible="true" enabled="true" bordersprite="menu_empty2px" bordercolor="[black]" pivot="left" defaultsprite="menu_empty" defaultcolor="[mediumGrey]" hoversprite="ui_game_select_row" hovercolor="[white]" selectedsprite="ui_game_select_row" selectedcolor="[mediumGrey]" foregroundlayer="true" tooltip_key="" sound="[default_click]" justify="center" caption="" caption_key="" font_size="28" upper_case="false" parse_actions="false">
            <rect name="${name}" depth="${depth}" pos="${pos}" width="${width}" height="${height}" enabled_font_color="${enabled_font_color}" disabled_font_color="${disabled_font_color}" controller="SimpleButton" visible="${visible}" button_enabled="${enabled}">
                <sprite depth="3" name="border" sprite="menu_empty3px" color="[black]" type="sliced" globalopacity="true" globalopacitymod="2" fillcenter="false"/>
                <sprite depth="5" name="uIcon" color="${iconC}" width="36" height="36" sprite="${buttonIcon}" pos="4,-5" foregroundlayer="true"/>
                <button name="clickable" pos="0,${Round(-height/2,0)}" sprite="${defaultsprite}" defaultcolor="${defaultcolor}" disabledcolor="[darkGrey]" hoversprite="${hoversprite}" hovercolor="${hovercolor}" selectedsprite="${selectedsprite}" selectedcolor="${selectedcolor}" foregroundlayer="${foregroundlayer}" type="sliced" hoverscale="1.0" pivot="${pivot}" tooltip_key="${tooltip_key}" sound_play_on_hover="[default_hover]" sound="${sound}" />
                <label depth="2" name="btnLabel" width="${width-69}" height="30" pos="38,${Round(-height/2,0)}" justify="${justify}" text="${caption}" text_key="${caption_key}" effect="outline" pivot="${pivot}" font_size="${font_size}" upper_case="${upper_case}" parse_actions="${parse_actions}" />
                <!--<label depth="2" name="btnLabel" pos="4,-10" width="292" height="30" text_key="${caption_key}" font_size="28" justify="center" text="${caption}" effect="outline" pivot="${pivot}" font_size="${font_size}" upper_case="${upper_case}" parse_actions="${parse_actions}" />-->
            </rect>
        </simplebutton2>



        <shop_header>
            <rect depth="4" name="header" width="660" height="38">
                <rect depth="2" width="40" height="36" pos="2,0">
                    <sprite depth="2" name="backgroundMain" sprite="menu_empty3px" pos="-2,2" width="44" height="41" color="[black]" type="sliced" fillcenter="false" />
                    <sprite color="[darkGrey]" type="sliced" />
                    <label depth="3" text="ID" text_key="ID" pos="3,-6" width="34" height="26" font_size="26" justify="center" />
                </rect>
                <rect depth="2" width="310" height="36" pos="42,0">
                    <sprite depth="2" name="backgroundMain" sprite="menu_empty3px" pos="-2,2" width="314" height="41" color="[black]" type="sliced" fillcenter="false" />
                    <sprite color="[darkGrey]" type="sliced" />
                    <label depth="3" text="ITEM" text_key="ITEM" pos="3,-6" width="304" height="26" font_size="26" justify="center"/>
                </rect>
                <rect depth="2" width="100" height="36" pos="352,0">
                    <sprite depth="2" name="backgroundMain" sprite="menu_empty3px" pos="-2,2" width="104" height="41" color="[black]" type="sliced" fillcenter="false" />
                    <sprite color="[darkGrey]" type="sliced" />
                    <label depth="3" text="CANTIDAD" text_key="CANTIDAD" pos="3,-6" width="94" height="26" font_size="26" justify="center"/>
                </rect>
                <rect depth="2" width="100" height="36" pos="452,0">
                    <sprite depth="2" name="backgroundMain" sprite="menu_empty3px" pos="-2,2" width="104" height="41" color="[black]" type="sliced" fillcenter="false" />
                    <sprite color="[darkGrey]" type="sliced" />
                    <label depth="3" text="PRECIO" text_key="PRECIO" pos="3,-6" width="94" height="26" font_size="26" justify="center" />
                </rect>
                <rect depth="2" width="100" height="36" pos="552,0">
                    <sprite depth="2" name="backgroundMain" sprite="menu_empty3px" pos="-2,2" width="104" height="41" color="[black]" type="sliced" fillcenter="false" />
                    <sprite color="[darkGrey]" type="sliced" />
                    <label depth="3" text="COMANDO" text_key="COMANDO" pos="3,-6" width="94" height="26" font_size="26" justify="center"/>
                </rect>
            </rect>
        </shop_header>
        <shop_row>
            <rect name="row" width="660" height="30" pos="0,${posty}">
                <rect depth="2" width="40" height="28" pos="2,0">
                    <sprite depth="2" name="backgroundMain" sprite="menu_empty3px" pos="-2,2" width="44" height="31" color="[black]" type="sliced" fillcenter="false" />
                    <sprite color="[lightGrey]" type="sliced" />
                    <label depth="3" text="ID" text_key="${itxt}" pos="3,-6" width="34" height="18" font_size="26" justify="center" />
                </rect>
                <rect depth="2" width="310" height="28" pos="42,0">
                    <sprite depth="2" name="backgroundMain" sprite="menu_empty3px" pos="-2,2" width="314" height="31" color="[black]" type="sliced" fillcenter="false" />
                    <sprite color="[lightGrey]" type="sliced" />
                    <label depth="3" text="ITEM" text_key="${otxt}" pos="3,-6" width="304" height="18" font_size="26" justify="center"/>
                </rect>
                <rect depth="2" width="100" height="28" pos="352,0">
                    <sprite depth="2" name="backgroundMain" sprite="menu_empty3px" pos="-2,2" width="104" height="31" color="[black]" type="sliced" fillcenter="false" />
                    <sprite color="[lightGrey]" type="sliced" />
                    <label depth="3" text="CANTIDAD" text_key="${ctxt}" pos="3,-6" width="94" height="18" font_size="26" justify="center"/>
                </rect>
                <rect depth="2" width="100" height="28" pos="452,0">
                    <sprite depth="2" name="backgroundMain" sprite="menu_empty3px" pos="-2,2" width="104" height="31" color="[black]" type="sliced" fillcenter="false" />
                    <sprite color="[lightGrey]" type="sliced" />
                    <label depth="3" text="PRECIO" text_key="${ptxt}" pos="3,-6" width="94" height="18" font_size="26" justify="center" />
                </rect>
                <rect depth="2" width="100" height="28" pos="552,0">
                    <sprite depth="2" name="backgroundMain" sprite="menu_empty3px" pos="-2,2" width="104" height="31" color="[black]" type="sliced" fillcenter="false" />
                    <sprite color="[lightGrey]" type="sliced" />
                    <label depth="3" text="COMANDO" text_key="${utxt}" pos="3,-6" width="94" height="18" font_size="26" justify="center"/>
                    <!-- <textfield depth="3" text="/buy1" text_key="/buy1" value="/buy1" valuecontent="/buy1" pos="3,-6" width="94" height="18" font_size="26" justify="center"/> -->
                </rect>
            </rect>
        </shop_row>


    </append>

</configs>