<!-- - - - - - - - - - - -
#########################
####### H7SB HUD ########
### 7 Days to Die Mod ###
#########################
####### Eihwaz © ########
##### www.eihwaz.de #####F
#### CC BY-NC-ND-SA #####
#########################
- - - - - - - - - - - -->
<eihwaz.de>
    <append xpath="/controls/item_stack">
        <sprite depth="19" pos="0,0" height="13" width="13" color="[black]" type="sliced" foregroundlayer="true" />
		<label depth="20" name="slot#" pos="5,0" width="10" height="12" text_key="${txtNum}" font_size="12" color="" />
    </append>
    <append xpath="/controls">
        <h7sbParty_entry>
            <rect width="200" height="42" controller="PartyEntry" visible="{partyvisible}" default_health_color="255,0,0,194" twitch_health_color="100,65,165,128">
                <rect>
                    <sprite depth="1" name="border" color="0,0,0,128" type="sliced"/>
                    <sprite depth="2" name="background" color="0,0,0" type="sliced" />
                    <sprite depth="1" name="border" color="0,0,0,255" type="sliced" fillcenter="false"/>
                    <filledsprite depth="5" name="BarHealth" color="{healthcolor}" width="199" height="40" pos="1,-1" type="filled" fill="{healthfill}" />
                    <filledsprite depth="3" name="BarHealthModifiedMax" color="110,110,110,128" width="199" type="filled" fill="{healthmodifiedmax}" />
                    <filledsprite depth="3" name="BarHealthModifiedMax" color="0,0,0,255" fillcenter="false" type="filled" fill="{healthmodifiedmax}" />
                    <filledsprite depth="8" name="BarHealthModifiedMax" color="0,0,0,255" fillcenter="false" type="filled" fill="{healthmodifiedmax}" />
                </rect>                
                <rect>
                    <sprite pos="135,-3" depth="8" name="icon2" style="icon30px" sprite="{icon2}" visible="{showicon2}" />
                    <sprite pos="167,-3" depth="8" name="icon1" style="icon30px" sprite="ui_game_symbol_twitch_leaderboard" color="255,255,255,128" visible="{showicon1}" />
                    <label depth="6" name="TextContent" pos="30, -10" font_size="24" color="{(number(replace(distance, '  m', '')) > 100 ? '0,255,255' : '0,0,0')}" justify="left" pivot="topleft" text="{name} {level}" height="30" width="100" effect="outline" effect_distance="1,1" effect_color="0,0,0,255"/>
                    <label depth="6" name="TextContent" pos="202,-24" font_size="20" color="{distancecolor}" pivot="topleft" text="{distance}" height="30" effect="outline" effect_distance="1,1" effect_color="0,0,0,255"/>
                    <sprite depth="8" name="arrowContent" style="icon22px" pos="220,-14" size="16,16" sprite="ui_game_symbol_map_player_arrow" visible="{showarrow}" pivot="center" color="{arrowcolor}" />
                    <sprite depth="8" name="voiceStatus" style="icon22px" pos="15,-22" sprite="ui_game_symbol_noise" size="18,18" visible="{voicevisible}" pivot="center" color="{# voicemuted ? '200,0,0,255' : (voiceactive ? '255,255,255,255' : '128,128,128,255') }" />
                </rect>
            </rect>
        </h7sbParty_entry>
    </append>
    
    <append xpath="/controls">
        
    </append>
</eihwaz.de> 