<!-- - - - - - - - - - - -
#########################
####### H7SB HUD ########
### 7 Days to Die Mod ###
#########################
####### Eihwaz © ########
##### www.eihwaz.de #####
#### CC BY-NC-ND-SA #####
#########################
- - - - - - - - - - - -->
<eihwaz.de>
    <remove xpath="/windows/window[@name='windowCompass']"/>
    <append xpath="/windows">
        <window name="windowCompass" anchor="CenterTop" pos="-240,-9" width="480" height="43" controller="CompassWindow" visible="{cvar(noCompass:false;true;true)}">
            <sprite depth="0" sprite="ui_game_header_fill" pos="47,0" width="386" height="43" type="sliced" color="150,150,150,150" />
            <sprite depth="1" sprite="ui_game_header_fill" pos="50,-3" width="380" height="37" type="sliced" color="50,50,50,220" />
            <texture depth="8" texture="Textures/UI/Compass/overlay-{gamelanguage}" pos="50, -12" width="380" height="27" color="[iconColor]" name="compassTexture3" rect_size="0.25,1" rect_offset="{#compass_rotation / 360 + 0.0625 - 0.125},0" />
            <texture name="marker" depth="5" pos="225,-1" size="32,42" texture="@https://github.com/EihwazDE/resources/blob/main/H7SB_HUD+/compass_marker.png?raw=true" color="[darkGrey]"/>
            <sprite pos="85,-60" sprite="" height="40" width="120" color="255,255,255,255" globalopacitymod="1.8" upper_case="true">
                <label depth="2" name="date" pos="5,0" font_size="20" crispness="Never" effect="outline" effect_distance="1,1" effect_color="0,0,0,255" pivot="center" justify="center" text="{daytitle}: [{daycolor}]{day}"/>
                <label depth="2" name="time" pos="95,0" font_size="20" crispness="Never" effect="outline" effect_distance="1,1" effect_color="0,0,0,255" pivot="center" justify="center" text="{timetitle}: {time}"/>
                <label depth="2" name="elevation" pos="180,0" font_size="20" crispness="Never" effect="outline" effect_distance="1,1" effect_color="0,0,0,255" pivot="center" justify="center" controller="MapStats" text="{mapelevation} M"/>
                <label depth="2" name="temperature" pos="280 ,0" font_size="20" crispness="Never" effect="outline" effect_distance="1,1" effect_color="0,0,0,255" pivot="center" justify="center" controller="MapStats" text="{maptemperature} ({playercoretemp})"/>
            </sprite>
        </window>
    </append>
    <remove xpath="/windows/window[@name='windowTargetBar']"/>
    <append xpath="/windows">
        <window name="windowTargetBar" controller="TargetBar" visibility="godmode">
            <rect pos="-200,-95" width="400" height="36" visible="{isnotboss}">
                <sprite depth="1" name="border" color="0,0,0,100" type="sliced" width="400" globalopacity="false"/>
                <filledsprite depth="2" name="BarContent" height="30" pos="2,-3" type="filled" color="255,0,0,194" width="396" fill="{fill}" globalopacity="false"/>
                <label depth="3" name="TextContent" pos="9,-4" font_size="24" color="[white]" justify="center" pivot="topleft" text="{name}:{currentwithmax}" height="30" effect="outline" effect_distance="1,1" effect_color="0,0,0,255"/>
                <sprite depth="8" name="border" sprite="menu_empty3px" color="[black]" type="sliced" fillcenter="false"/>
            </rect>
            <rect pos="-267,-95" width="725" height="25" visible="{isboss}">
                <sprite pos="60,-45" width="448" depth="1" name="border" color="0,0,0,255" type="sliced" globalopacity="false"/>
                <filledsprite pos="60,-45" width="448" depth="2" name="BarContent" type="filled" fill="{fill}" globalopacity="false" sprite="ui_game_symbol_twitch_boss_bar_HP" />
                <sprite depth="3" name="Icon" size="84,84" pos="45,-42" pivot="center" sprite="{boss_sprite}" globalopacity="false" />
                <sprite depth="4" name="overlay" width="517" height="84" type="sliced" globalopacity="false" sprite="ui_game_symbol_twitch_boss_bar" />
                <label depth="5" name="TextContent" pos="100,-13" font_size="30" color="[white]" justify="left" pivot="topleft" text="{name}" height="30" effect="Outline8" effect_color="0,0,0,255" effect_distance="2,2"/>
                <label depth="5" name="MinionCount" pos="482,-13" font_size="30" color="[white]" justify="left" pivot="topleft" text="x{minioncount}" height="30" effect="Outline8" effect_color="0,0,0,255" effect_distance="2,2" />
            </rect>
        </window>
    </append>
    <set xpath="/windows/window[@name='toolTipPopups']/@pos">0,134</set>
    <remove xpath="/windows/window[@name='windowToolbelt']"/>
    <append xpath="/windows">
        <window name="windowToolbelt" width="753" height="78" depth="5" anchor="CenterBottom" pos="-187, 104" backgroundcolor="[black]" controller="ToolbeltWindow" visible="{toolbeltvisible}" cursor_area="true" xp_fill_speed="2.5">            <!--108-->
            <rect name="toolbelt" pos="-189,0">
                <sprite depth="8" name="backgroundMain" sprite="menu_empty3px" color="[black]" type="sliced" fillcenter="false" on_press="true" />
                <rect pos="3,-3" controller="Toolbelt">
                    <grid depth="10" name="inventory" rows="1" cols="10" pos="0,0" cell_width="75" cell_height="75" repeat_content="true">
                        <item_stack name="0"/>
                    </grid>
                    <grid depth="10" name="inventory2" rows="1" cols="5" pos="753,0" cell_width="75" cell_height="75" repeat_content="true" visible="{secondrow}">
                        <item_stack name="0"/>
                    </grid>
                    <grid depth="10" name="inventory3" rows="1" cols="5" pos="-381,0" cell_width="75" cell_height="75" repeat_content="true" visible="{secondrow}">
                        <item_stack name="0"/>
                    </grid>
                    <grid depth="16" pos="78,-3" rows="1" cols="10" cell_width="75" cell_height="70" repeat_content="false">
                        <label name="Slot1" depth="20" size="22,22" text="1" font_size="18" color="[white]" crispness="Never" effect="outline" effect_distance="1,1" effect_color="0,0,0,255" pivot="center" />
                        <label name="Slot2" depth="20" size="22,22" text="2" font_size="18" color="[white]" crispness="Never" effect="outline" effect_distance="1,1" effect_color="0,0,0,255" pivot="center" />
                        <label name="Slot3" depth="20" size="22,22" text="3" font_size="18" color="[white]" crispness="Never" effect="outline" effect_distance="1,1" effect_color="0,0,0,255" pivot="center" />
                        <label name="Slot4" depth="20" size="22,22" text="4" font_size="18" color="[white]" crispness="Never" effect="outline" effect_distance="1,1" effect_color="0,0,0,255" pivot="center" />
                        <label name="Slot5" depth="20" size="22,22" text="5" font_size="18" color="[white]" crispness="Never" effect="outline" effect_distance="1,1" effect_color="0,0,0,255" pivot="center" />
                        <label name="Slot1" depth="20" size="22,22" text="6" font_size="18" color="[white]" crispness="Never" effect="outline" effect_distance="1,1" effect_color="0,0,0,255" pivot="center" />
                        <label name="Slot2" depth="20" size="22,22" text="7" font_size="18" color="[white]" crispness="Never" effect="outline" effect_distance="1,1" effect_color="0,0,0,255" pivot="center" />
                        <label name="Slot3" depth="20" size="22,22" text="8" font_size="18" color="[white]" crispness="Never" effect="outline" effect_distance="1,1" effect_color="0,0,0,255" pivot="center" />
                        <label name="Slot4" depth="20" size="22,22" text="9" font_size="18" color="[white]" crispness="Never" effect="outline" effect_distance="1,1" effect_color="0,0,0,255" pivot="center" />
                        <label name="Slot5" depth="20" size="22,22" text="10" pos="-2,0" font_size="18" color="[white]" crispness="Never" effect="outline" effect_distance="1,1" pivot="center" />
                    </grid>
                </rect>
            </rect>
            <rect name="HUD">
                <rect>
                    <sprite depth="2" pos="-190,8" height="8" width="753" name="background" color="0,0,0,140" type="sliced" />
                    <sprite depth="9" pos="-190,8" height="8" width="753" color="[black]" sprite="menu_empty2px" type="sliced" fillcenter="false" />
                    <!--////--><sprite depth="4" pos="-188,6" height="6" width="750" color="{xpcolor}" type="filled" fill="{xp}" />
                </rect>
                <rect width="189" height="18" pos="0,107" controller="HUDStatBar" stat_type="Health" visible="{statvisible}">
                    <sprite depth="1" name="border" color="0,0,0,128" type="sliced"/>
                    <sprite depth="2" name="background" color="0,0,0,165" type="sliced" />
                    <filledsprite depth="3" name="background" color="110,110,110,128" width="188" type="filled" fill="{statmodifiedmax}" />
                    <filledsprite depth="5" width="185" height="13" pos="2,-2" name="BarContent" color="255,0,0,194" type="filled" fill="0" />
                    <sprite depth="8" name="border" sprite="menu_empty3px" color="[black]" type="sliced" fillcenter="false"/>
                    <filledsprite depth="8" name="background" color="0,0,0,255" width="188" fillcenter="false" type="filled" fill="{statmodifiedmax}" />
                    <filledsprite depth="3" name="background" color="0,0,0,255" width="188" fillcenter="false" type="filled" fill="{statmodifiedmax}" />
                    <label depth="7" name="TextContent" pos="0,-3" font_size="13" color="[white]" justify="center" pivot="topleft" text="{statcurrentwithmax}" height="35" effect="outline" effect_distance="1,1" effect_color="0,0,0,255"/>
                </rect>
                <rect width="191" height="18" pos="187,107" controller="HUDStatBar" stat_type="Stamina" visible="{statvisible}">
                    <sprite depth="1" name="border" color="0,0,0,128" type="sliced"/>
                    <sprite depth="2" name="background" color="0,0,0,165" type="sliced" />
                    <filledsprite depth="3" name="background" color="110,110,110,128" width="190" type="filled" fill="{statmodifiedmax}" />
                    <filledsprite depth="5" width="187" height="13" pos="2,-2" name="BarContent" color="255,223,0,194" type="filled" fill="0" />
                    <sprite depth="8" name="border" sprite="menu_empty3px" color="[black]" type="sliced" fillcenter="false"/>
                    <filledsprite depth="8" name="background" color="0,0,0,255" width="190" fillcenter="false" type="filled" fill="{statmodifiedmax}" />
                    <filledsprite depth="3" name="background" color="0,0,0,255" width="190" fillcenter="false" type="filled" fill="{statmodifiedmax}" />
                    <label depth="7" name="TextContent" pos="0,-3" font_size="13" color="[white]" justify="center" pivot="topleft" text="{statcurrentwithmax}" height="35" effect="outline" effect_distance="1,1" effect_color="0,0,0,255"/>
                </rect>
                <rect width="339" height="21" pos="-150,-78" controller="HUDStatBar" stat_type="Food" visible="{statvisible}">
                    <sprite depth="1" name="border" color="0,0,0,128" type="sliced"/>
                    <sprite depth="2" name="background" color="0,0,0,165" type="sliced" />
                    <filledsprite depth="3" name="background" color="64,64,64,100" width="338" type="filled" fill="{statmodifiedmax}" />
                    <filledsprite depth="5" width="335" height="16" pos="2,-2" name="BarContent" color="0,255,54,194" type="filled" fill="0" />
                    <sprite depth="8" name="border" sprite="menu_empty3px" color="[black]" type="sliced" fillcenter="false"/>
                    <filledsprite depth="8" name="background" color="0,0,0,255" width="338" fillcenter="false" type="filled" fill="{statmodifiedmax}" />
                    <filledsprite depth="3" name="background" color="0,0,0,255" width="338" fillcenter="false" type="filled" fill="{statmodifiedmax}" />
                    <sprite depth="7" name="Icon" atlas="{staticonatlas|once}" sprite="{staticon|once}" size="16,16" pos="4,-3" foregroundlayer="true"/>  
                    <label depth="7" name="TextContent" pos="0,-3" font_size="16" color="[white]" justify="center" pivot="topleft" text="{statcurrentwithmax}" height="35" effect="outline" effect_distance="1,1" effect_color="0,0,0,255"/>
                </rect>
                <rect width="341" height="21" pos="187,-78" controller="HUDStatBar" stat_type="Water" visible="{statvisible}">
                    <sprite depth="1" name="border" color="0,0,0,128" type="sliced"/>
                    <sprite depth="2" name="background" color="0,0,0,165" type="sliced" />
                    <filledsprite depth="3" name="background" color="110,110,110,128" width="340" type="filled" fill="{statmodifiedmax}" />
                    <filledsprite depth="5" width="337" height="16" pos="2,-2" name="BarContent" color="64,164,223,200" type="filled" fill="0" />
                    <sprite depth="8" name="border" sprite="menu_empty3px" color="[black]" type="sliced" fillcenter="false"/>
                    <filledsprite depth="8" name="background" color="0,0,0,255" width="340" fillcenter="false" type="filled" fill="{statmodifiedmax}" />
                    <filledsprite depth="3" name="background" color="0,0,0,255" width="340" fillcenter="false" type="filled" fill="{statmodifiedmax}" />
                    <sprite depth="7" name="Icon" atlas="{staticonatlas|once}" sprite="{staticon|once}" size="16,16" pos="4,-3" foregroundlayer="true"/>                   
                    <label depth="7" name="TextContent" pos="0,-3" font_size="16" color="[white]" justify="center" pivot="topleft" text="{statcurrentwithmax}" height="35" effect="outline" effect_distance="1,1" effect_color="0,0,0,255"/>
                </rect>                
                <rect size="35,35" pos="0,16" visible="{cvar(_crouching:true;false;false)}">
                    <rect width="377" height="8" controller="HUDStatBar" stat_type="Stealth">
                        <sprite depth="1" name="border" color="0,0,0,150" height="8" type="sliced" />
                        <sprite depth="2" name="background" color="0,0,0,140" type="sliced" />
                        <filledsprite depth="3" name="background" color="110,110,110,128" type="filled" fill="1" />
                        <filledsprite depth="4" name="BarContent" height="6" pos="1,-1" color="255,255,255,194" type="sliced" fill="0" />
                        <sprite depth="5" name="Icon" color="255,255,255,200" sprite="ui_game_symbol_stealth" size="16,16" pos="188,0" pivot="center" foregroundlayer="true"/>
                        <sprite depth="8" name="border" color="0,0,0,255" type="sliced" fillcenter="false"/>
                        <filledsprite depth="8" name="background" color="0,0,0,255" width="377" fillcenter="false" type="filled" fill="1" />
                        <filledsprite depth="3" name="background" color="0,0,0,255" width="376" fillcenter="false" type="filled" fill="1" />
                    </rect>
                </rect>
            </rect>
            <rect name="stats" controller="CharacterFrameWindow">
                <panel name="header" height="15" depth="1" pos="9999,9999" backgroundspritename="ui_game_panel_header">
                    <label depth="2" name="characterName" pos="42,-6" width="150" height="32" text="" font_size="32"/>
                    <label depth="2" name="levelNumber" pos="240,-10" width="80" height="28" text="" color="[lightGrey]"/>
                </panel>
                <rect visible="{showcharacter}" pos="0,0">
                    <rect depth="2" name="pve" width="16" height="16" pos="545,-79">
                        <button depth="2" name="statButton" sound="[paging_click]" sprite="" tooltip_key="hudOptions">
                            <sprite depth="2" name="Icon" color="255,255,255" sprite="ui_game_symbol_modded" size="19,19" pos="8,-8" pivot="center" foregroundlayer="true"/>
                        </button>
                    </rect>                    
                    <rect name="plevel" pos="-267,-2" width="75" height="37">
                        <sprite depth="9" color="[black]" sprite="menu_empty2px" type="sliced" fillcenter="false" />
                        <sprite depth="3" width="73" height="35" pos="1,-1" name="background" color="96,96,96,128" type="sliced"/>
                        <sprite depth="11" name="icon" width="21" height="21" pos="4,-7" sprite="ui_game_symbol_trophy" color="255,255,255" foregroundlayer="true"/>
                        
                        <label depth="9" name="lvlTxt" width="50" height="20" pos="350,0" text="LVL: {cvar($LastPlayerLevel)}" font_size="15" color="[white]" justify="Right" controller="ToolbeltWindow"/>
                        <label depth="12" name="coins" width="50" height="22" text="{cvar($LastPlayerLevel)}" font_size="18" color="[white]" pos="24,-10" justify="center" controller="BackpackWindow" effect="outline" effect_distance="1,1" effect_color="0,0,0,255"/>
                    </rect>                    
                    <rect name="plootstage" pos="-267,-41" width="75" height="37">
                        <sprite depth="9" color="[black]" sprite="menu_empty2px" type="sliced" fillcenter="false" />
                        <sprite depth="3" width="73" height="35" pos="1,-1" name="background" color="96,96,96,128" type="sliced"/>
                        <sprite depth="5" name="Looticon" width="22" height="22" pos="3,-7" sprite="ui_game_symbol_loot_sack" color="255,255,255" foregroundlayer="true"/>
                        <label depth="9" name="Lootstage" width="50" height="22" text="{playerlootstage}" font_size="18" color="[white]" pos="24,-10" justify="center" effect="outline" effect_distance="1,1" effect_color="0,0,0,255"/>
                    </rect>
                    <rect name="zkills" pos="566,-2" width="75" height="37">
                        <sprite depth="9" color="[black]" sprite="menu_empty2px" type="sliced" fillcenter="false" />
                        <sprite depth="3" width="73" height="35" pos="1,-1" name="background" color="96,96,96,128" type="sliced"/>
                        <sprite depth="5" name="TodeIcon" width="24" height="24" pos="3,-7" sprite="ui_game_symbol_marksmanship" color="255,255,255" foregroundlayer="true"/>
                        <label depth="9" name="zombieKillsText" width="50" height="22" pos="24,-10" text="{playerzombiekills}" font_size="18" color="[white]" justify="center" effect="outline" effect_distance="1,1" effect_color="0,0,0,255"/>
                    </rect>
                    <rect name="pdeaths" pos="566,-41" width="75" height="37">
                        <sprite depth="9" color="[black]" sprite="menu_empty2px" type="sliced" fillcenter="false" />
                        <sprite depth="3" width="73" height="35" pos="1,-1" name="background" color="96,96,96,128" type="sliced"/>
                        <sprite depth="5" name="TodeIcon" width="22" height="22" pos="3,-7" sprite="ui_game_symbol_near_death_trauma" color="255,255,255" foregroundlayer="true"/>
                        <label depth="9" name="deathsText" width="50" height="22" text="{playerdeaths}" font_size="18" color="[white]" pos="24,-10" justify="center" effect="outline" effect_distance="1,1" effect_color="0,0,0,255"/>
                    </rect>
                    
                </rect>
                <rect visible="{showstats}">
                    <rect depth="2" name="pvp" width="16" height="16" pos="545,-79">
                        <button depth="2" name="characterButton" sound="[paging_click]" sprite="" tooltip_key="hudOptions">
                            <sprite depth="2" name="Icon" color="255,0,0" sprite="ui_game_symbol_modded" size="19,19" pos="8,-8" pivot="center" foregroundlayer="true"/>
                        </button>
                    </rect>
                    <panel name="previewFrame" depth="0" pos="9999,9999" width="10" on_press="true" on_hover="true" disableautobackground="true" snap="false">
                        <rect>
                            <texture depth="2" name="playerPreview" material="Materials/Transparent Colored" size="8,8" globalopacity="false"/>
                        </rect>
                    </panel>
                </rect>
                
            </rect>
        </window>
    </append>
    <remove xpath="/windows/window[@name='windowGroupBars']"/>
    <append xpath="/windows">
        <window name="windowGroupBars" controller="PartyWindow" depth="-20">
            <sprite depth="8" name="voiceStatus" style="icon32px" pos="25,-68" sprite="ui_game_symbol_mic" visible="{# partyvisible and voicevisible}" pivot="center" color="{# voiceactive ? '255,255,255,255' : '128,128,128,255' }" />
            <grid name="hud" pos="9,-88" rows="7" cols="1" width="168" cell_width="168" cell_height="45" side="left" repeat_content="true" controller="PartyEntryList">
                <h7sbParty_entry />
            </grid>
            <grid name="hud" pos="9,-88" rows="7" cols="1" width="168" cell_width="168" cell_height="45" side="left" repeat_content="true" controller="CompanionEntryList">
                <companion_entry />
            </grid>
        </window>
    </append>
    <remove xpath="/windows/window[@name='HUDLeftStatBars']"/>
    <append xpath="/windows">
        <window name="HUDLeftStatBars">
            <rect name="hud" pos="90,153" side="left" controller="BuffPopoutList" pivot="BottomLeft">                <!--29-->
                <panel width="168" height="46" name="item" visible="false" pivot="right" disableautobackground="true" pos="70, 0" style="press" sound="[recipe_click]" on_hover="true">
                    <sprite depth="3" pos="0,0" name="Background" sprite="ui_game_popup" height="46" width="162" pivot="center" flip="Horizontally" color="[transparent]" />
                    <sprite depth="4" name="Icon" size="40,40" pos="-54,0" pivot="center" color="[transparent]"/>
                    <label depth="6" name="TextContent" pos="-37,0" font_size="28" color="[white]" justify="center" width="118" height="40" pivot="left"/>
                </panel>
            </rect>
        </window>
    </append>
    <append xpath="/windows/window[@name='HUDRightStatBars']/rect[@name='hud'][@pos='-177,106']">
        <rect width="168" height="46" controller="HUDStatBar" stat_type="Stamina" visible="{cvar(vehicleStaminaCVar:true;false;false)}">
            <sprite depth="1" name="border" color="0,0,0,128" type="sliced"/>
            <sprite depth="2" name="background" color="0,0,0,140" type="sliced" />
            <sprite depth="2" pos="3,-3" name="background" height="40" width="162" color="64,64,64,100" type="sliced" />
            <filledsprite depth="5" name="BarContent" color="255,223,0,128" width="169" type="filled" fill="0" flip="Horizontally" />
            <label depth="6" name="TextContent" pos="125,-24" font_size="32" color="[white]" justify="center" pivot="right" text="{statcurrentwithmax}" width="120" height="35" effect="outline" effect_distance="1,1" effect_color="0,0,0,255"/>
            <sprite depth="8" name="border" color="0,0,0,255" type="sliced" fillcenter="false"/>
        </rect>
    </append>
    <remove xpath="/windows/window[@name='interactionPrompt']" />
    <append xpath="/windows">
        <window name="interactionPrompt" anchor="CenterCenter" pos="0,55" width="1000" height="70" controller="InteractionPrompt" fade_delay="0.02">
            <label name="lblText" font_size="28" effect="outline" effect_distance="1,1" effect_color="0,0,0,150" justify="center" pivot="center" text="{text}" parse_actions="true" actions_default_format="([decea3] ### [-])" />
        </window>
    </append>
    <remove xpath="/windows/window[@name='windowQuestTracker']" />
    <append xpath="/windows">
        <window name="windowQuestTracker" pos="-255, -88" width="300" height="100" anchor="RightTop" controller="QuestTrackerWindow" visible="{showquest}" depth="-20">
            <sprite pos="6,6" name="Background" sprite="ui_game_popup" height="43" width="240" />
            <label depth="3" text="{questtitle}" font_size="26" justify="right" upper_case="true" pos="-100, -5" height="28" effect="outline" effect_distance="1,1" effect_color="0,0,0,255"/>
            <sprite pos="210,0" name="windowIcon" style="icon32px" sprite="{questicon}" justify="right"/>
            <sprite pos="6,-38" name="Background" sprite="ui_game_popup" height="{trackerheight}" width="240" />
            <grid name="objectiveList" rows="8" cols="1" pos="-60,-44" cell_width="300" cell_height="26" repeat_content="true" arrangement="vertical" controller="QuestTrackerObjectiveList" complete_icon="ui_game_symbol_check" incomplete_icon="ui_game_symbol_x" complete_color="[green]">
                <quest_objective_tracker_entry />
            </grid>
        </window>
    </append>
</eihwaz.de>