<MalenEI>


	<append xpath="/lootcontainers">
	<!-- ▼▲▼▲▼▲▼▲▼▲▼▲▼▲▼▲▼▲ Loot List for Decorative blocs ▼▲▼▲▼▲▼▲▼▲▼▲▼▲▼▲▼▲ -->
		<lootcontainer id="600" name="decoLoot" count="0" size="6,4" sound_open="UseActions/open_chest" sound_close="UseActions/close_chest" loot_quality_template="qualBaseTemplate">
			<item name="cobweb" count="1,2"/>
		</lootcontainer>
	<!-- ▼▲▼▲▼▲▼▲▼▲▼▲▼▲▼▲▼▲▼▲▼▲▼▲▼▲▼▲▼▲▼▲▼▲▼▲▼▲▼▲▼▲▼▲▼▲▼▲▼▲▼▲▼▲▼▲▼▲▼▲▼▲▼▲▼▲▼▲ -->
	</append>
		
	<append xpath="/lootcontainers/lootgroup[@name='dyes']">
	<!-- ▼▲▼▲▼▲▼▲▼▲▼▲▼▲▼▲▼▲ DYES Added to loot ▼▲▼▲▼▲▼▲▼▲▼▲▼▲▼▲▼▲ -->
		<item name="modDyeBlack"/>
		<item name="modDyeBlue"/>
		<item name="modDyePurple"/>
		<item name="modDyeYellow"/>
		<item name="modDyeOrange"/>
		<item name="modDyeBeige"/>
		<item name="modDyeTan"/>
		<item name="modDyeSilver"/>
		<item name="modDyeCharcoal"/>
		<item name="modDyeNavyBlue"/>
		<item name="modDyeRoyalBlue"/>
		<item name="modDyeAzure"/>
		<item name="modDyeAquamarine"/>
		<item name="modDyeTeal"/>
		<item name="modDyeForestGreen"/>
		<item name="modDyeOlive"/>
		<item name="modDyeChartreuse"/>
		<item name="modDyeLime"/>
		<item name="modDyeSalmon"/>
		<item name="modDyeHotPink"/>
		<item name="modDyeFuchsia"/>
		<item name="modDyePuce"/>
		<item name="modDyeMauve"/>
		<item name="modDyeLavender"/>
		<item name="modDyePlum"/>
		<item name="modDyeIndigo"/>
		<item name="modDyeMaroon"/>
		<item name="modDyeCrimson"/>
		<item name="modDyepaint"/>
		<item name="modDyeSilverD"/>
		<item name="modDyeCandyPink"/>
		<item name="modDyeHotPink"/>
		<item name="modDyeFireEngineRed"/>
		<item name="modDyeOrange"/>
		<item name="modDyeGold"/>
		<item name="modDyeBronze"/>
		<item name="modDyeLimeGreen"/>
		<item name="modDyeSpringGreen"/>
		<item name="modDyeCyan"/>
		<item name="modDyeTurquoise"/>
		<item name="modDyeBrightSkyBlue"/>
		<item name="modDyeFuchsia"/>
		<item name="modDyeRoyalPurple"/>
		<item name="modDyeBubblegum"/>
		<item name="modDyeLightCoral"/>
		<item name="modDyePaleOrange"/>
		<item name="modDyeKhaki"/>
		<item name="modDyeSienna"/>
		<item name="modDyePaleGreen"/>
		<item name="modDyeBabyBlue"/>
		<item name="modDyeSteelBlue"/>
		<item name="modDyePlum"/>
		<item name="modDyeGray"/>
	<!-- ▼▲▼▲▼▲▼▲▼▲▼▲▼▲▼▲▼▲▼▲▼▲▼▲▼▲▼▲▼▲▼▲▼▲▼▲▼▲▼▲▼▲▼▲▼▲▼▲▼▲▼▲▼▲▼▲ -->
	</append>
	


</MalenEI>
