<configs>
	<!-- ▼▲▼▲▼▲▼▲▼▲▼▲▼▲▼▲▼▲ New Door Variants ▼▲▼▲▼▲▼▲▼▲▼▲▼▲▼▲▼▲ 
	<set xpath="/recipes/recipe[@name='garageDoorHousePlayer']/@name">rollingGarageHelper</set>
	<set xpath="/recipes/recipe[@name='garageDoorIndustrial_Powered']/@name">reinforRollingGarageHelper</set>
	--> 
	<!-- ▼▲▼▲▼▲▼▲▼▲▼▲▼▲▼▲▼▲▼▲▼▲▼▲▼▲▼▲▼▲▼▲▼▲▼▲▼▲▼▲▼▲▼▲▼▲▼▲▼▲▼▲▼▲▼▲ -->
	<append xpath="/recipes">
	<!-- ▼▲▼▲▼▲▼▲▼▲▼▲▼▲▼▲▼▲ Stations ▼▲▼▲▼▲▼▲▼▲▼▲▼▲▼▲▼▲ -->  
		<recipe name="decomachine" count="1" craft_time="5">
			<ingredient name="oldCash" count="100"/>
		</recipe>
		<recipe name="dyestation" count="1" craft_area="workbench" tags="learnable,workbenchCrafting" craft_time="600">
			<ingredient name="PLMFa" count="1"/>
			<ingredient name="toolBeaker" count="5"/>
			<ingredient name="toolCookingPot" count="10"/>
			<ingredient name="resourceMetalPipe" count="250"/>
			<ingredient name="casinoCoin" count="5000"/>
		</recipe>
	<!-- ▼▲▼▲▼▲▼▲▼▲▼▲▼▲▼▲▼▲▼▲▼▲▼▲▼▲▼▲▼▲▼▲▼▲▼▲▼▲▼▲▼▲▼▲▼▲▼▲▼▲▼▲▼▲▼▲▼▲▼▲▼▲▼▲▼▲▼▲▼▲▼▲ -->	
		<!-- bhwModernCooking Edits Start -->
		<recipe name="decoVariant_modernCooking" count="1" craft_area="workbench" tags="workbenchCrafting">
			<ingredient name="resourceForgedIron" count="10"/>
			<ingredient name="resourceElectricParts" count="4"/>
			<ingredient name="resourceMetalPipe" count="1"/>
		</recipe>

		<recipe name="decoVariant_signRoad" count="1" craft_area="workbench">
			<ingredient name="resourceScrapIron" count="20"/>
		</recipe>
		<recipe name="decoVariant_signShopLit" count="1" craft_area="workbench">
			<ingredient name="resourceScrapIron" count="20"/>
			<ingredient name="resourceElectricParts" count="6"/>
			<ingredient name="resourceScrapPolymers" count="6"/>
		</recipe>
		<recipe name="decoVariant_signShopDark" count="1" craft_area="workbench">
			<ingredient name="resourceScrapIron" count="20"/>
			<ingredient name="resourceElectricParts" count="4"/>
			<ingredient name="resourceScrapPolymers" count="4"/>
		</recipe>
		<recipe name="decoVariant_signTrader" count="1" craft_area="workbench">
			<ingredient name="resourceWood" count="15"/>
		</recipe>	


		<recipe name="decoVariant_KitchenFurniture" count="1" craft_time="5" craft_area="decomachine">
			<ingredient name="oldCash" count="1500"/>
		</recipe>
		<recipe name="decoVariant_HomeFurniture" count="1" craft_time="5" craft_area="decomachine">
			<ingredient name="oldCash" count="1500"/>
		</recipe>
		<recipe name="decoVariant_Construction" count="1" craft_time="5" craft_area="decomachine">
			<ingredient name="oldCash" count="1000"/>
		</recipe>
		<recipe name="decoVariant_Technology" count="1" craft_time="5" craft_area="decomachine">
			<ingredient name="oldCash" count="1500"/>
		</recipe>
		<!--
		<recipe name="decoVariant_Lights" count="1" craft_time="5" craft_area="decomachine">
			<ingredient name="oldCash" count="1000"/>
		</recipe>
		
		<recipe name="decoVariant_Doors" count="1" craft_time="5" craft_area="decomachine">
			<ingredient name="oldCash" count="100"/>
		</recipe>
		-->
		
		<recipe name="decoVariant_ReinforcedDoors" count="1" craft_area="workbench">
			<ingredient name="resourceForgedSteel" count="10"/>
			<ingredient name="resourceSpring" count="1"/>
			<ingredient name="resourceMechanicalParts" count="5"/>
		</recipe>
		<recipe name="decoVariant_Pipes" count="1" craft_time="5" craft_area="decomachine">
			<ingredient name="oldCash" count="300"/>
		</recipe>
		<recipe name="decoVariant_Conduit" count="1" craft_time="5" craft_area="decomachine">
			<ingredient name="oldCash" count="300"/>
		</recipe>		
		<recipe name="decoVariant_Shop" count="1" craft_time="5" craft_area="decomachine">
			<ingredient name="oldCash" count="1500"/>
		</recipe>
		<recipe name="decoVariant_Cloth" count="1" craft_time="5" craft_area="decomachine">
			<ingredient name="oldCash" count="1000"/>
		</recipe>
		<recipe name="decoVariant_Sign" count="1" craft_time="5" craft_area="decomachine">
			<ingredient name="oldCash" count="500"/>
		</recipe>
		<recipe name="decoVariant_extra" count="1" craft_time="5" craft_area="decomachine">
			<ingredient name="oldCash" count="4000"/>
		</recipe>
		<recipe name="decoVariant_deco" count="1" craft_time="5" craft_area="decomachine">
			<ingredient name="oldCash" count="1500"/>
		</recipe>
		<recipe name="decoVariant_chest" count="1" craft_time="5" craft_area="decomachine">
			<ingredient name="oldCash" count="1000"/>
		</recipe>
		<recipe name="decoVariant_plants" count="1" craft_time="5" craft_area="decomachine">
			<ingredient name="oldCash" count="500"/>
		</recipe>
		<recipe name="decoVariant_scary" count="1" craft_time="5" craft_area="decomachine">
			<ingredient name="oldCash" count="1500"/>
		</recipe>		
		<recipe name="decoVariant_VendingMachines" count="1" craft_time="300" craft_area="decomachine">
			<ingredient name="oldCash" count="60000"/>
		</recipe>

		<recipe name="barbedWireSheet" count="1" craft_time="5" craft_area="decomachine">
			<ingredient name="oldCash" count="30"/>
		</recipe>
		<recipe name="woodLogSpike1" count="1" craft_time="5" craft_area="decomachine">
			<ingredient name="oldCash" count="100"/>
		</recipe>
		<recipe name="decoVariant_Beds" count="1">
			<ingredient name="resourceCloth" count="30"/>
			<ingredient name="resourceCropCottonPlant" count="30"/>
			<ingredient name="resourceSpring" count="15"/>
			<ingredient name="resourceWood" count="10"/>
			<ingredient name="resourceMetalPipe" count="10"/>
		</recipe>
		<recipe name="bed02take" count="1">
			<ingredient name="resourceCloth" count="40"/>
			<ingredient name="resourceCropCottonPlant" count="40"/>
			<ingredient name="resourceSpring" count="20"/>
			<ingredient name="resourceWood" count="20"/>
			<ingredient name="resourceMetalPipe" count="10"/>
		</recipe>

	</append>
	<!--Visual Armors-->
	<append xpath="/recipes">
		<recipe name="PLMFa" count="1" craft_area="legenstation" tags="learnable,workbenchCrafting" craft_time="15">
			<ingredient name="bookNeedleAndThreadWinterWear" count="1"/>
			<ingredient name="bookNeedleAndThreadLegwear" count="1"/>
			<ingredient name="bookNeedleAndThreadFootwear" count="1"/>
			<ingredient name="resourceLeather" count="200"/>
		</recipe>
		<recipe name="PAMFa1" count="1" craft_area="legenstation" tags="learnable,workbenchCrafting" craft_time="15">
			<ingredient name="bookNeedleAndThreadDesertWear" count="1"/>
			<ingredient name="bookNeedleAndThreadDusters" count="1"/>
			<ingredient name="resourcePaper" count="1000"/>
			<ingredient name="resourcePaint" count="1000"/>
			<ingredient name="resourceFeather" count="100"/>
		</recipe>
		<recipe name="PAMFa2" count="1" craft_area="legenstation" tags="learnable,workbenchCrafting" craft_time="15">
			<ingredient name="bookNeedleAndThreadPufferCoats" count="1"/>
			<ingredient name="bookNeedleAndThreadPockets" count="1"/>
			<ingredient name="resourcePaper" count="1000"/>
			<ingredient name="resourcePaint" count="1000"/>
			<ingredient name="resourceFeather" count="100"/>
		</recipe>
		<recipe name="Maestro Fashionista" count="1" craft_area="legenstation" tags="learnable,workbenchCrafting" craft_time="15">
			<ingredient name="PLMFa" count="1"/>
			<ingredient name="PAMFa1" count="1"/>
			<ingredient name="PAMFa2" count="1"/>
			<ingredient name="resourceSewingKit" count="20"/>
		</recipe>
		<recipe name="UVI" count="10" craft_area="legenstation" tags="learnable,workbenchCrafting" craft_time="20">
			<ingredient name="resourceSewingKit" count="100"/>
			<ingredient name="Maestro Fashionista" count="1"/>
		</recipe>
		<recipe name="apparelOverallsMod" count="1" craft_area="decomachine" craft_time="5">
			<ingredient name="apparelOveralls" count="1"/>
			<ingredient name="UVI" count="1"/>
			<ingredient name="casinoCoin" count="10000"/>
		</recipe>
		<recipe name="apparelDenimPantsMod" count="1" craft_area="decomachine" craft_time="5">
			<ingredient name="apparelDenimPants" count="1"/>
			<ingredient name="UVI" count="1"/>
			<ingredient name="casinoCoin" count="10000"/>
		</recipe>
		<recipe name="apparelGothPantsMod" count="1" craft_area="decomachine" craft_time="5">
			<ingredient name="apparelGothPants" count="1"/>
			<ingredient name="UVI" count="1"/>
			<ingredient name="casinoCoin" count="10000"/>
		</recipe>
		<recipe name="apparelGhillieSuitPantsMod" count="1" craft_area="decomachine" craft_time="5">
			<ingredient name="apparelGhillieSuitPants" count="1"/>
			<ingredient name="UVI" count="1"/>
			<ingredient name="casinoCoin" count="10000"/>
		</recipe>
		<recipe name="apparelGhillieSuitJacketMod" count="1" craft_area="decomachine" craft_time="5">
			<ingredient name="apparelGhillieSuitJacket" count="1"/>
			<ingredient name="UVI" count="1"/>
			<ingredient name="casinoCoin" count="10000"/>
		</recipe>
		<recipe name="apparelGhillieSuitHoodMod" count="1" craft_area="decomachine" craft_time="5">
			<ingredient name="apparelGhillieSuitHood" count="1"/>
			<ingredient name="UVI" count="1"/>
			<ingredient name="casinoCoin" count="10000"/>
		</recipe>



		<recipe name="apparelHazmatJacketMod" count="1" craft_area="decomachine" craft_time="5">
			<ingredient name="apparelHazmatJacket" count="1"/>
			<ingredient name="UVI" count="1"/>
			<ingredient name="casinoCoin" count="10000"/>
		</recipe>
		<recipe name="apparelHazmatGlovesMod" count="1" craft_area="decomachine" craft_time="5">
			<ingredient name="apparelHazmatGloves" count="1"/>
			<ingredient name="UVI" count="1"/>
			<ingredient name="casinoCoin" count="10000"/>
		</recipe>
		<recipe name="apparelHazmatMaskMod" count="1" craft_area="decomachine" craft_time="5">
			<ingredient name="apparelHazmatMask" count="1"/>
			<ingredient name="UVI" count="1"/>
			<ingredient name="casinoCoin" count="10000"/>
		</recipe>
		<recipe name="apparelHazmatPants Mod" count="1" craft_area="decomachine" craft_time="5">
			<ingredient name="apparelHazmatPants" count="1"/>
			<ingredient name="UVI" count="1"/>
			<ingredient name="casinoCoin" count="10000"/>
		</recipe>
		<recipe name="apparelHazmatBoots Mod" count="1" craft_area="decomachine" craft_time="5">
			<ingredient name="apparelHazmatBoots" count="1"/>
			<ingredient name="UVI" count="1"/>
			<ingredient name="casinoCoin" count="10000"/>
		</recipe>



		<recipe name="apparelShadesMod" count="1" craft_area="decomachine" craft_time="5">
			<ingredient name="apparelShades" count="1"/>
			<ingredient name="UVI" count="1"/>
			<ingredient name="casinoCoin" count="10000"/>
		</recipe>
		<recipe name="apparelAviatorGogglesMod" count="1" craft_area="decomachine" craft_time="5">
			<ingredient name="apparelAviatorGoggles" count="1"/>
			<ingredient name="UVI" count="1"/>
			<ingredient name="casinoCoin" count="10000"/>
		</recipe>
		<recipe name="apparelSkiGogglesMod" count="1" craft_area="decomachine" craft_time="5">
			<ingredient name="apparelSkiGoggles" count="1"/>
			<ingredient name="UVI" count="1"/>
			<ingredient name="casinoCoin" count="10000"/>
		</recipe>
		<recipe name="apparelNerdGlassesMod" count="1" craft_area="decomachine" craft_time="5">
			<ingredient name="apparelNerdGlasses" count="1"/>
			<ingredient name="UVI" count="1"/>
			<ingredient name="casinoCoin" count="10000"/>
		</recipe>
		<recipe name="apparelNightvisionGogglesMod" count="1" craft_area="decomachine" craft_time="5">
			<ingredient name="apparelNightvisionGoggles" count="1"/>
			<ingredient name="UVI" count="1"/>
			<ingredient name="casinoCoin" count="10000"/>
		</recipe>
		<recipe name="apparelCigarMod" count="1" craft_area="decomachine" craft_time="5">
			<ingredient name="apparelCigar" count="1"/>
			<ingredient name="UVI" count="1"/>
			<ingredient name="casinoCoin" count="10000"/>
		</recipe>
		<recipe name="apparelFacialPiercingsMod" count="1" craft_area="decomachine" craft_time="5">
			<ingredient name="apparelFacialPiercings" count="1"/>
			<ingredient name="UVI" count="1"/>
			<ingredient name="casinoCoin" count="10000"/>
		</recipe>
		<recipe name="apparelBandanaMod" count="1" craft_area="decomachine" craft_time="5">
			<ingredient name="apparelBandana" count="1"/>
			<ingredient name="UVI" count="1"/>
			<ingredient name="casinoCoin" count="10000"/>
		</recipe>
		<recipe name="apparelWornBootsMod" count="1" craft_area="decomachine" craft_time="5">
			<ingredient name="apparelWornBoots" count="1"/>
			<ingredient name="UVI" count="1"/>
			<ingredient name="casinoCoin" count="10000"/>
		</recipe>
		<recipe name="apparelRunningShoesRegularMod" count="1" craft_area="decomachine" craft_time="5">
			<ingredient name="apparelRunningShoesRegular" count="1"/>
			<ingredient name="UVI" count="1"/>
			<ingredient name="casinoCoin" count="10000"/>
		</recipe>
		<recipe name="apparelCowboyBootsMod" count="1" craft_area="decomachine" craft_time="5">
			<ingredient name="apparelCowboyBoots" count="1"/>
			<ingredient name="UVI" count="1"/>
			<ingredient name="casinoCoin" count="10000"/>
		</recipe>
		<recipe name="apparelGothBootsMod" count="1" craft_area="decomachine" craft_time="5">
			<ingredient name="apparelGothBoots" count="1"/>
			<ingredient name="UVI" count="1"/>
			<ingredient name="casinoCoin" count="10000"/>
		</recipe>
		<recipe name="apparelCoatLeatherPonchoMod" count="1" craft_area="decomachine" craft_time="5">
			<ingredient name="apparelCoatLeatherPoncho" count="1"/>
			<ingredient name="UVI" count="1"/>
			<ingredient name="casinoCoin" count="10000"/>
		</recipe>
		<recipe name="apparelCoatLeatherDusterMod" count="1" craft_area="decomachine" craft_time="5">
			<ingredient name="apparelCoatLeatherDuster" count="1"/>
			<ingredient name="UVI" count="1"/>
			<ingredient name="casinoCoin" count="10000"/>
		</recipe>
		<recipe name="apparelCoatPufferCoatMod" count="1" craft_area="decomachine" craft_time="5">
			<ingredient name="apparelCoatPufferCoat" count="1"/>
			<ingredient name="UVI" count="1"/>
			<ingredient name="casinoCoin" count="10000"/>
		</recipe>
		<recipe name="apparelCoatJacketGenericMod" count="1" craft_area="decomachine" craft_time="5">
			<ingredient name="apparelCoatJacketGeneric" count="1"/>
			<ingredient name="UVI" count="1"/>
			<ingredient name="casinoCoin" count="10000"/>
		</recipe>
		<recipe name="apparelSuitJacketMod" count="1" craft_area="decomachine" craft_time="5">
			<ingredient name="apparelSuitJacket" count="1"/>
			<ingredient name="UVI" count="1"/>
			<ingredient name="casinoCoin" count="10000"/>
		</recipe>
		<recipe name="apparelSuitDressShoesMod" count="1" craft_area="decomachine" craft_time="5">
			<ingredient name="apparelSuitDressShoes" count="1"/>
			<ingredient name="UVI" count="1"/>
			<ingredient name="casinoCoin" count="10000"/>
		</recipe>
		<recipe name="apparelClothHelmetMod" count="1" craft_area="decomachine" craft_time="5">
			<ingredient name="resourceCloth" count="100"/>
			<ingredient name="UVI" count="1"/>
			<ingredient name="casinoCoin" count="10000"/>
		</recipe>
		<recipe name="apparelSantaHatMod" count="1" craft_area="decomachine" craft_time="5">
			<ingredient name="armorSantaHat" count="1"/>
			<ingredient name="UVI" count="1"/>
			<ingredient name="casinoCoin" count="10000"/>
		</recipe>
		<recipe name="apparelClothJacketMod" count="1" craft_area="decomachine" craft_time="5">
			<ingredient name="resourceCloth" count="100"/>
			<ingredient name="UVI" count="1"/>
			<ingredient name="casinoCoin" count="10000"/>
		</recipe>
		<recipe name="apparelClothGlovesMod" count="1" craft_area="decomachine" craft_time="5">
			<ingredient name="resourceCloth" count="100"/>
			<ingredient name="UVI" count="1"/>
			<ingredient name="casinoCoin" count="10000"/>
		</recipe>
		<recipe name="apparelClothPantsMod" count="1" craft_area="decomachine" craft_time="5">
			<ingredient name="resourceCloth" count="100"/>
			<ingredient name="UVI" count="1"/>
			<ingredient name="casinoCoin" count="10000"/>
		</recipe>
		<recipe name="apparelClothBootsMod" count="1" craft_area="decomachine" craft_time="5">
			<ingredient name="resourceCloth" count="100"/>
			<ingredient name="UVI" count="1"/>
			<ingredient name="casinoCoin" count="10000"/>
		</recipe>
		<recipe name="apparelLeatherHelmetMod" count="1" craft_area="decomachine" craft_time="5">
			<ingredient name="resourceLeather" count="100"/>
			<ingredient name="UVI" count="1"/>
			<ingredient name="casinoCoin" count="10000"/>
		</recipe>
		<recipe name="apparelLeatherChestMod" count="1" craft_area="decomachine" craft_time="5">
			<ingredient name="resourceLeather" count="100"/>
			<ingredient name="UVI" count="1"/>
			<ingredient name="casinoCoin" count="10000"/>
		</recipe>
		<recipe name="apparelLeatherGlovesMod" count="1" craft_area="decomachine" craft_time="5">
			<ingredient name="resourceLeather" count="100"/>
			<ingredient name="UVI" count="1"/>
			<ingredient name="casinoCoin" count="10000"/>
		</recipe>
		<recipe name="apparelLeatherPantsMod" count="1" craft_area="decomachine" craft_time="5">
			<ingredient name="resourceLeather" count="100"/>
			<ingredient name="UVI" count="1"/>
			<ingredient name="casinoCoin" count="10000"/>
		</recipe>
		<recipe name="apparelLeatherBootsMod" count="1" craft_area="decomachine" craft_time="5">
			<ingredient name="resourceLeather" count="100"/>
			<ingredient name="UVI" count="1"/>
			<ingredient name="casinoCoin" count="10000"/>
		</recipe>
		<recipe name="apparelMilitaryHelmetMod" count="1" craft_area="decomachine" craft_time="5">
			<ingredient name="armorMilitarySetParts" count="50"/>
			<ingredient name="UVI" count="1"/>
			<ingredient name="casinoCoin" count="10000"/>
		</recipe>
		<recipe name="apparelMilitaryVestMod" count="1" craft_area="decomachine" craft_time="5">
			<ingredient name="armorMilitarySetParts" count="50"/>
			<ingredient name="UVI" count="1"/>
			<ingredient name="casinoCoin" count="10000"/>
		</recipe>
		<recipe name="apparelMilitaryGlovesMod" count="1" craft_area="decomachine" craft_time="5">
			<ingredient name="armorMilitarySetParts" count="50"/>
			<ingredient name="UVI" count="1"/>
			<ingredient name="casinoCoin" count="10000"/>
		</recipe>
		<recipe name="apparelMilitaryLegsMod" count="1" craft_area="decomachine" craft_time="5">
			<ingredient name="armorMilitarySetParts" count="50"/>
			<ingredient name="UVI" count="1"/>
			<ingredient name="casinoCoin" count="10000"/>
		</recipe>
		<recipe name="apparelMilitaryBootsMod" count="1" craft_area="decomachine" craft_time="5">
			<ingredient name="armorMilitarySetParts" count="50"/>
			<ingredient name="UVI" count="1"/>
			<ingredient name="casinoCoin" count="10000"/>
		</recipe>
		<recipe name="apparelScrapHelmetMod" count="1" craft_area="decomachine" craft_time="5">
			<ingredient name="resourceScrapIron" count="1000"/>
			<ingredient name="UVI" count="1"/>
			<ingredient name="casinoCoin" count="10000"/>
		</recipe>
		<recipe name="apparelScrapChestMod" count="1" craft_area="decomachine" craft_time="5">
			<ingredient name="resourceScrapIron" count="1000"/>
			<ingredient name="UVI" count="1"/>
			<ingredient name="casinoCoin" count="10000"/>
		</recipe>
		<recipe name="apparelScrapGlovesMod" count="1" craft_area="decomachine" craft_time="5">
			<ingredient name="resourceScrapIron" count="1000"/>
			<ingredient name="UVI" count="1"/>
			<ingredient name="casinoCoin" count="10000"/>
		</recipe>
		<recipe name="apparelScrapLegsMod" count="1" craft_area="decomachine" craft_time="5">
			<ingredient name="resourceScrapIron" count="1000"/>
			<ingredient name="UVI" count="1"/>
			<ingredient name="casinoCoin" count="10000"/>
		</recipe>
		<recipe name="apparelScrapBootsMod" count="1" craft_area="decomachine" craft_time="5">
			<ingredient name="resourceScrapIron" count="1000"/>
			<ingredient name="UVI" count="1"/>
			<ingredient name="casinoCoin" count="10000"/>
		</recipe>
		<recipe name="apparelIronHelmetMod" count="1" craft_area="decomachine" craft_time="5">
			<ingredient name="resourceForgedIron" count="100"/>
			<ingredient name="UVI" count="1"/>
			<ingredient name="casinoCoin" count="10000"/>
		</recipe>
		<recipe name="apparelIronChestMod" count="1" craft_area="decomachine" craft_time="5">
			<ingredient name="resourceForgedIron" count="100"/>
			<ingredient name="UVI" count="1"/>
			<ingredient name="casinoCoin" count="10000"/>
		</recipe>
		<recipe name="apparelIronGlovesMod" count="1" craft_area="decomachine" craft_time="5">
			<ingredient name="resourceForgedIron" count="100"/>
			<ingredient name="UVI" count="1"/>
			<ingredient name="casinoCoin" count="10000"/>
		</recipe>
		<recipe name="apparelIronLegsMod" count="1" craft_area="decomachine" craft_time="5">
			<ingredient name="resourceForgedIron" count="100"/>
			<ingredient name="UVI" count="1"/>
			<ingredient name="casinoCoin" count="10000"/>
		</recipe>
		<recipe name="apparelIronBootsMod" count="1" craft_area="decomachine" craft_time="5">
			<ingredient name="resourceForgedIron" count="100"/>
			<ingredient name="UVI" count="1"/>
			<ingredient name="casinoCoin" count="10000"/>
		</recipe>
		<recipe name="apparelSteelHelmetMod" count="1" craft_area="decomachine" craft_time="5">
			<ingredient name="armorSteelSetParts" count="50"/>
			<ingredient name="UVI" count="1"/>
			<ingredient name="casinoCoin" count="10000"/>
		</recipe>
		<recipe name="apparelSteelChestMod" count="1" craft_area="decomachine" craft_time="5">
			<ingredient name="armorSteelSetParts" count="50"/>
			<ingredient name="UVI" count="1"/>
			<ingredient name="casinoCoin" count="10000"/>
		</recipe>
		<recipe name="apparelSteelGlovesMod" count="1" craft_area="decomachine" craft_time="5">
			<ingredient name="armorSteelSetParts" count="50"/>
			<ingredient name="UVI" count="1"/>
			<ingredient name="casinoCoin" count="10000"/>
		</recipe>
		<recipe name="apparelSteelLegsMod" count="1" craft_area="decomachine" craft_time="5">
			<ingredient name="armorSteelSetParts" count="50"/>
			<ingredient name="UVI" count="1"/>
			<ingredient name="casinoCoin" count="10000"/>
		</recipe>
		<recipe name="apparelSteelBootsMod" count="1" craft_area="decomachine" craft_time="5">
			<ingredient name="armorSteelSetParts" count="50"/>
			<ingredient name="UVI" count="1"/>
			<ingredient name="casinoCoin" count="10000"/>
		</recipe>
		<recipe name="apparelMiningHelmetMod" count="1" craft_area="decomachine" craft_time="5">
			<ingredient name="resourceForgedIron" count="200"/>
			<ingredient name="UVI" count="1"/>
			<ingredient name="casinoCoin" count="10000"/>
		</recipe>
		<recipe name="apparelSwatHelmetMod" count="1" craft_area="decomachine" craft_time="5">
			<ingredient name="armorSteelSetParts" count="50"/>
			<ingredient name="UVI" count="1"/>
			<ingredient name="casinoCoin" count="10000"/>
		</recipe>
		<recipe name="apparelFootballHelmetMod" count="1" craft_area="decomachine" craft_time="5">
			<ingredient name="resourceForgedIron" count="200"/>
			<ingredient name="UVI" count="1"/>
			<ingredient name="casinoCoin" count="10000"/>
		</recipe>
		<recipe name="apparelSuitPantsMod" count="1" craft_area="decomachine" craft_time="5">
			<ingredient name="apparelSuitPants" count="1"/>
			<ingredient name="UVI" count="1"/>
			<ingredient name="casinoCoin" count="10000"/>
		</recipe>


	</append>
	<!--Dyes-->
	<append xpath="/recipes">
		<recipe name="modDyeInvi" count="1" craft_area="decomachine" craft_time="120">
			<ingredient name="UVI" count="1"/>
			<ingredient name="modDyepaint" count="1"/>
			<ingredient name="resourceCloth" count="100"/>					
		</recipe>		
		<recipe name="modDyeBlack" count="1" craft_area="dyestation" craft_time="120">
			<ingredient name="resourceOil" count="50"/>
			<ingredient name="resourcePaint" count="100"/>
			<ingredient name="casinoCoin" count="3000"/>
		</recipe>
		<recipe name="modDyeBlue" count="1" craft_area="dyestation" craft_time="120">
			<ingredient name="resourceOil" count="50"/>
			<ingredient name="resourcePaint" count="100"/>
			<ingredient name="casinoCoin" count="3000"/>
		</recipe>
		<recipe name="modDyePurple" count="1" craft_area="dyestation" craft_time="120">
			<ingredient name="resourceOil" count="50"/>
			<ingredient name="resourcePaint" count="100"/>
			<ingredient name="casinoCoin" count="3000"/>
		</recipe>
		<recipe name="modDyeYellow" count="1" craft_area="dyestation" craft_time="120">
			<ingredient name="resourceOil" count="50"/>
			<ingredient name="resourcePaint" count="100"/>
			<ingredient name="casinoCoin" count="3000"/>
		</recipe>
		<recipe name="modDyeOrange" count="1" craft_area="dyestation" craft_time="120">
			<ingredient name="resourceOil" count="50"/>
			<ingredient name="resourcePaint" count="100"/>
			<ingredient name="casinoCoin" count="3000"/>
		</recipe>
		<recipe name="modDyeBeige" count="1" craft_area="dyestation" craft_time="120">
			<ingredient name="resourceOil" count="50"/>
			<ingredient name="resourcePaint" count="100"/>
			<ingredient name="casinoCoin" count="3000"/>
		</recipe>
		<recipe name="modDyeTan" count="1" craft_area="dyestation" craft_time="120">
			<ingredient name="resourceOil" count="50"/>
			<ingredient name="resourcePaint" count="100"/>
			<ingredient name="casinoCoin" count="3000"/>
		</recipe>
		<recipe name="modDyeSilver" count="1" craft_area="dyestation" craft_time="120">
			<ingredient name="resourceOil" count="50"/>
			<ingredient name="resourcePaint" count="100"/>
			<ingredient name="casinoCoin" count="3000"/>
		</recipe>
		<recipe name="modDyeSilverD" count="1" craft_area="dyestation" craft_time="120">
			<ingredient name="resourceOil" count="50"/>
			<ingredient name="resourcePaint" count="100"/>
			<ingredient name="casinoCoin" count="3000"/>
		</recipe>
		<recipe name="modDyeCandyPink" count="1" craft_area="dyestation" craft_time="120">
			<ingredient name="resourceOil" count="50"/>
			<ingredient name="resourcePaint" count="100"/>
			<ingredient name="casinoCoin" count="3000"/>
		</recipe>
		<recipe name="modDyeCharcoal" count="1" craft_area="dyestation" craft_time="120">
			<ingredient name="resourceOil" count="50"/>
			<ingredient name="resourcePaint" count="100"/>
			<ingredient name="casinoCoin" count="3000"/>
		</recipe>
		<recipe name="modDyeNavyBlue" count="1" craft_area="dyestation" craft_time="120">
			<ingredient name="resourceOil" count="50"/>
			<ingredient name="resourcePaint" count="100"/>
			<ingredient name="casinoCoin" count="3000"/>
		</recipe>
		<recipe name="modDyeRoyalBlue" count="1" craft_area="dyestation" craft_time="120">
			<ingredient name="resourceOil" count="50"/>
			<ingredient name="resourcePaint" count="100"/>
			<ingredient name="casinoCoin" count="3000"/>
		</recipe>
		<recipe name="modDyeAzure" count="1" craft_area="dyestation" craft_time="120">
			<ingredient name="resourceOil" count="50"/>
			<ingredient name="resourcePaint" count="100"/>
			<ingredient name="casinoCoin" count="3000"/>
		</recipe>
		<recipe name="modDyeAquamarine" count="1" craft_area="dyestation" craft_time="120">
			<ingredient name="resourceOil" count="50"/>
			<ingredient name="resourcePaint" count="100"/>
			<ingredient name="casinoCoin" count="3000"/>
		</recipe>
		<recipe name="modDyeTeal" count="1" craft_area="dyestation" craft_time="120">
			<ingredient name="resourceOil" count="50"/>
			<ingredient name="resourcePaint" count="100"/>
			<ingredient name="casinoCoin" count="3000"/>
		</recipe>
		<recipe name="modDyeForestGreen" count="1" craft_area="dyestation" craft_time="120">
			<ingredient name="resourceOil" count="50"/>
			<ingredient name="resourcePaint" count="100"/>
			<ingredient name="casinoCoin" count="3000"/>
		</recipe>
		<recipe name="modDyeOlive" count="1" craft_area="dyestation" craft_time="120">
			<ingredient name="resourceOil" count="50"/>
			<ingredient name="resourcePaint" count="100"/>
			<ingredient name="casinoCoin" count="3000"/>
		</recipe>
		<recipe name="modDyeChartreuse" count="1" craft_area="dyestation" craft_time="120">
			<ingredient name="resourceOil" count="50"/>
			<ingredient name="resourcePaint" count="100"/>
			<ingredient name="casinoCoin" count="3000"/>
		</recipe>
		<recipe name="modDyeLime" count="1" craft_area="dyestation" craft_time="120">
			<ingredient name="resourceOil" count="50"/>
			<ingredient name="resourcePaint" count="100"/>
			<ingredient name="casinoCoin" count="3000"/>
		</recipe>
		<recipe name="modDyeSalmon" count="1" craft_area="dyestation" craft_time="120">
			<ingredient name="resourceOil" count="50"/>
			<ingredient name="resourcePaint" count="100"/>
			<ingredient name="casinoCoin" count="3000"/>
		</recipe>
		<recipe name="modDyeHotPink" count="1" craft_area="dyestation" craft_time="120">
			<ingredient name="resourceOil" count="50"/>
			<ingredient name="resourcePaint" count="100"/>
			<ingredient name="casinoCoin" count="3000"/>
		</recipe>
		<recipe name="modDyeFuchsia" count="1" craft_area="dyestation" craft_time="120">
			<ingredient name="resourceOil" count="50"/>
			<ingredient name="resourcePaint" count="100"/>
			<ingredient name="casinoCoin" count="3000"/>
		</recipe>
		<recipe name="modDyePuce" count="1" craft_area="dyestation" craft_time="120">
			<ingredient name="resourceOil" count="50"/>
			<ingredient name="resourcePaint" count="100"/>
			<ingredient name="casinoCoin" count="3000"/>
		</recipe>
		<recipe name="modDyeMauve" count="1" craft_area="dyestation" craft_time="120">
			<ingredient name="resourceOil" count="50"/>
			<ingredient name="resourcePaint" count="100"/>
			<ingredient name="casinoCoin" count="3000"/>
		</recipe>
		<recipe name="modDyeLavender" count="1" craft_area="dyestation" craft_time="120">
			<ingredient name="resourceOil" count="50"/>
			<ingredient name="resourcePaint" count="100"/>
			<ingredient name="casinoCoin" count="3000"/>
		</recipe>
		<recipe name="modDyePlum" count="1" craft_area="dyestation" craft_time="120">
			<ingredient name="resourceOil" count="50"/>
			<ingredient name="resourcePaint" count="100"/>
			<ingredient name="casinoCoin" count="3000"/>
		</recipe>
		<recipe name="modDyeIndigo" count="1" craft_area="dyestation" craft_time="120">
			<ingredient name="resourceOil" count="50"/>
			<ingredient name="resourcePaint" count="100"/>
			<ingredient name="casinoCoin" count="3000"/>
		</recipe>
		<recipe name="modDyeMaroon" count="1" craft_area="dyestation" craft_time="120">
			<ingredient name="resourceOil" count="50"/>
			<ingredient name="resourcePaint" count="100"/>
			<ingredient name="casinoCoin" count="3000"/>
		</recipe>
		<recipe name="modDyeCrimson" count="1" craft_area="dyestation" craft_time="120">
			<ingredient name="resourceOil" count="50"/>
			<ingredient name="resourcePaint" count="100"/>
			<ingredient name="casinoCoin" count="3000"/>
		</recipe>
		<recipe name="modDyeMagenta" count="1" craft_area="dyestation" craft_time="120">
			<ingredient name="resourceOil" count="50"/>
			<ingredient name="resourcePaint" count="100"/>
			<ingredient name="casinoCoin" count="3000"/>
		</recipe>
		<recipe name="modDyeSnow" count="1" craft_area="dyestation" craft_time="120">
			<ingredient name="resourceOil" count="50"/>
			<ingredient name="resourcePaint" count="100"/>
			<ingredient name="casinoCoin" count="3000"/>
		</recipe>
		<recipe name="modDyeLavenderBlush" count="1" craft_area="dyestation" craft_time="120">
			<ingredient name="resourceOil" count="50"/>
			<ingredient name="resourcePaint" count="100"/>
			<ingredient name="casinoCoin" count="3000"/>
		</recipe>
		<recipe name="modDyeGreenYellow" count="1" craft_area="dyestation" craft_time="120">
			<ingredient name="resourceOil" count="50"/>
			<ingredient name="resourcePaint" count="100"/>
			<ingredient name="casinoCoin" count="3000"/>
		</recipe>
		<recipe name="modDyeMidnight" count="1" craft_area="dyestation" craft_time="120">
			<ingredient name="resourceOil" count="50"/>
			<ingredient name="resourcePaint" count="100"/>
			<ingredient name="casinoCoin" count="3000"/>
		</recipe>
		<recipe name="modDyeKhaki" count="1" craft_area="dyestation" craft_time="120">
			<ingredient name="resourceOil" count="50"/>
			<ingredient name="resourcePaint" count="100"/>
			<ingredient name="casinoCoin" count="3000"/>
		</recipe>

		<recipe name="modDyeFireEngineRed" count="1" craft_area="dyestation" craft_time="120">
			<ingredient name="resourceOil" count="50"/>
			<ingredient name="resourcePaint" count="100"/>
			<ingredient name="casinoCoin" count="3000"/>
		</recipe>
		<recipe name="modDyeGold" count="1" craft_area="dyestation" craft_time="120">
			<ingredient name="resourceOil" count="50"/>
			<ingredient name="resourcePaint" count="100"/>
			<ingredient name="casinoCoin" count="3000"/>
		</recipe>
		<recipe name="modDyeBronze" count="1" craft_area="dyestation" craft_time="120">
			<ingredient name="resourceOil" count="50"/>
			<ingredient name="resourcePaint" count="100"/>
			<ingredient name="casinoCoin" count="3000"/>
		</recipe>
		<recipe name="modDyeLimeGreen" count="1" craft_area="dyestation" craft_time="120">
			<ingredient name="resourceOil" count="50"/>
			<ingredient name="resourcePaint" count="100"/>
			<ingredient name="casinoCoin" count="3000"/>
		</recipe>
		<recipe name="modDyeSpringGreen" count="1" craft_area="dyestation" craft_time="120">
			<ingredient name="resourceOil" count="50"/>
			<ingredient name="resourcePaint" count="100"/>
			<ingredient name="casinoCoin" count="3000"/>
		</recipe>
		<recipe name="modDyeCyan" count="1" craft_area="dyestation" craft_time="120">
			<ingredient name="resourceOil" count="50"/>
			<ingredient name="resourcePaint" count="100"/>
			<ingredient name="casinoCoin" count="3000"/>
		</recipe>
		<recipe name="modDyeTurquoise" count="1" craft_area="dyestation" craft_time="120">
			<ingredient name="resourceOil" count="50"/>
			<ingredient name="resourcePaint" count="100"/>
			<ingredient name="casinoCoin" count="3000"/>
		</recipe>
		<recipe name="modDyeBrightSkyBlue" count="1" craft_area="dyestation" craft_time="120">
			<ingredient name="resourceOil" count="50"/>
			<ingredient name="resourcePaint" count="100"/>
			<ingredient name="casinoCoin" count="3000"/>
		</recipe>
		<recipe name="modDyeRoyalPurple" count="1" craft_area="dyestation" craft_time="120">
			<ingredient name="resourceOil" count="50"/>
			<ingredient name="resourcePaint" count="100"/>
			<ingredient name="casinoCoin" count="3000"/>
		</recipe>
		<recipe name="modDyeBubblegum" count="1" craft_area="dyestation" craft_time="120">
			<ingredient name="resourceOil" count="50"/>
			<ingredient name="resourcePaint" count="100"/>
			<ingredient name="casinoCoin" count="3000"/>
		</recipe>
		<recipe name="modDyeLightCoral" count="1" craft_area="dyestation" craft_time="120">
			<ingredient name="resourceOil" count="50"/>
			<ingredient name="resourcePaint" count="100"/>
			<ingredient name="casinoCoin" count="3000"/>
		</recipe>
		<recipe name="modDyePaleOrange" count="1" craft_area="dyestation" craft_time="120">
			<ingredient name="resourceOil" count="50"/>
			<ingredient name="resourcePaint" count="100"/>
			<ingredient name="casinoCoin" count="3000"/>
		</recipe>
		<recipe name="modDyeKhaki" count="1" craft_area="dyestation" craft_time="120">
			<ingredient name="resourceOil" count="50"/>
			<ingredient name="resourcePaint" count="100"/>
			<ingredient name="casinoCoin" count="3000"/>
		</recipe>
		<recipe name="modDyeSienna" count="1" craft_area="dyestation" craft_time="120">
			<ingredient name="resourceOil" count="50"/>
			<ingredient name="resourcePaint" count="100"/>
			<ingredient name="casinoCoin" count="3000"/>
		</recipe>
		<recipe name="modDyePaleGreen" count="1" craft_area="dyestation" craft_time="120">
			<ingredient name="resourceOil" count="50"/>
			<ingredient name="resourcePaint" count="100"/>
			<ingredient name="casinoCoin" count="3000"/>
		</recipe>
		<recipe name="modDyeBabyBlue" count="1" craft_area="dyestation" craft_time="120">
			<ingredient name="resourceOil" count="50"/>
			<ingredient name="resourcePaint" count="100"/>
			<ingredient name="casinoCoin" count="3000"/>
		</recipe>
		<recipe name="modDyeSteelBlue" count="1" craft_area="dyestation" craft_time="120">
			<ingredient name="resourceOil" count="50"/>
			<ingredient name="resourcePaint" count="100"/>
			<ingredient name="casinoCoin" count="3000"/>
		</recipe>
		<recipe name="modDyeGray" count="1" craft_area="dyestation" craft_time="120">
			<ingredient name="resourceOil" count="50"/>
			<ingredient name="resourcePaint" count="100"/>
			<ingredient name="casinoCoin" count="3000"/>
		</recipe>
		<recipe name="modDyeRed" count="1" craft_area="dyestation" craft_time="120">
			<ingredient name="resourceOil" count="50"/>
			<ingredient name="resourcePaint" count="100"/>
			<ingredient name="casinoCoin" count="3000"/>
		</recipe>
		<recipe name="modDyeGreen" count="1" craft_area="dyestation" craft_time="120">
			<ingredient name="resourceOil" count="50"/>
			<ingredient name="resourcePaint" count="100"/>
			<ingredient name="casinoCoin" count="3000"/>
		</recipe>
		<recipe name="modDyeBrown" count="1" craft_area="dyestation" craft_time="120">
			<ingredient name="resourceOil" count="50"/>
			<ingredient name="resourcePaint" count="100"/>
			<ingredient name="casinoCoin" count="3000"/>
		</recipe>
		<recipe name="modDyePink" count="1" craft_area="dyestation" craft_time="120">
			<ingredient name="resourceOil" count="50"/>
			<ingredient name="resourcePaint" count="100"/>
			<ingredient name="casinoCoin" count="3000"/>
		</recipe>
		<recipe name="modDyepaint" count="1" craft_area="dyestation" craft_time="120">
			<ingredient name="resourceOil" count="50"/>
			<ingredient name="resourcePaint" count="100"/>
			<ingredient name="casinoCoin" count="3000"/>
		</recipe>
	</append>

</configs>



   