<FRK>
	<append xpath="/ui_display_info/crafting_category_display">
		<crafting_category_list display_type="decomachine">
			<crafting_category name="Decor/Miscellaneous" icon="ui_game_symbol_coin" display_name="medeui" />
			<crafting_category name="Mods" icon="ui_game_symbol_shirt" display_name="lblCategoryClothing"/>			
			<crafting_category name="Science" icon="ui_game_symbol_misc_crafting" display_name="meexui" />
		</crafting_category_list>		
		<crafting_category_list display_type="dyestation">
            <crafting_category name="Mods" icon="ui_game_symbol_paint_eyedropper" display_name="dpaint"/>			
        </crafting_category_list>

		<crafting_category_list display_type="modernCookingWallOven">
            <crafting_category name="CFFood/Cooking" icon="ui_game_symbol_fork" display_name="lblCategoryFood" />
            <crafting_category name="CFDrink/Cooking" icon="ui_game_symbol_thirst" display_name="lblCategoryDrink" />
            <crafting_category name="CFChemicals" icon="ui_game_symbol_chemistry" display_name="lblCategoryChemicals" />
        </crafting_category_list>
        <crafting_category_list display_type="modernCookingOldStove">
            <crafting_category name="CFFood/Cooking" icon="ui_game_symbol_fork" display_name="lblCategoryFood" />
            <crafting_category name="CFDrink/Cooking" icon="ui_game_symbol_thirst" display_name="lblCategoryDrink" />
            <crafting_category name="CFChemicals" icon="ui_game_symbol_chemistry" display_name="lblCategoryChemicals" />
        </crafting_category_list>
        <crafting_category_list display_type="modernCookingStoveModern">
            <crafting_category name="CFFood/Cooking" icon="ui_game_symbol_fork" display_name="lblCategoryFood" />
            <crafting_category name="CFDrink/Cooking" icon="ui_game_symbol_thirst" display_name="lblCategoryDrink" />
            <crafting_category name="CFChemicals" icon="ui_game_symbol_chemistry" display_name="lblCategoryChemicals" />
        </crafting_category_list>
        <crafting_category_list display_type="modernCookingWoodStove">
            <crafting_category name="CFFood/Cooking" icon="ui_game_symbol_fork" display_name="lblCategoryFood" />
            <crafting_category name="CFDrink/Cooking" icon="ui_game_symbol_thirst" display_name="lblCategoryDrink" />
            <crafting_category name="CFChemicals" icon="ui_game_symbol_chemistry" display_name="lblCategoryChemicals" />
        </crafting_category_list>
        <crafting_category_list display_type="modernCookingCoffeeMaker">
            <crafting_category name="CFFood/Cooking" icon="ui_game_symbol_fork" display_name="lblCategoryFood" />
            <crafting_category name="CFDrink/Cooking" icon="ui_game_symbol_thirst" display_name="lblCategoryDrink" />
            <crafting_category name="CFChemicals" icon="ui_game_symbol_chemistry" display_name="lblCategoryChemicals" />
        </crafting_category_list>
        <crafting_category_list display_type="modernCookingCoffeeMakerCommercial">
            <crafting_category name="CFFood/Cooking" icon="ui_game_symbol_fork" display_name="lblCategoryFood" />
            <crafting_category name="CFDrink/Cooking" icon="ui_game_symbol_thirst" display_name="lblCategoryDrink" />
            <crafting_category name="CFChemicals" icon="ui_game_symbol_chemistry" display_name="lblCategoryChemicals" />
        </crafting_category_list>
        <crafting_category_list display_type="modernCookingCharcoalGrillClosed">
            <crafting_category name="CFFood/Cooking" icon="ui_game_symbol_fork" display_name="lblCategoryFood" />
            <crafting_category name="CFDrink/Cooking" icon="ui_game_symbol_thirst" display_name="lblCategoryDrink" />
            <crafting_category name="CFChemicals" icon="ui_game_symbol_chemistry" display_name="lblCategoryChemicals" />
        </crafting_category_list>
        <crafting_category_list display_type="modernCookingCharcoalGrillOpen">
            <crafting_category name="CFFood/Cooking" icon="ui_game_symbol_fork" display_name="lblCategoryFood" />
            <crafting_category name="CFDrink/Cooking" icon="ui_game_symbol_thirst" display_name="lblCategoryDrink" />
            <crafting_category name="CFChemicals" icon="ui_game_symbol_chemistry" display_name="lblCategoryChemicals" />
        </crafting_category_list>
        <crafting_category_list display_type="modernCookingGasGrillClosed">
            <crafting_category name="CFFood/Cooking" icon="ui_game_symbol_fork" display_name="lblCategoryFood" />
            <crafting_category name="CFDrink/Cooking" icon="ui_game_symbol_thirst" display_name="lblCategoryDrink" />
            <crafting_category name="CFChemicals" icon="ui_game_symbol_chemistry" display_name="lblCategoryChemicals" />
        </crafting_category_list>
        <crafting_category_list display_type="modernCookingGasGrillOpen">
            <crafting_category name="CFFood/Cooking" icon="ui_game_symbol_fork" display_name="lblCategoryFood" />
            <crafting_category name="CFDrink/Cooking" icon="ui_game_symbol_thirst" display_name="lblCategoryDrink" />
            <crafting_category name="CFChemicals" icon="ui_game_symbol_chemistry" display_name="lblCategoryChemicals" />
        </crafting_category_list>
        <crafting_category_list display_type="modernCookingMicrowave">
            <crafting_category name="CFFood/Cooking" icon="ui_game_symbol_fork" display_name="lblCategoryFood" />
            <crafting_category name="CFDrink/Cooking" icon="ui_game_symbol_thirst" display_name="lblCategoryDrink" />
            <crafting_category name="CFChemicals" icon="ui_game_symbol_chemistry" display_name="lblCategoryChemicals" />
        </crafting_category_list>
        <crafting_category_list display_type="modernCookingToaster">
            <crafting_category name="CFFood/Cooking" icon="ui_game_symbol_fork" display_name="lblCategoryFood" />
            <crafting_category name="CFDrink/Cooking" icon="ui_game_symbol_thirst" display_name="lblCategoryDrink" />
            <crafting_category name="CFChemicals" icon="ui_game_symbol_chemistry" display_name="lblCategoryChemicals" />
        </crafting_category_list>
	</append>
</FRK>