<configs>
    <append xpath="/lootcontainers/lootgroup[@name='rareFoodDrink']">
        <item name="juguito_de_chale"/>
    </append>
    <!--
    <append xpath="/lootcontainers/lootgroup[@name='drinks']">
        <item name="juguito_de_chale" loot_prob_template="veryLow"/>
    </append>
    -->
    <append xpath="/lootcontainers/lootgroup[@name='groupDrinksRare']">
        <item name="juguito_de_chale" loot_prob_template="medLow"/>
    </append>
    <append xpath="/lootcontainers/lootgroup[@name='groupSodaFountain01']">
        <item name="juguito_de_chale" loot_prob_template="veryLow"/>
    </append>
    <append xpath="/lootcontainers/lootgroup[@name='twitch_T4_Rewards']">
        <item name="juguito_de_chale" count="1"/>
    </append>
</configs>