<configs>
	<!--<remove xpath="/quests/quest[@id='quest_BasicSurvival1']"/>-->
	<append xpath="/quests">
		<quest id="q_Inicio">
			<property name="name_key" value="qSName" />
			<property name="subtitle_key" value="qSName" />
			<property name="description_key" value="qSDesc" />
			<property name="offer_key" value="qSNDesc" />
			<property name="repeatable" value="false" />			
			<property name="category_key" value="qSName" />
			<property name="icon" value="ui_game_symbol_star" />				
			<property name="difficulty" value="easy" />
			<reward type="Item" id="newPlayerKit" value="1"/>
			<reward type="Item" id="juguito_de_chale" value="24"/>
			<reward type="Item" id="Pistola_electrica" value="1"/>
			<reward type="Item" id="mitico_Martillo_Divino_Usos" value="1"/>
			<reward type="Item" id="startTips" value="1"/>
		</quest>
		<quest id="q_Tips">
			<property name="name_key" value="qTName" />
			<property name="subtitle_key" value="qTQName" />
			<property name="description_key" value="qTNDesc" />
			<property name="offer_key" value="qTNDesc" />
			<property name="repeatable" value="false" />			
			<property name="category_key" value="qTCat" />
			<property name="icon" value="ui_game_symbol_star" />				
			<property name="difficulty" value="easy" />
			<reward type="SkillPoints" value="1"/>
		</quest>
	
	<!--+1 skill Points-->
		<quest id="c_sp1">
			<property name="name_key" value="sp1name" />
			<property name="subtitle_key" value="sp1sub" />
			<property name="description_key" value="sp1desc" />
			<property name="offer_key" value="1SPKey" />
			<property name="repeatable" value="true" />
			
			<property name="category_key" value="sPKey" />
			<property name="icon" value="ui_game_symbol_star" />				
			<property name="difficulty" value="easy" />
			<reward type="SkillPoints" value="1"/>
		</quest>
	<!--+10 skill Points-->
		<quest id="c_sp10">
			<property name="name_key" value="sp10name" />
			<property name="subtitle_key" value="sp10sub" />
			<property name="description_key" value="sp10desc" />
			<property name="offer_key" value="10SPKey" />
			<property name="repeatable" value="false" />

			<property name="category_key" value="sPKey" />
			<property name="icon" value="ui_game_symbol_star" />				
			<property name="difficulty" value="easy" />
			<reward type="SkillPoints" value="10"/>
		</quest>

	</append>
	
</configs>