<configs>
	
<append xpath="/recipes">

	<recipe name="juguito_de_chale"  count="1" craft_area="campfire" craft_time="10"> 
		<ingredient name="drinkJarRiverWater" count="1"/>
		<ingredient name="drugSteroids" count="1"/>
		<ingredient name="drinkCanMegaCrush" count="1"/>
	</recipe>

	<recipe name="cl_Constructor"> <ingredient name="newPlayerKit" count="1"/></recipe>
	
	<recipe name="cl_Ingeniero"> <ingredient name="newPlayerKit" count="1"/></recipe>
	
	<recipe name="cl_Granjero"> <ingredient name="newPlayerKit" count="1"/></recipe>
	
	<recipe name="cl_Tirador"> <ingredient name="newPlayerKit" count="1"/></recipe>
	
	<recipe name="cl_Cazador"> <ingredient name="newPlayerKit" count="1"/></recipe>
	
	<recipe name="cl_Mecanico"> <ingredient name="newPlayerKit" count="1"/></recipe>
	
	<recipe name="cl_Medico"> <ingredient name="newPlayerKit" count="1"/></recipe>
	
	<recipe name="cl_Minero"> <ingredient name="newPlayerKit" count="1"/></recipe>
	
	<recipe name="cl_Sniper"> <ingredient name="newPlayerKit" count="1"/></recipe>

	<recipe name="cl_Demoledor"> <ingredient name="newPlayerKit" count="1"/></recipe>

	<recipe name="cl_Swat"> <ingredient name="newPlayerKit" count="1"/></recipe>
	
	<recipe name="cl_Superviviente"> <ingredient name="newPlayerKit" count="1"/></recipe>

	<recipe name="cl_Veterano"> <ingredient name="newPlayerKit" count="1"/></recipe>

</append>
</configs>
