<MalenEI>
    <append xpath="/ui_display_info/item_display">
        <item_display_info display_type="JDC" display_group="groupConsumables">
            <display_entry name="jdci" title_key="AAP2" display_type="Time"/>
            <display_entry name="dStaminaRegen" title_key="statStaminaRegen" display_type="Percent"/>
            <display_entry name="dRunSpeed" title_key="statRunSpeed" display_type="Percent" display_leading_plus="true"/>
            <display_entry name="dDuration" title_key="statDuration" display_type="Time"/>
        </item_display_info>
        <item_display_info display_type="divineWaterComsumable" display_group="groupConsumables">
            <display_entry name="CURAA" title_key="HP/ST/HEALT" display_type="Percent" display_leading_plus="true"/>
            <display_entry name="POWAA" title_key="DF" display_type="Time"/>
            <display_entry name="WAA" title_key="DivDesc" display_type="Time"/>
            <display_entry name="VELOO" title_key="DV" display_type="Time"/>
            <display_entry name="WAA" title_key="DivDesc2" display_type="Time"/>
            <display_entry name="DEFEE" title_key="DP" display_type="Time"/>
            <display_entry name="WAA" title_key="DivDesc3" display_type="Time"/>
        </item_display_info>
        <item_display_info display_type="JDC2" display_group="groupConsumables">
            <display_entry name="jdci" title_key="AAP4" display_type="Time"/>
            <display_entry name="dStaminaRegen" title_key="statStaminaRegen" display_type="Percent"/>
            <display_entry name="dRunSpeed" title_key="statRunSpeed" display_type="Percent" display_leading_plus="true"/>
            <display_entry name="dDuration" title_key="statDuration" display_type="Time"/>
        </item_display_info>


    </append>
</MalenEI>