<config>
    <remove xpath="/controls/quest_objective_tracker_entry"/>
    <append xpath="/controls">
        <kh12_craft_queue_stack>
			<rect controller="RecipeStack" width="57" height="57" collider_scale="1.1">
				<sprite depth="2" name="backgroundMain" sprite="menu_empty3px" pos="-3,3" width="63" height="63" color="[black]" type="sliced" fillcenter="false" />	
				<sprite name="background" color="[mediumGrey]" type="sliced" style="press" on_hover="true"/>
				<sprite depth="1" name="itemIcon" width="53" height="53" atlas="ItemIconAtlas" sprite="" pos="0,-5" pivot="topleft" foregroundlayer="true"/>
				<sprite depth="4" name="lockIcon" width="16" height="16" sprite="ui_game_symbol_hammer" pos="2,-2" visible="false" foregroundlayer="true"/>
				<label depth="4" name="count" pos="4,-42" width="53" height="16" text="Test" font_size="16" justify="right" effect="outline" />
				<label depth="4" name="timer" pos="34,-38" width="55" height="16" font_size="16" justify="center" pivot="center" color="[beige]"/>
				<sprite depth="2" name="overlay" width="55" height="55" color="32,32,32,128" type="sliced"/>
				<sprite depth="3" name="cancel" sprite="ui_game_symbol_x" width="55" height="55" color="255,0,0,0" type="sliced" visible="false" foregroundlayer="true"/>
			</rect>
		</kh12_craft_queue_stack>

        <invetNum>
            <rect>
                <sprite depth="19" pos="0,0" height="17" width="${vwidth}" color="[black]" type="sliced" foregroundlayer="true" />
		        <label depth="20" name="slot#" pos="4,0" width="${vwidth2}" height="16" text_key="${txtNum}" font_size="16" color="" crispness="Never" effect="outline" effect_distance="1,1"/>
            </rect>            
        </invetNum>
        <h7sbParty_entry>
            <rect width="200" height="42" controller="PartyEntry" visible="{partyvisible}" default_health_color="255,0,0,194" twitch_health_color="100,65,165,128">
                <rect>
                    <sprite depth="1" name="border" color="0,0,0,128" type="sliced"/>
                    <sprite depth="2" name="background" color="0,0,0" type="sliced" />
                    <sprite depth="1" name="border" color="0,0,0,255" type="sliced" fillcenter="false"/>
                    <filledsprite depth="5" name="BarHealth" color="{healthcolor}" width="199" height="40" pos="1,-1" type="filled" fill="{healthfill}" />
                    <filledsprite depth="3" name="BarHealthModifiedMax" color="110,110,110,128" width="199" type="filled" fill="{healthmodifiedmax}" />
                    <filledsprite depth="3" name="BarHealthModifiedMax" color="0,0,0,255" fillcenter="false" type="filled" fill="{healthmodifiedmax}" />
                    <filledsprite depth="8" name="BarHealthModifiedMax" color="0,0,0,255" fillcenter="false" type="filled" fill="{healthmodifiedmax}" />
                </rect>                
                <rect>
                    <sprite pos="135,-3" depth="8" name="icon2" style="icon30px" sprite="{icon2}" visible="{showicon2}" />
                    <sprite pos="167,-3" depth="8" name="icon1" style="icon30px" sprite="ui_game_symbol_twitch_leaderboard" color="255,255,255,128" visible="{showicon1}" />
                    <label depth="6" name="TextContent" pos="30, -10" font_size="24" color="{distancecolor}" justify="left" pivot="topleft" text="{name} {level}" height="30" width="100" effect="outline" effect_distance="1,1" effect_color="0,0,0,255"/>
                    <label depth="6" name="TextContent" pos="202,-24" font_size="20" color="{distancecolor}" pivot="topleft" text="{distance}" height="30" effect="outline" effect_distance="1,1" effect_color="0,0,0,255"/>
                    <sprite depth="8" name="arrowContent" style="icon22px" pos="220,-14" size="16,16" sprite="ui_game_symbol_map_player_arrow" visible="{showarrow}" pivot="center" color="{arrowcolor}" />
                    <sprite depth="8" name="voiceStatus" style="icon22px" pos="15,-22" sprite="ui_game_symbol_noise" size="18,18" visible="{voicevisible}" pivot="center" color="{# voicemuted ? '200,0,0,255' : (voiceactive ? '255,255,255,255' : '128,128,128,255') }" />
                </rect>
            </rect>
        </h7sbParty_entry>
        <quest_objective_tracker_entry>
            <rect width="300" height="26" controller="QuestTrackerObjectiveEntry" visible="{hasobjective}">
                <sprite depth="2" name="iconTrack" style="icon22px" pos="280,2" color="{objectivecompletecolor}" sprite="{objectivecompletesprite}" visible="{objectiveshowicon}" />
                <label depth="1" pos="0,4" text="{objectiveoptional}[{objectivephasehexcolor}]{objectivedescription}[-] [{objectivecompletehexcolor}]{objectivestate}[-]" font_size="26" justify="right" visible="{hasobjective}" width="{objectivetextwidth}" effect="outline" effect_distance="1,1" effect_color="0,0,0,255"/>
            </rect>
        </quest_objective_tracker_entry>
    </append>
</config>