<MalenDI>
	<append xpath="/blocks">
		<!-- ▼▲▼▲▼▲▼▲▼▲▼▲▼▲▼▲▼▲ X ▼▲▼▲▼▲▼▲▼▲▼▲▼▲▼▲▼▲ -->
			<block name="Xblock">
				<property name="ItemTypeIcon" value="star"/>
				<property name="CustomIcon" value="cntHardenedChestSecureT5"/>
				<property name="CustomIconTint" value="292726"/>
				<property name="Tags" value="workbench"/>
				<property name="UnlockedBy" value="perkAdvancedEngineering"/>
				<property name="MultiBlockDim" value="2,1,1"/>
				<property name="Texture" value="62"/>
				<property name="MaxDamage" value="1000"/>

				<property name="Shape" value="ModelEntity"/>
				<property name="Model" value="@:Entities/LootContainers/tier5LootChestPrefab.prefab"/>

				<property name="Class" value="Workstation"/>
				<property name="Material" value="Mmetal"/>
				<property name="StabilitySupport" value="true"/>
				<property name="DisplayType" value="blockMulti"/>
				<property name="ImposterDontBlock" value="true"/>
				<property name="Place" value="TowardsPlacerInverted"/>
				<property name="OnlySimpleRotations" value="true"/>
				<property name="IsTerrainDecoration" value="true"/>
				<property name="Stacknumber" value="1"/>

				<property class="Workstation">
					<property name="Modules" value="output"/>
					<property name="CraftingAreaRecipes" value="legenstation"/>
				</property>

				<property name="WorkstationIcon" value="ui_game_symbol_workbench"/>

				<property name="OpenSound" value="open_apache_artifact_chest"/>
				<property name="CloseSound" value="close_workbench"/>

				<property name="WorkstationJournalTip" value="workbenchTip"/>

				<property class="RepairItems">
					<property name="resourceForgedIron" value="25"/>
					<property name="resourceMechanicalParts" value="20"/>
					<property name="resourceWood" value="50"/>
				</property>
				<drop event="Harvest" name="resourceScrapIron" count="200" tag="allHarvest"/>
				<drop event="Destroy" count="0"/>
				<drop event="Fall" name="terrDestroyedWoodDebris" count="1" prob="0.75" stick_chance="1"/>
				<property name="TakeDelay" value="5"/>

				<property name="EconomicValue" value="2000"/>
				<property name="Group" value="Building,advBuilding"/>
				<property name="FilterTags" value="fdecor,fother,ffurniture"/>
				<property name="SortOrder1" value="70i0"/>
				<property name="WorkstationWindow" value="workstation_workbench" />
			</block>
	</append>
</MalenDI>