<MalenEI>
	<append xpath="/items">
		
	<!-- ▼▲▼▲▼▲▼▲▼▲▼▲▼▲▼▲▼▲ Donation Items ▼▲▼▲▼▲▼▲▼▲▼▲▼▲▼▲▼▲ -->
		
		<item name="donacion_LlaveInglesa">
			<property name="Extends" value="meleeToolSalvageT1Wrench"/>
			<property name="Tags" value="blunt,melee,grunting,light,tool,attPerception,canHaveCosmetic,admin,perkSalvageOperations,salvageHarvest"/>
			<property name="DisplayType" value="melee"/>
			<property name="CustomIcon" value="meleeToolSalvageT1Wrench"/>
			<property name="CustomIconTint" value="255,255,0"/>
			<property name="TintColor" value="255,255,0"/>
			<property name="CreativeMode" value="Dev"/>
			<property name="ShowQuality" value="false"/>
			<property name="ItemTypeIcon" value="star"/>
			<property name="Material" value="Morganic"/>
			<property name="UnlockedBy" value="HML"/>
			<property name="DescriptionKey" value="LTDesc"/>
			<effect_group>
				<passive_effect name="AttacksPerMinute" operation="base_set" value="80"/>
				<passive_effect name="EntityDamage" operation="base_set" value="1"/>
				<passive_effect name="BlockDamage" operation="base_set" value="150"/>
				<passive_effect name="HarvestCount" operation="base_set" value="1" tags="salvageHarvest"/>
				<passive_effect name="MaxRange" operation="base_set" value="5"/>
				<passive_effect name="BlockRange" operation="base_set" value="5"/>
				<passive_effect name="StaminaLoss" operation="base_set" value="8" tags="primary"/>
				<passive_effect name="DegradationMax" operation="base_set" value="9999" tags="admin"/>
				<passive_effect name="DegradationPerUse" operation="base_set" value="0" tags="admin"/>
				<passive_effect name="ModSlots" operation="base_set" value="0"/>
				<passive_effect name="DamageModifier" operation="perc_add" value="-.5" tags="wood"/>
				<passive_effect name="DamageModifier" operation="perc_add" value="-.75" tags="earth"/>
				<passive_effect name="DamageModifier" operation="perc_add" value="-.5" tags="stone"/>
			</effect_group>
		</item>
		<item name="donacion_PicoDeAcero">
			<property name="Extends" value="meleeToolPickT2SteelPickaxe"/>
			<property name="Tags" value="melee,light,tool,attStrength,perkMiner69r,perkMotherLode,canHaveCosmetic,admin,miningTool"/>
			<property name="DisplayType" value="meleeRepairTool"/>
			<property name="CustomIcon" value="meleeToolPickT2SteelPickaxe"/>
			<property name="CustomIconTint" value="255,255,0"/>
			<property name="TintColor" value="255,255,0"/>
			<property name="CreativeMode" value="Dev"/>
			<property name="EconomicValue" value="93750"/>
			<property name="ShowQuality" value="false"/>
			<property name="ItemTypeIcon" value="star"/>
			<property name="UnlockedBy" value="HML"/>
			<property name="Material" value="Morganic"/>
			<property name="DescriptionKey" value="LTDesc"/>
			<effect_group>
				<passive_effect name="EntityDamage" operation="base_set" value="1"/>
				<passive_effect name="BlockDamage" operation="base_set" value="250"/>
				<passive_effect name="AttacksPerMinute" operation="base_set" value="70"/>
				<passive_effect name="MaxRange" operation="base_set" value="5"/>
				<passive_effect name="BlockRange" operation="base_set" value="5"/>
				<passive_effect name="StaminaLoss" operation="base_set" value="8" tags="primary"/>
				<passive_effect name="DegradationMax" operation="base_set" value="9999" tags="admin"/>
				<passive_effect name="DegradationPerUse" operation="base_set" value="0" tags="admin"/>
				<passive_effect name="ModSlots" operation="base_set" value="0"/>
				<passive_effect name="HarvestCount" operation="base_set" value="1" tags="oreWoodHarvest"/>
				<passive_effect name="DamageModifier" operation="perc_add" value="-10" tags="wood"/>
				<passive_effect name="PlayerExpGain" operation="base_set" value="30" tags="Harvesting"/>

				<!--<passive_effect name="PlayerExpGain" operation="perc_add" value="-.2"/>-->				<!--Regulate exp-->
			</effect_group>
		</item>
		<item name="donacion_HachaDeAcero">
			<property name="Extends" value="meleeToolAxeT2SteelAxe"/>
			<property name="Tags" value="melee,light,tool,attStrength,perkMiner69r,perkMotherLode,canHaveCosmetic,admin"/>
			<property name="DisplayType" value="meleeRepairTool"/>
			<property name="CustomIcon" value="meleeToolAxeT2SteelAxe"/>
			<property name="CustomIconTint" value="255,255,0"/>
			<property name="TintColor" value="255,255,0"/>
			<property name="CreativeMode" value="Dev"/>
			<Property name="TintColor" value="ff00ff"/>
			<property name="ShowQuality" value="false"/>
			<property name="ItemTypeIcon" value="star"/>
			<property name="UnlockedBy" value="HML"/>
			<property name="EconomicValue" value="93750"/>
			<property name="Material" value="Morganic"/>
			<property name="DescriptionKey" value="LTDesc"/>
			<effect_group>
				<passive_effect name="EntityDamage" operation="base_set" value="50"/>
				<passive_effect name="BlockDamage" operation="base_set" value="300"/>
				<passive_effect name="AttacksPerMinute" operation="base_set" value="100"/>
				<passive_effect name="HarvestCount" operation="base_set" value="1" tags="oreWoodHarvest"/>
				<passive_effect name="MaxRange" operation="base_set" value="5"/>
				<passive_effect name="BlockRange" operation="base_set" value="5"/>
				<passive_effect name="StaminaLoss" operation="base_set" value="8" tags="primary"/>
				<passive_effect name="DegradationMax" operation="base_set" value="9999" tags="admin"/>
				<passive_effect name="DegradationPerUse" operation="base_set" value="0" tags="admin"/>
				<passive_effect name="ModSlots" operation="base_set" value="5"/>
				<passive_effect name="DamageModifier" operation="perc_add" value="-.98" tags="metal"/>
				<passive_effect name="DamageModifier" operation="perc_add" value="-.98" tags="earth"/>
				<passive_effect name="DamageModifier" operation="perc_add" value="-.98" tags="stone"/>
			</effect_group>
		</item>
		<item name="donacion_DestornilladorDeImpacto">
			<property name="Extends" value="meleeToolSalvageT3ImpactDriver"/>
				<property name="CustomIcon" value="meleeToolSalvageT3ImpactDriver"/>
				<property name="CustomIconTint" value="255,255,0"/>
				<property name="TintColor" value="255,255,0"/>
				<property name="EconomicValue" value="1500"/>
				<property name="Stacknumber" value="1"/>
				<property name="CreativeMode" value="Dev"/>
				<property name="ShowQuality" value="false"/>
				<property name="Material" value="Morganic"/>
				<property name="ItemTypeIcon" value="star"/>
				<property name="UnlockedBy" value="HML"/>
				<property name="Group" value="Tools/Traps"/>
				<property name="DescriptionKey" value="LTDesc"/>
				<property name="Candrop" value="false"/>
				
			<effect_group>
				<passive_effect name="AttacksPerMinute" operation="base_set" value="150"/>
				<passive_effect name="EntityDamage" operation="base_set" value="1"/>
				<passive_effect name="BlockDamage" operation="base_set" value="1250"/>
				<passive_effect name="PlayerExpGain" operation="base_set" value="30" tags="Harvesting"/>
				<passive_effect name="HarvestCount" operation="base_set" value="2" tags="salvageHarvest"/>

				<passive_effect name="MaxRange" operation="base_set" value="10"/>
				<passive_effect name="BlockRange" operation="base_set" value="10"/>
				<passive_effect name="StaminaLoss" operation="base_set" value="1" tags="primary"/>
				<passive_effect name="DegradationMax" operation="base_set" value="9999" tags="admin"/>
				<passive_effect name="DegradationPerUse" operation="base_set" value="0" tags="admin"/>
				<passive_effect name="ModSlots" operation="base_set" value="0"/>
				<passive_effect name="DamageModifier" operation="perc_add" value="-.9" tags="wood"/>
				<passive_effect name="DamageModifier" operation="perc_add" value="-.9" tags="earth"/>
				<passive_effect name="DamageModifier" operation="perc_add" value="-.9" tags="stone"/>
				<passive_effect name="StaminaLoss" operation="base_set" value="1" tags="primary"/>
			</effect_group>
		</item>	
		<item name="donacion_Nailgun">
			<property name="Extends" value="meleeToolRepairT3Nailgun"/>
			<property name="Tags" value="melee,light,tool,attStrength,perkMiner69r,perkMotherLode,canHaveCosmetic,admin"/>
			<property name="DisplayType" value="meleeRepairTool"/>
			<property name="CustomIcon" value="meleeToolRepairT3Nailgun"/>
			<property name="CustomIconTint" value="255,255,0"/>
			<property name="TintColor" value="255,255,0"/>
			<property name="CreativeMode" value="Dev"/>
			<property name="ShowQuality" value="false"/>
			<property name="ItemTypeIcon" value="star"/>
			<property name="Material" value="Morganic"/>
			<property name="EconomicValue" value="93750"/>
			<property name="UnlockedBy" value="PBMT"/>
			<property name="DisplayType" value="legendNailgun"/>
			<property name="DescriptionKey" value="LTDesc"/>
			<property class="Action0">
				<property name="Class" value="Ranged"/>
				<property name="Hitmask_override" value="Melee"/>
				<property name="Delay" value=".150"/>
				<property name="Range" value="15"/>
				<property name="Single_magazine_usage" value="true"/>
				<property name="Infinite_ammo" value="true"/>
				<property name="Magazine_items" value="ammo9mmBulletBall"/>
				<property name="Reload_time" value="4.1"/>
				<property name="Sound_start" value=""/>
				<property name="Sound_repeat" value=""/>
				<property name="Sound_end" value=""/>
				<property name="Sound_empty" value="dryfire"/>
				<property name="Sound_reload" value="mp5_reload"/>
				<property name="Particles_muzzle_fire" value="nozzleflashuzi"/>
				<property name="Particles_muzzle_smoke" value="nozzlesmokeuzi"/>
			</property>
			<property class="Action1">
				<property name="Range" value="15"/>
				<property name="Sound_start" value="swoosh"/>
				<property name="Class" value="Repair"/>
				<property name="Delay" value=".20"/>
				<property name="Repair_amount" value="5000"/>
				<property name="Upgrade_hit_offset" value="-5"/>
				<property name="Sound_start" value="repair_block"/>
				<property name="Allowed_upgrade_items" value="resourceWood,resourceClayLump,resourceSnowBall,resourceScrapIron,resourceForgedIron,resourceForgedSteel,resourceConcreteMix,resourceCobblestones,ironDoor1_v1,vaultDoor01,scrapHatch_v1,vaultHatch_v1,resourceYuccaFibers,resourceCloth,resourceScrapPolymers,resourceNail,resourceSteelPolishR"/>
				<property name="UsePowerAttackAnimation" value="false"/>
			</property>
			<effect_group>					
				<display_value name="dBlockRepairAmount" value="5000"/>
				<passive_effect name="SpreadDegreesVertical" operation="base_set" value="0"/>
				<passive_effect name="SpreadDegreesHorizontal" operation="base_set" value="0"/>
				<passive_effect name="SpreadMultiplierAiming" operation="base_set" value="0"/>
				<passive_effect name="SpreadMultiplierHip" operation="base_set" value="0"/>
				<passive_effect name="KickDegreesVerticalMin" operation="base_set" value="0"/>
				<passive_effect name="KickDegreesVerticalMax" operation="base_set" value="0"/>
				<passive_effect name="KickDegreesHorizontalMin" operation="base_set" value="0"/>
				<passive_effect name="KickDegreesHorizontalMax" operation="base_set" value="0"/>
				<passive_effect name="AttacksPerMinute" operation="base_set" value="300"/>
				<passive_effect name="RoundsPerMinute" operation="base_set" value="300" tags="perkMiner69r"/>
				<passive_effect name="BurstRoundCount" operation="base_set" value="300" tags="perkMiner69r"/>
				<passive_effect name="EntityDamage" operation="base_set" value="1"/>
				<passive_effect name="BlockDamage" operation="base_set" value="20000"/>
				<passive_effect name="DamageFalloffRange" operation="base_set" value="15" tags="perkMiner69r"/>
				<passive_effect name="MaxRange" operation="base_set" value="15"/>
				<passive_effect name="BlockRange" operation="base_set" value="15"/>
				<passive_effect name="StaminaLoss" operation="base_set" value="0" tags="primary"/>					
				<passive_effect name="DegradationMax" operation="base_set" value="9999" tags="admin"/>
				<passive_effect name="DegradationPerUse" operation="base_set" value="0" tags="admin"/>
				<passive_effect name="ModSlots" operation="base_set" value="1"/>
				<passive_effect name="BurstRoundCount" operation="base_set" value="1000" tags="perkMiner69r"/>
				<display_value name="dPlayerExpGain" value=".25"/>
				<passive_effect name="PlayerExpGain" operation="perc_add" value=".25"/>
				<passive_effect name="PlayerExpGain" operation="perc_add" value="3" tags="Upgrading"/>
				<passive_effect name="PlayerExpGain" operation="perc_add" value="3" tags="Repairing"/>

			</effect_group>
			<effect_group>
				<requirement name="HasBuff" buff="PPBF"/>
				<passive_effect name="PlayerExpGain" operation="perc_add" value="-.125"/>
			</effect_group>
			<effect_group>
				<requirement name="HasBuff" buff="PPBF2"/>
				<passive_effect name="PlayerExpGain" operation="perc_add" value="-.1875"/>
			</effect_group>
			<effect_group>
				<requirement name="HasBuff" buff="PPBF3"/>
				<passive_effect name="PlayerExpGain" operation="perc_add" value="-.1875"/>
			</effect_group>
		</item>
		<item name="donacion_Barrena">
			<property name="Tags" value="melee,heavy,tool,motorTool,attStrength,perkMiner69r,perkMotherLode,miningTool,canHaveCosmetic,harvestingSkill"/>
			<property name="DisplayType" value="motorTool"/>
			<property name="CustomIcon" value="meleeToolPickT3Auger"/>
			<property name="CustomIconTint" value="255,255,0"/>
			<property name="TintColor" value="255,255,0"/>
			<property name="ItemTypeIcon" value="star"/>
			<property name="HoldType" value="20"/>
			<property name="Meshfile" value="@:Other/Items/Tools/Auger/augerPrefab.prefab"/>
			<property name="Material" value="MMotorToolParts"/>
			<property name="Weight" value="6"/>
			<property name="RepairTools" value="resourceRepairKit"/>
			<property name="SoundIdle" value="Auger_Idle"/>
			<property name="Particles_muzzle_smoke" value="nozzlesmoke_chainsaw"/>
			<property name="Group" value="Tools/Traps"/>
			<property name="RepairExpMultiplier" value="10.8"/>
			<property name="EconomicValue" value="1"/>
			<property name="ShowQuality" value="false"/>
			<property name="EconomicValue" value="165000"/>
			<property name="CreativeMode" value="Dev"/>
			<property name="UnlockedBy" value="HML"/>
			<property name="DescriptionKey" value="LTDesc"/>
			<property name="Candrop" value="false"/>
			<property class="Action0">
				<property name="Class" value="Ranged"/>
				<property name="Hitmask_override" value="Melee"/>
				<property name="UseMeleeCrosshair" value="true"/>
				<property name="Single_magazine_usage" value="false"/>
				<property name="Magazine_items" value="ammoGasCan"/>
				<property name="Bullet_material" value="metal"/>
				<property name="Reload_time" value="3"/>
				<property name="Sound_start" value="Auger_Fire_Start"/>
				<property name="Sound_repeat" value="Weapons/Motorized/Auger/auger_fire_lp"/>
				<property name="Sound_end" value="Weapons/Motorized/Auger/auger_fire_end"/>
				<property name="Sound_empty" value="auger_empty"/>
				<property name="Sound_reload" value="Auger_Reload"/>
				<property name="Particles_muzzle_smoke" value="nozzlesmoke_chainsaw"/>
				<!--  <property name="DamageBonus.wood" value=".25"/>  -->
				<!--  <property name="DamageBonus.head" value="3"/>  -->
				<property name="SupportHarvesting" value="true"/>					
				<property name="ToolCategory.harvestingTools" value="1" param1="1"/>
					<property name="triggerEffectTriggerPullDualsense" value="PistolTrigger"/>
					<property name="triggerEffectTriggerPullXbox" value="PistolTrigger"/>
					<property name="triggerEffectTriggerShootDualsense" value="PistolShoot"/>
					<property name="triggerEffectTriggerShootXbox" value="PistolShoot"/>
			</property>
			<effect_group name="meleeToolPickT3Auger">
				<passive_effect name="EntityDamage" operation="base_set" value="10" tags="perkMiner69r"/>
				<passive_effect name="BlockDamage" operation="base_set" value="500" tags="perkMiner69r,miningTool"/>
				<passive_effect name="RoundsPerMinute" operation="base_set" value="120" tags="perkMiner69r"/>
				<passive_effect name="DegradationMax" operation="base_set" value="9999" tier="1,6" tags="admin"/>
				<passive_effect name="DegradationPerUse" operation="base_set" value="0" tags="perkMiner69r"/>
				<passive_effect name="MaxRange" operation="base_set" value="10" tags="perkMiner69r"/>
				<passive_effect name="BlockRange" operation="base_set" value="10" tags="perkMiner69r"/>
				<passive_effect name="ModSlots" operation="base_set" value="1"/>
				<passive_effect name="ModPowerBonus" operation="perc_add" value="0" tags="EntityDamage,BlockDamage"/>
				<passive_effect name="ModPowerBonus" operation="base_add" value="300" tags="EconomicValue"/>
				<passive_effect name="SphereCastRadius" operation="base_set" value=".1"/>
				<passive_effect name="DamageFalloffRange" operation="base_set" value="150" tags="perkMiner69r"/>
				<passive_effect name="PlayerExpGain" operation="base_set" value="20" tags="Harvesting"/>
				<passive_effect name="DamageModifier" operation="perc_add" value="-2" tags="wood"/>
				<passive_effect name="BurstRoundCount" operation="base_set" value="1000" tags="perkMiner69r"/>
				<passive_effect name="MagazineSize" operation="base_set" value="1000" tags="perkMiner69r"/>
				<passive_effect name="ReloadSpeedMultiplier" operation="base_set" value="2" tags="perkMiner69r"/>
				<!--  3.5s  -->
				<passive_effect name="SpreadDegreesVertical" operation="base_set" value=".5" tags="perkMiner69r"/>
				<passive_effect name="SpreadDegreesHorizontal" operation="base_set" value=".5" tags="perkMiner69r"/>
				<passive_effect name="KickDegreesVerticalMin" operation="base_set" value="-.35" tags="perkMiner69r"/>
				<passive_effect name="KickDegreesVerticalMax" operation="base_set" value=".35" tags="perkMiner69r"/>
				<passive_effect name="KickDegreesHorizontalMin" operation="base_set" value="-.35" tags="perkMiner69r"/>
				<passive_effect name="KickDegreesHorizontalMax" operation="base_set" value=".35" tags="perkMiner69r"/>
				<passive_effect name="IncrementalSpreadMultiplier" operation="base_set" value="1" tags="perkMiner69r"/>
				<passive_effect name="WeaponHandling" operation="base_set" value="6" tags="perkMiner69r"/>
				<passive_effect name="HarvestCount" operation="base_set" value="1.2" tags="oreWoodHarvest"/>
			</effect_group>
		</item>
		<item name="donacion_Motosierra">
			<property name="CustomIcon" value="meleeToolAxeT3Chainsaw"/>
			<property name="CustomIconTint" value="255,255,0"/>
			<property name="TintColor" value="255,255,0"/>
			<property name="ItemTypeIcon" value="star"/>
			<property name="Tags" value="melee,heavy,tool,motorTool,attStrength,perkMiner69r,perkMotherLode,chainsaw,canHaveCosmetic"/>
			<property name="DisplayType" value="motorTool"/>
			<property name="HoldType" value="19"/>
			<property name="Meshfile" value="@:Other/Items/Weapons/Melee/Chainsaw/chainsawPrefab.prefab"/>
			<property name="Material" value="MMotorToolParts"/>
			<property name="Weight" value="6"/>

			<property name="RepairTools" value="resourceRepairKit"/>
			<property name="SoundIdle" value="chainsaw_idle"/>
			<property name="Group" value="Tools/Traps"/>
			<property name="RepairExpMultiplier" value="10.8"/>

			<property name="EconomicValue" value="165000"/>
			<property name="ShowQuality" value="false"/>
			<property name="CreativeMode" value="Dev"/>
			<property name="UnlockedBy" value="HML"/>
			<property name="DescriptionKey" value="LTDesc"/>
			<property class="Action0">
				<property name="Class" value="Ranged"/>
				<property name="Hitmask_override" value="Melee"/>
				<!--  "Class" value="Ranged" is hardcoded to never collide with grass regardless  -->
				<property name="UseMeleeCrosshair" value="true"/>
				<property name="Single_magazine_usage" value="false"/>
				<property name="Magazine_items" value="ammoGasCan"/>
				<property name="Bullet_material" value="metal"/>
				<property name="Reload_time" value="4.1"/>
				<property name="Sound_start" value="chainsaw_fire_start"/>
				<property name="Sound_empty" value="chainsaw_empty"/>
				<property name="Sound_repeat" value="Sounds/Weapons/Motorized/Chainsaw/chainsaw_fire_lp"/>
				<property name="Sound_end" value="Sounds/Weapons/Motorized/Chainsaw/chainsaw_fire_end"/>
				<property name="Sound_reload" value="chainsaw_reload"/>
				<property name="Particles_muzzle_smoke" value="nozzlesmoke_chainsaw"/>
				<!--  <property name="DamageBonus.wood" value="10"/>
						<property name="DamageBonus.head" value="5"/>  -->
				<property name="SupportHarvesting" value="true"/>
				<property name="ToolCategory.harvestingTools" value="1" param1="1"/>
			</property>
			<effect_group name="meleeToolAxeT3Chainsaw">
				<passive_effect name="EntityDamage" operation="base_set" value="35" tags="perkMiner69r"/>
				<passive_effect name="BlockDamage" operation="base_set" value="600" tags="perkMiner69r"/>
				<passive_effect name="RoundsPerMinute" operation="base_set" value="300" tags="perkMiner69r"/>
				<passive_effect name="DegradationMax" operation="base_set" value="9999" tags="admin"/>
				<passive_effect name="DegradationPerUse" operation="base_set" value="0" tags="admin"/>
				<passive_effect name="MaxRange" operation="base_set" value="5" tags="perkMiner69r"/>
				<passive_effect name="BlockRange" operation="base_set" value="5" tags="perkMiner69r"/>
				<passive_effect name="ModSlots" operation="base_set" value="1" tier="1,2,3,4,5,6"/>
				<passive_effect name="ModPowerBonus" operation="perc_add" value="0" tags="EntityDamage,BlockDamage"/>
				<passive_effect name="ModPowerBonus" operation="base_add" value="300" tags="EconomicValue"/>
				<passive_effect name="SphereCastRadius" operation="base_set" value=".1"/>
				<passive_effect name="DamageFalloffRange" operation="base_set" value="100" tags="perkMiner69r"/>

				<passive_effect name="PlayerExpGain" operation="perc_add" value="-.3" tags="Harvesting"/>

				<passive_effect name="DamageModifier" operation="perc_add" value="-2" tags="earth"/>
				<passive_effect name="DamageModifier" operation="perc_add" value="-2" tags="stone"/>
				<passive_effect name="DamageModifier" operation="perc_add" value="-2" tags="metal"/>
				<passive_effect name="BurstRoundCount" operation="base_set" value="500" tags="perkMiner69r"/>
				<passive_effect name="MagazineSize" operation="base_set" value="300" tags="perkMiner69r"/>
				<passive_effect name="ReloadSpeedMultiplier" operation="base_set" value="2" tags="perkMiner69r"/>
				<!--  3.5s  -->
				<passive_effect name="SpreadDegreesVertical" operation="base_set" value=".5" tags="perkMiner69r"/>
				<passive_effect name="SpreadDegreesHorizontal" operation="base_set" value=".5" tags="perkMiner69r"/>
				<passive_effect name="KickDegreesVerticalMin" operation="base_set" value="-.25" tags="perkMiner69r"/>
				<passive_effect name="KickDegreesVerticalMax" operation="base_set" value=".25" tags="perkMiner69r"/>
				<passive_effect name="KickDegreesHorizontalMin" operation="base_set" value="-.45" tags="perkMiner69r"/>
				<passive_effect name="KickDegreesHorizontalMax" operation="base_set" value=".45" tags="perkMiner69r"/>
				<passive_effect name="IncrementalSpreadMultiplier" operation="base_set" value="1" tags="perkMiner69r"/>
				<passive_effect name="WeaponHandling" operation="base_set" value="6" tags="perkMiner69r"/>
				<passive_effect name="HarvestCount" operation="base_set" value="1.2" tags="oreWoodHarvest"/>
			</effect_group>
		</item>		
		<item name="donacion_Martillo_Divino">
			<property name="Extends" value="myth_MartilloDivino"/>
			<property name="Tags" value="melee,light,tool,attStrength,perkMiner69r,perkMotherLode,admin,canHaveCosmetic,miningTool"/>
			<effect_group>
				<passive_effect name="AttacksPerMinute" operation="base_set" value="300"/>
				<passive_effect name="EntityDamage" operation="base_set" value="1"/>
				<passive_effect name="BlockDamage" operation="base_set" value="20000"/>
				<passive_effect name="MaxRange" operation="base_set" value="20"/>
				<passive_effect name="MaxRange" operation="base_set" value="20" tags="secondary"/>
				<passive_effect name="BlockRange" operation="base_set" value="20"/>
				<passive_effect name="StaminaLoss" operation="base_set" value="1" tags="primary"/>
				<passive_effect name="PlayerExpGain" operation="base_set" value="10" tags="Harvesting"/>
				<passive_effect name="HarvestCount" operation="base_set" value="1.5" tags="oreWoodHarvest"/>
				<passive_effect name="DegradationMax" operation="base_set" value="9999" tags="admin"/>
				<passive_effect name="DegradationPerUse" operation="base_set" value="0" tags="admin"/>
				<passive_effect name="ModSlots" operation="base_set" value="0"/>
				<passive_effect name="PlayerExpGain" operation="perc_add" value=".25" />					
				<display_value name="dBlockRepairAmount" value="7000"/>
			</effect_group>
		</item>

		<item name="uniqueArmorSwatSet">
            <property name="CustomIcon" value="bundleArmorHeavy"/>
            <property name="DescriptionKey" value="uArmorDesc"/>
            <property name="HoldType" value="45"/>
            <property name="Meshfile" value="@:Other/Items/Misc/sackPrefab.prefab"/>
            <property name="DropMeshfile" value="@:Other/Items/Misc/sack_droppedPrefab.prefab"/>
            <property name="Material" value="Mpaper"/>
            <property name="Stacknumber" value="1"/>
            <property name="ItemTypeIcon" value="bundle"/>
            <property name="Weight" value="0"/>
            <property name="Group" value="Special Items"/>
            <property class="Action0">
                <property name="Class" value="OpenBundle"/>
                <property name="Delay" value="0.5"/>
                <property name="Use_time" value="1"/>
                <property name="Sound_start" value="wrench_harvest"/>
                <property name="Create_item" value="donacion_LSAH,donacion_LSAA,donacion_LSAG,donacion_LSAL,donacion_LSAB"/>
                <property name="Create_item_count" value="6,6,6,6,6"/>
            </property>
        </item>
        <item name="uniqueArmorMiliSet">
			<property name="CustomIcon" value="bundleArmorLight"/>
			<property name="DescriptionKey" value="uArmorDesc2"/>
			<property name="HoldType" value="45"/>
			<property name="Meshfile" value="@:Other/Items/Misc/sackPrefab.prefab"/>
			<property name="DropMeshfile" value="@:Other/Items/Misc/sack_droppedPrefab.prefab"/>
			<property name="Material" value="Mpaper"/>
			<property name="Stacknumber" value="1"/>
			<property name="ItemTypeIcon" value="bundle"/>
			<property name="Weight" value="0"/>
			<property name="Group" value="Special Items"/>
			<property class="Action0">
				<property name="Class" value="OpenBundle"/>
				<property name="Delay" value="0.5"/>
				<property name="Use_time" value="1"/>
				<property name="Sound_start" value="wrench_harvest"/>
				<property name="Create_item" value="donacion_LMAH,donacion_LMAA,donacion_LMAG,donacion_LMAL,donacion_LMAB"/>
				<property name="Create_item_count" value="6,6,6,6,6"/>
			</property>
		</item>		
	<!-- ▼▲▼▲▼▲▼▲▼▲▼▲▼▲▼▲▼▲▼▲▼▲▼▲▼▲▼▲▼▲▼▲▼▲▼▲▼▲▼▲▼▲▼▲▼▲▼▲▼▲▼▲▼▲▼ -->

	<!-- ▼▲▼▲▼▲▼▲▼▲▼▲▼▲▼▲▼▲ Legend Melee Weapon ▼▲▼▲▼▲▼▲▼▲▼▲▼▲▼▲▼▲ -->
		<!-- ▼▲Legends▲▼ -->
		<item name="donacion_legendMelee_BlackSword">
			<property name="Extends" value="meleeWpnBladeT3Machete"/>
			<property name="CustomIcon" value="meleeWpnBladeT3Machete"/>
			<property name="CustomIconTint" value="255,255,0"/>
			<property name="TintColor" value="20,20,20"/>
			<property name="Material" value="Morganic"/>	
			<property name="EconomicValue" value="7000"/>	
			<property name="Tags" value="machete,melee,grunting,light,longShaft,perkFlurryOfBlows,weapon,meleeWeapon,attAgility,perkDeepCuts,perkTheHuntsman,canHaveCosmetic,legenMelee"/>
			<property name="Meshfile" value="@:Other/Items/Weapons/Melee/TaserBaton/TaserBatonPrefab.prefab"/>		

			<property name="Group" value="Ammo/Weapons"/>
			<property name="RepairExpMultiplier" value="5.5"/>
			<property name="ShowQuality" value="false"/>
			<property name="DegradationBreaksAfter" value="false"/>
			<property name="ItemTypeIcon" value="star"/>
			
			<property name="RepairTools" value=""/>
			<property name="Stacknumber" value="1"/>
			<property name="UnlockedBy" value="HML"/>

			<property class="Action0">
				<property name="Class" value="DynamicMelee"/>
				<property name="Damage_type" value="Slashing"/>
				<property name="Sphere" value=".15"/>
				<!-- limit to 0.15, else the sphere cast can overlap the target already -->
				<property name="Sound_start" value="machete_swinglight"/>
				<property name="ToolCategory.Butcher" value="0" param1="4.7"/>
				<!-- This triggers the use of the special corpse harvesting animation if there is a matching harvest event.
					Also, param1  is the damage multiplier for corpse harvesting. -->
				<property name="UseGrazingHits" value="true"/>
				<property name="GrazeStart" value=".28"/>
				<property name="GrazeEnd" value=".4"/>
				<property name="SwingDegrees" value="80"/>
				<property name="SwingAngle" value="130"/>
				<property class="HitSounds">
					<property name="Override0" value="organic" param1="metalslashorganic"/>
				</property>
				<property class="GrazeSounds">
					<property name="Override0" value="organic" param1="metalgrazeorganic"/>
				</property>
			</property>
			<property class="Action1">
				<property name="Class" value="DynamicMelee"/>
				<property name="Damage_type" value="Slashing"/>
				<property name="Sphere" value=".15"/>
				<!-- limit to 0.15, else the sphere cast can overlap the target already -->
				<property name="Sound_start" value="machete_swingheavy"/>
				<property name="ToolCategory.Butcher" value="0" param1="4.7"/>
				<property name="UsePowerAttackAnimation" value="true"/>

				<property name="UseGrazingHits" value="true"/>
				<property name="IsHorizontalSwing" value="true"/>
				<property name="GrazeStart" value=".3"/>
				<property name="GrazeEnd" value=".4"/>
				<property name="SwingDegrees" value="-80"/>
				<property name="SwingAngle" value="-60"/>
				<property class="HitSounds">
					<property name="Override0" value="organic" param1="metalslashorganic"/>
				</property>
				<property class="GrazeSounds">
					<property name="Override0" value="organic" param1="metalgrazeorganic"/>
				</property>
			</property>

			<effect_group name="DecoBase">
				<triggered_effect trigger="onSelfEquipStart" action="AttachPrefabToHeldItem" prefab="@:Other/Items/Items/Misc/sack.fbx" local_rotation="0,0,0" local_offset="0,0,0" parent_transform="Handle"/>
				<triggered_effect trigger="onSelfPrimaryActionUpdate" action="SetTransformActive" active="false"  parent_transform="Handle" transform_path="sackMesh"/>
				<triggered_effect trigger="onSelfPrimaryActionUpdate" action="SetTransformActive" active="false"  parent_transform="Handle" transform_path="sack_LOD1"/>
				<triggered_effect trigger="onSelfPrimaryActionUpdate" action="SetTransformActive" active="false"  parent_transform="Handle" transform_path="sack_LOD2"/>

				<triggered_effect trigger="onSelfEquipStart" action="AttachPrefabToHeldItem" prefab="Entities/Electrical/steel_dart" parentTransform="Handle" local_offset="0,.4,0" local_rotation="-90,90,90"/>
				<triggered_effect trigger="onSelfEquipStart" action="AttachPrefabToHeldItem" prefab="@:Other/Items/Weapons/Melee/Knives/hunting_knifePrefab.prefab" parent_transform="main1" local_offset="-.025,.19,0" local_rotation="0,90,0"/>
				<triggered_effect trigger="onSelfEquipStart" action="AttachPrefabToHeldItem" prefab="@:Other/Items/Weapons/Melee/Knives/hunting_knifePrefab.prefab" parent_transform="main2" local_offset=".025,.23,0" local_rotation="0,270,0" />
				<!--<triggered_effect trigger="onSelfEquipStart" action="AttachPrefabToHeldItem" prefab="@:Other/Items/Weapons/Melee/Knives/hunting_knifePrefab.prefab" parent_transform="Handle" local_offset="0,-0.08,.375" local_rotation="-90,90,90"/>-->
			</effect_group>
			
			


			<effect_group name="meleeWpnBladeT3Machete">
				<passive_effect name="EntityDamage" operation="base_set" value="59.4" tags="perkDeepCuts"/>
				<passive_effect name="BlockDamage" operation="base_set" value="42" tags="perkDeepCuts"/>
				<passive_effect name="EntityDamage" operation="perc_add" value=".65" tags="perkDeepCuts"/>
				<passive_effect name="BlockDamage" operation="perc_add" value=".65" tags="perkDeepCuts"/>
				<passive_effect name="AttacksPerMinute" operation="base_set" value="110" tags="perkDeepCuts,perkFlurryOfBlows"/>
				<passive_effect name="StaminaLoss" operation="base_set" value="9.6" tags="primary"/>
				<passive_effect name="DegradationMax" operation="base_set" value="9999" tags="perkDeepCuts"/>
				<passive_effect name="DegradationPerUse" operation="base_set" value="0" tags="perkDeepCuts"/>
				<passive_effect name="ModSlots" operation="base_set" value="5"/>
				<passive_effect name="MaxRange" operation="base_set" value="10" tags="perkDeepCuts"/>
				<passive_effect name="BlockRange" operation="base_set" value="10" tags="perkDeepCuts"/>
				<passive_effect name="ModPowerBonus" operation="perc_add" value=".10" tags="EntityDamage,BlockDamage"/>
				<passive_effect name="ModPowerBonus" operation="base_add" value="300" tags="EconomicValue"/>
				<passive_effect name="DamageModifier" operation="perc_add" value="-.8" tags="earth"/>
				<passive_effect name="DamageModifier" operation="perc_add" value="-.8" tags="stone"/>
				<passive_effect name="DamageModifier" operation="perc_add" value="-.8" tags="metal"/>
				<passive_effect name="HarvestCount" operation="base_set" value="2" tags="butcherHarvest"/>
				<!-- <passive_effect name="BlockDamage" operation="perc_add" value="1.5" tags="blockButcher"/> -->
			</effect_group>
			<effect_group name="Power Attack">
				<passive_effect name="EntityDamage" operation="perc_add" value="1" tags="secondary"/>
				<passive_effect name="BlockDamage" operation="perc_add" value="1" tags="secondary"/>
				<passive_effect name="StaminaLoss" operation="base_set" value="16.35" tags="secondary"/>
			</effect_group>
			<effect_group name="sneak damage bonus" tiered="false">
				<requirement name="CVarCompare" cvar="_crouching" operation="Equals" value="1"/>
				<requirement name="CVarCompare" cvar="_notAlerted" operation="GT" value="0" target="other"/>
				<passive_effect name="DamageBonus" operation="base_add" value="5"/>
				<passive_effect name="EntityDamage" operation="perc_add" value="5" tags="perkDeepCuts"/>
				<display_value name="dEntityDamageSneak" value="4"/>
			</effect_group>
		</item>
		<item name="donacion_legendMelee_Spear">
			<property name="CustomIcon" value="meleeWpnSpearT3SteelSpear"/>
			<property name="CustomIconTint" value="255,255,0"/>
			<property name="TintColor" value="255,255,0"/>

			<property name="Extends" value="meleeWpnSpearT1IronSpear"/>
			<property name="Meshfile" value="@:Other/Items/Weapons/Melee/Spear/spear_steel_Prefab.prefab"/>
			<property name="Tags" value="melee,grunting,medium,weapon,meleeWeapon,longShaft,attPerception,perkJavelinMaster,canHaveCosmetic,thrownWeapon,legenMelee"/>


			<property name="Weight" value="6"/>
			
			<property name="EconomicValue" value="700"/>
			<property name="UnlockedBy" value="HML"/>
			<property name="DegradationBreaksAfter" value="false"/>
			<property name="ItemTypeIcon" value="star"/>
			<property name="Material" value="Morganic"/>
			<property name="ShowQuality" value="false"/>
			<property name="RepairTools" value=""/>
			<property name="Stacknumber" value="1"/>
			<property class="Action1">
				<requirement name="StatCompareCurrent" stat="Stamina" operation="GTE" value="22.8"/>
			</property>

			<effect_group name="meleeWpnSpearT3SteelSpear">
				<passive_effect name="EntityDamage" operation="base_set" value="55.8" tags="perkJavelinMaster"/>
				<passive_effect name="BlockDamage" operation="base_set" value="18" tags="perkJavelinMaster"/>

				<passive_effect name="StaminaLoss" operation="base_set" value="11.2" tags="primary"/>

				<passive_effect name="DegradationMax" operation="base_set" value="9999" tags="perkJavelinMaster"/>
				<passive_effect name="DegradationPerUse" operation="base_set" value="0" tags="perkJavelinMaster"/>
				<!--  meleeWpnSpearT3SteelSpear  -->
				<passive_effect name="TargetArmor" operation="perc_add" value="-.3" tags="perkJavelinMaster"/>
				<display_value name="dTargetArmor" value="-.3"/>

				<passive_effect name="AttacksPerMinute" operation="base_set" value="110" tags="perkJavelinMaster"/>
				<passive_effect name="MaxRange" operation="base_set" value="4.2" tags="perkJavelinMaster"/>
				<passive_effect name="BlockRange" operation="base_set" value="4.5" tags="perkJavelinMaster"/>
				<passive_effect name="ModSlots" operation="base_set" value="5"/>

				<passive_effect name="ModPowerBonus" operation="perc_add" value=".10" tags="EntityDamage,BlockDamage"/>
				<passive_effect name="ModPowerBonus" operation="base_add" value="300" tags="EconomicValue"/>
				<passive_effect name="EntityDamage" operation="perc_add" value=".65" tags="perkJavelinMaster"/>
				<passive_effect name="BlockDamage" operation="perc_add" value=".65" tags="perkJavelinMaster"/>

				<passive_effect name="DamageModifier" operation="perc_add" value="-.8" tags="wood"/>
				<passive_effect name="DamageModifier" operation="perc_add" value="-.9" tags="stone"/>
				<passive_effect name="DamageModifier" operation="perc_add" value="-.9" tags="metal"/>
			</effect_group>
			<effect_group name="Throw">
				<passive_effect name="EntityDamage" operation="perc_add" value="2.85" tags="secondary"/>
				<passive_effect name="BlockDamage" operation="perc_add" value="2.85" tags="secondary"/>
				<passive_effect name="StaminaLoss" operation="base_set" value="22.4" tags="secondary"/>
			</effect_group>
			<property name="Group" value="Ammo/Weapons"/>
			<effect_group>
				<triggered_effect trigger="onSelfEquipStart" action="AttachPrefabToHeldItem" prefab="@:Other/Items/Items/Misc/sack.fbx" local_rotation="90,0,0" local_offset="0,.65,.04" parent_transform="Handle"/>
				<triggered_effect trigger="onSelfPrimaryActionUpdate" action="SetTransformActive" active="false" parent_transform="Handle" transform_path="sackMesh"/>
				<triggered_effect trigger="onSelfPrimaryActionUpdate" action="SetTransformActive" active="false" parent_transform="Handle" transform_path="sack_LOD1"/>
				<triggered_effect trigger="onSelfPrimaryActionUpdate" action="SetTransformActive" active="false" parent_transform="Handle" transform_path="sack_LOD2"/>
				<triggered_effect trigger="onSelfEquipStart" action="AttachPrefabToHeldItem" prefab="@:Other/Items/Weapons/Melee/Knives/hunting_knifePrefab.prefab" local_rotation="0,0,0.4" local_offset="0,-.075,0" parent_transform="main1"/>
				<triggered_effect trigger="onSelfEquipStart" action="AttachPrefabToHeldItem" prefab="@:Other/Items/Food/can_plain.fbx" local_rotation="90,0,0" local_offset="0,0,-.05" parent_transform="main1"/>
				<triggered_effect trigger="onSelfEquipStart" action="AttachPrefabToHeldItem" prefab="@:Other/Items/Weapons/Melee/Knives/hunting_knifePrefab.prefab" local_rotation="0,0,45" local_offset=".0375,0.0025,0" parent_transform="main2"/>
				<triggered_effect trigger="onSelfEquipStart" action="AttachPrefabToHeldItem" prefab="@:Other/Items/Weapons/Melee/Knives/hunting_knifePrefab.prefab" local_rotation="0,0,90" local_offset=".075,0.08,0" parent_transform="main3"/>
				<triggered_effect trigger="onSelfEquipStart" action="AttachPrefabToHeldItem" prefab="@:Other/Items/Weapons/Melee/Knives/hunting_knifePrefab.prefab" local_rotation="0,0,135" local_offset=".0375,0.1575,0" parent_transform="main4"/>
				<triggered_effect trigger="onSelfEquipStart" action="AttachPrefabToHeldItem" prefab="@:Other/Items/Weapons/Melee/Knives/hunting_knifePrefab.prefab" local_rotation="0,0,180" local_offset="0,0.235,-0" parent_transform="main5"/>
				<triggered_effect trigger="onSelfEquipStart" action="AttachPrefabToHeldItem" prefab="@:Other/Items/Weapons/Melee/Knives/hunting_knifePrefab.prefab" local_rotation="0,0,225" local_offset="-.0375,0.2375,0" parent_transform="main6"/>
				<triggered_effect trigger="onSelfEquipStart" action="AttachPrefabToHeldItem" prefab="@:Other/Items/Weapons/Melee/Knives/hunting_knifePrefab.prefab" local_rotation="0,0,270" local_offset="-.075,0.24,0" parent_transform="main7"/>
				<triggered_effect trigger="onSelfEquipStart" action="AttachPrefabToHeldItem" prefab="@:Other/Items/Weapons/Melee/Knives/hunting_knifePrefab.prefab" local_rotation="0,0,315" local_offset="-.0375,0.2425,0" parent_transform="main8"/>
			</effect_group>
		</item>
		<item name="donacion_legendMelee_GigaHammer">
			<property name="Extends" value="meleeWpnSledgeT3SteelSledgehammer"/>
			<property name="CustomIcon" value="meleeWpnSledgeT3SteelSledgehammer"/>
			<property name="Tags" value="blunt,melee,grunting,heavy,sledge,weapon,meleeWeapon,longShaft,attStrength,perkSkullCrusher,canHaveCosmetic,legenMelee"/>
			<property name="EconomicValue" value="700"/>
			<property name="Group" value="Ammo/Weapons"/>
			<property name="UnlockedBy" value="HML"/>
			<property name="DegradationBreaksAfter" value="false"/>
			<property name="ItemTypeIcon" value="star"/>
			<property name="HoldType" value="33"/>
			<property name="CustomIconTint" value="255,255,0"/>
			<property name="TintColor" value="255,255,0"/>
			<property name="ShowQuality" value="false"/>
			<property name="Material" value="Morganic"/>
			<property name="RepairTools" value=""/>
			<property name="Stacknumber" value="1"/>
			<property class="Action0">
				<property name="Class" value="DynamicMelee"/>
				<property name="Sphere" value=".15"/>
				<!-- limit to 0.15, else the sphere cast can overlap the target already -->
				<property name="Sound_start" value="sledge_swinglight"/>
				<property name="ToolCategory.harvestingTools" value=".5" param1="1"/>

				<property name="UseGrazingHits" value="true"/>
				<property name="GrazeStart" value=".515"/>
				<property name="GrazeEnd" value=".52"/>
				<property name="SwingDegrees" value="65"/>
				<property name="SwingAngle" value="160"/>
				<property class="HitSounds">
					<property name="Override0" value="organic" param1="metalsolidhitorganic"/>
				</property>
				<property class="GrazeSounds">
					<property name="Override0" value="organic" param1="metalgrazeorganic"/>
				</property>
			</property>
			<property class="Action1">
				<property name="Class" value="DynamicMelee"/>
				<property name="Sphere" value=".15"/>
				<!-- limit to 0.15, else the sphere cast can overlap the target already -->
				<property name="Sound_start" value="sledge_swingheavy"/>
				<property name="ToolCategory.harvestingTools" value=".5" param1="1"/>
				<property name="UsePowerAttackAnimation" value="true"/>

				<property name="UseGrazingHits" value="true"/>
				<property name="GrazeStart" value=".515"/>
				<property name="GrazeEnd" value=".52"/>
				<property name="SwingDegrees" value="110"/>
				<property name="SwingAngle" value="90"/>
				<property class="HitSounds">
					<property name="Override0" value="organic" param1="metalsolidhitorganic"/>
				</property>
				<property class="GrazeSounds">
					<property name="Override0" value="organic" param1="metalgrazeorganic"/>
				</property>
			</property>
			
			<effect_group name="meleeWpnSledgeT3SteelSledgehammer">
				<passive_effect name="EntityDamage" operation="base_set" value="138.6" tags="perkSkullCrusher"/>
				<!--  meleeWpnSledgeT3SteelSledgehammer  -->
				<passive_effect name="BlockDamage" operation="base_set" value="255" tags="perkSkullCrusher"/>
				<passive_effect name="AttacksPerMinute" operation="base_set" value="68" tags="perkSkullCrusher"/>
				<passive_effect name="StaminaLoss" operation="base_set" value="20.25" tags="primary"/>
				<passive_effect name="DegradationMax" operation="base_set" value="9999" tags="perkSkullCrusher"/>
				<passive_effect name="DegradationPerUse" operation="base_set" value="0" tags="perkSkullCrusher"/>
				<passive_effect name="MaxRange" operation="base_set" value="3.6" tags="perkSkullCrusher"/>
				<passive_effect name="BlockRange" operation="base_set" value="4.5" tags="perkSkullCrusher"/>
				<passive_effect name="DismemberChance" operation="base_add" value=".1" tags="perkSkullCrusher,primary"/>
				<passive_effect name="ModSlots" operation="base_set" value="5"/>
				<passive_effect name="ModPowerBonus" operation="perc_add" value=".10" tags="EntityDamage,BlockDamage"/>
				<passive_effect name="ModPowerBonus" operation="base_add" value="300" tags="EconomicValue"/>
				<passive_effect name="EntityDamage" operation="perc_add" value=".65" tags="perkSkullCrusher"/>
				<passive_effect name="BlockDamage" operation="perc_add" value=".65" tags="perkSkullCrusher"/>


			</effect_group>
			<effect_group name="Power Attack">
				<passive_effect name="EntityDamage" operation="perc_add" value="1.25" tags="secondary"/>
				<passive_effect name="BlockDamage" operation="perc_add" value="1.25" tags="secondary"/>
				<passive_effect name="StaminaLoss" operation="base_set" value="40.5" tags="secondary"/>
				<passive_effect name="DismemberChance" operation="base_add" value=".3" tags="secondary"/>
			</effect_group>

		</item>
		<item name="donacion_legendMelee_AssasinWeapon">
			<property name="CustomIcon" value="meleeWpnKnucklesT3SteelKnuckles"/>
			<property name="Extends" value="meleeWpnKnucklesT1IronKnuckles"/>
			<property name="Tags" value="blunt,melee,grunting,light,perkFlurryOfBlows,weapon,attFortitude,perkBrawler,canHaveCosmetic,legenMelee"/>
			<property name="Meshfile" value="@:Other/Items/Weapons/Melee/KnuckleWraps/knuckleWrapsRight_Prefab.prefab"/>
			<property name="HoldType" value="70"/>
			<property name="UnlockedBy" value="HML"/>
			<property name="DegradationBreaksAfter" value="false"/>
			<property name="ItemTypeIcon" value="star"/>
			<property name="Material" value="Morganic"/>
			<property name="CustomIconTint" value="255,255,0"/>
			<property name="TintColor" value="255,255,0"/>
			<property name="ShowQuality" value="false"/>
			<property name="RepairTools" value=""/>
			<property name="Stacknumber" value="1"/>
			<property class="Action0">
				<property name="ToolCategory.Butcher" value="5" param1="1.5"/>
				<property class="HitSounds">
					<property name="Override0" value="organic" param1="metalstaborganic"/>
				</property>
				<property class="GrazeSounds">
					<property name="Override0" value="organic" param1="metalgrazeorganic"/>
				</property>
			</property>
			<property class="Action1">
				<property name="ToolCategory.Butcher" value="0" param1="1.5"/>
				<property class="HitSounds">
					<property name="Override0" value="organic" param1="metalstaborganic"/>
				</property>
				<property class="GrazeSounds">
					<property name="Override0" value="organic" param1="metalgrazeorganic"/>
				</property>
			</property>
			<effect_group name="meleeWpnKnucklesT3SteelKnuckles">
				<passive_effect name="EntityDamage" operation="base_set" value="40.8" tags="perkBrawler"/>
				<passive_effect name="BlockDamage" operation="base_set" value="10.4" tags="perkBrawler"/>
				<passive_effect name="AttacksPerMinute" operation="base_set" value="200" tags="perkBrawler"/>
				<passive_effect name="StaminaLoss" operation="base_set" value="5.1" tags="primary"/>
				<passive_effect name="DegradationMax" operation="base_set" value="9999" tags="perkBrawler"/>
				<passive_effect name="DegradationPerUse" operation="base_set" value="0" tags="perkBrawler"/>
				<passive_effect name="MaxRange" operation="base_set" value="3.0" tags="perkBrawler"/>
				<passive_effect name="BlockRange" operation="base_set" value="4" tags="perkBrawler"/>
				<passive_effect name="ModSlots" operation="base_set" value="5"/>
				<passive_effect name="ModPowerBonus" operation="perc_add" value=".10" tags="EntityDamage,BlockDamage"/>
				<passive_effect name="ModPowerBonus" operation="base_add" value="300" tags="EconomicValue"/>
				<passive_effect name="EntityDamage" operation="perc_add" value=".65" tags="perkBrawler"/>

				<passive_effect name="BlockDamage" operation="perc_add" value=".65" tags="perkBrawler"/>

				<passive_effect name="DamageModifier" operation="perc_add" value="-.5" tags="earth"/>
				<passive_effect name="DamageModifier" operation="perc_add" value="-.5" tags="stone"/>
				<passive_effect name="DamageModifier" operation="perc_add" value="-.5" tags="metal"/>
				<passive_effect name="DamageModifier" operation="perc_add" value="1.7" tags="organic"/>
				<passive_effect name="HarvestCount" operation="base_set" value="1" tags="butcherHarvest"/>

				<triggered_effect trigger="onSelfEquipStart" action="AddPart" part="LeftKnuckles" prefab="@:Other/Items/Weapons/Melee/KnuckleWraps/knuckleWrapsLeft_Prefab.prefab" parentTransform="Propjoint" localPos="0,0,0" localRot="0,0,0">
					<requirement name="IsFPV"/>
				</triggered_effect>
				<triggered_effect trigger="onSelfEquipStart" action="AddPart" part="LeftKnuckles" prefab="@:Other/Items/Weapons/Melee/KnuckleWraps/knuckleWrapsLeft_Prefab.prefab" parentTransform="LeftHand" localPos="-0.091,-0.0075,-0.00077" localRot="3.841982,9.94,94.3">
					<requirement name="!IsFPV"/>
				</triggered_effect>
				<triggered_effect trigger="onSelfEquipStop" action="RemovePart" part="LeftKnuckles"/>
			</effect_group>
			<effect_group name="Power Attack">
				<passive_effect name="EntityDamage" operation="perc_add" value="1" tags="secondary"/>
				<passive_effect name="BlockDamage" operation="perc_add" value="1" tags="secondary"/>
				<passive_effect name="AttacksPerMinute" operation="perc_add" value="-.3" tags="secondary"/>
				<passive_effect name="StaminaLoss" operation="base_set" value="8.65" tags="secondary"/>
			</effect_group>
			<effect_group name="DecoBase">
				<triggered_effect trigger="onSelfEquipStart" action="AttachPrefabToHeldItem" prefab="@:Other/Items/Weapons/Ranged/Bows/advancedBow/advancedCompoundCrossbow/advancedCompoundCrossbowPrefab.prefab" parent_transform="Handle" local_offset=".03,-.65,0" local_rotation="-90,90,90"/>
				<triggered_effect trigger="onSelfPrimaryActionUpdate" action="SetTransformActive" active="false"  parent_transform="Handle" transform_path="compoundCrossbow_LOD0"/>
				<triggered_effect trigger="onSelfPrimaryActionUpdate" action="SetTransformActive" active="false"  parent_transform="Handle" transform_path="compoundCrossbow_LOD1"/>
				<triggered_effect trigger="onSelfPrimaryActionUpdate" action="SetTransformActive" active="false"  parent_transform="Handle" transform_path="compoundCrossbow_LOD2"/>
				<triggered_effect trigger="onSelfEquipStop" action="SetTransformActive" active="true"  parent_transform="Handle" transform_path="compoundCrossbow_LOD0"/>
				<triggered_effect trigger="onSelfEquipStop" action="SetTransformActive" active="true"  parent_transform="Handle" transform_path="compoundCrossbow_LOD1"/>
				<triggered_effect trigger="onSelfEquipStop" action="SetTransformActive" active="true"  parent_transform="Handle" transform_path="compoundCrossbow_LOD2"/>
				<triggered_effect trigger="onSelfEquipStop" action="SetTransformActive" active="true"  parent_transform="LeftHand" transform_path="sackMesh"/>
				<triggered_effect trigger="onSelfEquipStop" action="SetTransformActive" active="true"  parent_transform="LeftHand" transform_path="sack_LOD1"/>
				<triggered_effect trigger="onSelfEquipStop" action="SetTransformActive" active="true"  parent_transform="LeftHand" transform_path="sack_LOD2"/>
				<triggered_effect trigger="onSelfEquipStop" action="SetTransformActive" active="true"  parent_transform="Propjoint" transform_path="sackMesh"/>
				<triggered_effect trigger="onSelfEquipStop" action="SetTransformActive" active="true"  parent_transform="Propjoint" transform_path="sack_LOD1"/>
				<triggered_effect trigger="onSelfEquipStop" action="SetTransformActive" active="true"  parent_transform="Propjoint" transform_path="sack_LOD2"/>
				<triggered_effect trigger="onSelfEquipStop" action="RemovePart" part="LeftKnuckles"/>
				<triggered_effect trigger="onSelfEquipStop" action="RemovePart" part="LeftKnucklesB"/>
				<triggered_effect trigger="onSelfEquipStop" action="RemovePart" part="Syringe"/>
				<triggered_effect trigger="onSelfEquipStop" action="RemovePart" part="Blade1"/>
				<triggered_effect trigger="onSelfEquipStop" action="RemovePart" part="Blade2"/>
				<triggered_effect trigger="onSelfEquipStop" action="RemovePart" part="SyringeB"/>
				<triggered_effect trigger="onSelfEquipStop" action="RemovePart" part="Blade1B"/>
				<triggered_effect trigger="onSelfEquipStop" action="RemovePart" part="Blade2B"/>
				<triggered_effect trigger="onSelfEquipStop" action="RemovePart" part="Blade1XA"/>
				<triggered_effect trigger="onSelfEquipStop" action="RemovePart" part="Blade2XA"/>
				<triggered_effect trigger="onSelfEquipStop" action="RemovePart" part="SyringeXA"/>
			</effect_group>
			<effect_group name="DecoInactive">				
				<triggered_effect trigger="onSelfPrimaryActionUpdate" action="RemovePart" part="Blade1XA"/>
				<triggered_effect trigger="onSelfPrimaryActionUpdate" action="RemovePart" part="Blade2XA"/>
				<triggered_effect trigger="onSelfPrimaryActionUpdate" action="RemovePart" part="SyringeXA"/>
				<triggered_effect trigger="onSelfPrimaryActionUpdate" action="AddPart" part="Syringe" prefab="Entities/Electrical/steel_dart" parentTransform="ProjectileJoint" localPos="0,-.005,.05" localRot="0,0,0"/> <!-- A20 -->				
				<triggered_effect trigger="onSelfPrimaryActionUpdate" action="AddPart" part="Blade1" prefab="@:Other/Items/Weapons/Melee/Knives/hunting_knifePrefab.prefab" parentTransform="Left_bow1" localPos=".01,0,.1" localRot="0,90,-90"/>
				<triggered_effect trigger="onSelfPrimaryActionUpdate" action="AddPart" part="Blade2" prefab="@:Other/Items/Weapons/Melee/Knives/hunting_knifePrefab.prefab" parentTransform="Right_bow1" localPos="-.01,0,-.1" localRot="0,-90,-90"/>
			</effect_group>
			<effect_group name="DecoBInactive">
				<requirement name="!IsFPV"/>				
				<triggered_effect trigger="onSelfPrimaryActionUpdate" action="RemovePart" part="SyringeXB"/>
				<triggered_effect trigger="onSelfPrimaryActionUpdate" action="RemovePart" part="Blade1XB"/>
				<triggered_effect trigger="onSelfPrimaryActionUpdate" action="RemovePart" part="Blade2XB"/>
				<triggered_effect trigger="onSelfPrimaryActionUpdate" action="AddPart" part="LeftKnuckles" prefab="@:Other/Items/Weapons/Melee/KnuckleWraps/knuckleWrapsLeft_Prefab.prefab" parentTransform="LeftHand" localPos="-0.0878,-0.0016,-0.0013" localRot="3.841982,9.94,94.3"/>
				<triggered_effect trigger="onSelfPrimaryActionUpdate" action="AddPart" part="LeftKnucklesB" prefab="@:Other/Items/Items/Misc/sack.fbx" parentTransform="LeftHand" localPos=".25,.05,.05" localRot="0,-90,0"/>
				<triggered_effect trigger="onSelfPrimaryActionUpdate" action="SetTransformActive" active="false"  parent_transform="LeftHand" transform_path="sackMesh"/>
				<triggered_effect trigger="onSelfPrimaryActionUpdate" action="SetTransformActive" active="false"  parent_transform="LeftHand" transform_path="sack_LOD1"/>
				<triggered_effect trigger="onSelfPrimaryActionUpdate" action="SetTransformActive" active="false"  parent_transform="LeftHand" transform_path="sack_LOD2"/>
				<triggered_effect trigger="onSelfPrimaryActionUpdate" action="AddPart" part="Blade1B" prefab="@:Other/Items/Weapons/Melee/Knives/hunting_knifePrefab.prefab" parentTransform="main1" localPos="0,.03,0" localRot="90,0,0"/>
				<triggered_effect trigger="onSelfPrimaryActionUpdate" action="AddPart" part="Blade2B" prefab="@:Other/Items/Weapons/Melee/Knives/hunting_knifePrefab.prefab" parentTransform="main2" localPos="0,-.03,0" localRot="-90,180,0"/>
				<triggered_effect trigger="onSelfPrimaryActionUpdate" action="AddPart" part="SyringeB" prefab="Entities/Electrical/steel_dart" parentTransform="main3" localPos="-.005,.06,.07" localRot="0,0,0"/>
			</effect_group>
			<effect_group name="DecoCInactive">
				<requirement name="IsFPV"/>
				
				<triggered_effect trigger="onSelfPrimaryActionUpdate" action="RemovePart" part="SyringeXB"/>
				<triggered_effect trigger="onSelfPrimaryActionUpdate" action="RemovePart" part="Blade1XB"/>
				<triggered_effect trigger="onSelfPrimaryActionUpdate" action="RemovePart" part="Blade2XB"/>
				<triggered_effect trigger="onSelfPrimaryActionUpdate" action="AddPart" part="LeftKnuckles" prefab="@:Other/Items/Weapons/Melee/KnuckleWraps/knuckleWrapsLeft_Prefab.prefab" parentTransform="Propjoint" localPos="0,0,0" localRot="0,0,0"/>
				<triggered_effect trigger="onSelfPrimaryActionUpdate" action="AddPart" part="LeftKnucklesB" prefab="@:Other/Items/Items/Misc/sack.fbx" parentTransform="Propjoint" localPos=".05,-.25,.05" localRot="-90,180,90"/>
				<triggered_effect trigger="onSelfPrimaryActionUpdate" action="SetTransformActive" active="false"  parent_transform="Propjoint" transform_path="sackMesh"/>
				<triggered_effect trigger="onSelfPrimaryActionUpdate" action="SetTransformActive" active="false"  parent_transform="Propjoint" transform_path="sack_LOD1"/>
				<triggered_effect trigger="onSelfPrimaryActionUpdate" action="SetTransformActive" active="false"  parent_transform="Propjoint" transform_path="sack_LOD2"/>
				<triggered_effect trigger="onSelfPrimaryActionUpdate" action="AddPart" part="Blade1B" prefab="@:Other/Items/Weapons/Melee/Knives/hunting_knifePrefab.prefab" parentTransform="main1" localPos="0,.03,0" localRot="90,0,0"/>
				<triggered_effect trigger="onSelfPrimaryActionUpdate" action="AddPart" part="Blade2B" prefab="@:Other/Items/Weapons/Melee/Knives/hunting_knifePrefab.prefab" parentTransform="main2" localPos="0,-.03,0" localRot="-90,180,0"/>
				<triggered_effect trigger="onSelfPrimaryActionUpdate" action="AddPart" part="SyringeB" prefab="Entities/Electrical/steel_dart" parentTransform="main3" localPos="-.005,.06,.075" localRot="0,0,0"/>
			</effect_group>

		</item>
		<item name="donacion_legendMelee_AmazingBat">
			<property name="CustomIcon" value="meleeWpnClubT1BaseballBat"/>
			<property name="CustomIconTint" value="255,255,0"/>
			<property name="TintColor" value="255,255,0"/>

			<property name="Tags" value="blunt,club,melee,grunting,light,longShaft,perkFlurryOfBlows,weapon,meleeWeapon,attStrength,perkPummelPete,canHaveCosmetic,legenMelee"/>
			<property name="DisplayType" value="melee"/>
			<property name="Group" value="Ammo/Weapons"/>
			<property name="Meshfile" value="@:Other/Items/Weapons/Melee/Bat/batSpikes_Prefab.prefab"/>
			<property name="HoldType" value="65"/>
			<property name="Weight" value="6"/>
			<property name="SoundDestroy" value="wooddestroy1"/>
			<property name="RepairExpMultiplier" value="5.5"/>
			<property name="EconomicBundleSize" value="1"/>
			<property name="EconomicValue" value="700"/>
			<property name="FuelValue" value="250"/>
			<property name="UnlockedBy" value="HML"/>
			<property name="ShowQuality" value="false"/>
			<property name="DegradationBreaksAfter" value="false"/>
			<property name="ItemTypeIcon" value="star"/>
			<property name="Material" value="Morganic"/>
			<property name="RepairTools" value=""/>
			<property name="Stacknumber" value="1"/>
			<property class="Action0">
				<property name="Class" value="DynamicMelee"/>
				<property name="Sound_start" value="batwood_swinglight"/>
				<property name="Sphere" value=".1"/>
				<property name="ToolCategory.harvestingTools" value=".5" param1="1"/>
				<property name="UseGrazingHits" value="true"/>
				<property name="GrazeStart" value=".25"/>
				<property name="GrazeEnd" value=".32"/>
				<property name="SwingDegrees" value="65"/>
				<property name="SwingAngle" value="120"/>
				<property class="HitSounds">
					<property name="Override0" value="organic" param1="metalhitorganic"/>
				</property>
				<property class="GrazeSounds">
					<property name="Override0" value="organic" param1="metalgrazeorganic"/>
				</property>
			</property>
			<property class="Action1">
				<property name="Class" value="DynamicMelee"/>
				<property name="Sound_start" value="batwood_swingheavy"/>
				<property name="Sphere" value=".15"/>
				<property name="ToolCategory.harvestingTools" value=".5" param1="1"/>
				<property name="UsePowerAttackAnimation" value="true"/>

				<property name="UseGrazingHits" value="true"/>
				<property name="IsHorizontalSwing" value="true"/>
				<property name="GrazeStart" value=".25"/>
				<property name="GrazeEnd" value=".32"/>
				<property name="SwingDegrees" value="120"/>
				<property name="SwingAngle" value="90"/>
				<property class="HitSounds">
					<property name="Override0" value="organic" param1="woodhitorganic"/>
				</property>
				<property class="GrazeSounds">
					<property name="Override0" value="organic" param1="woodgrazeorganic"/>
				</property>
			</property>
			<effect_group name="meleeWpnClubT3SteelClub">
				<passive_effect name="EntityDamage" operation="base_set" value="78.15" tags="perkPummelPete"/>
				<!--  meleeWpnClubT3SteelClub  -->
				<passive_effect name="BlockDamage" operation="base_set" value="44.2" tags="perkPummelPete"/>
				<passive_effect name="AttacksPerMinute" operation="base_set" value="104" tags="perkPummelPete,perkFlurryOfBlows"/>
				<passive_effect name="StaminaLoss" operation="base_set" value="11.85" tags="primary"/>
				<passive_effect name="DegradationMax" operation="base_set" value="9999" tags="perkPummelPete"/>
				<passive_effect name="DegradationPerUse" operation="base_set" value="0" tags="perkPummelPete"/>
				<passive_effect name="MaxRange" operation="base_set" value="3.4" tags="perkPummelPete"/>
				<passive_effect name="BlockRange" operation="base_set" value="4" tags="perkPummelPete"/>
				<passive_effect name="ModSlots" operation="base_set" value="5"/>
				<passive_effect name="ModPowerBonus" operation="perc_add" value=".10" tags="EntityDamage,BlockDamage"/>
				<passive_effect name="ModPowerBonus" operation="base_add" value="300" tags="EconomicValue"/>
				<passive_effect name="EntityDamage" operation="perc_add" value=".65" tags="perkPummelPete"/>

				<passive_effect name="BlockDamage" operation="perc_add" value=".65" tags="perkPummelPete"/>

				<passive_effect name="DamageModifier" operation="perc_add" value="-.5" tags="earth"/>
				<passive_effect name="DamageModifier" operation="perc_add" value="-.5" tags="stone"/>
				<passive_effect name="DamageModifier" operation="perc_add" value="-.5" tags="metal"/>
				<passive_effect name="HarvestCount" operation="base_add" value="-.75" tags="allHarvest"/>
				<passive_effect name="HarvestCount" operation="base_add" value="-.75" tags="allToolsHarvest"/>
				<passive_effect name="HarvestCount" operation="base_add" value="-.75" tags="oreWoodHarvest"/>
			</effect_group>
			<effect_group name="Power Attack">
				<passive_effect name="EntityDamage" operation="perc_add" value="1" tags="secondary"/>
				<passive_effect name="BlockDamage" operation="perc_add" value="1" tags="secondary"/>
				<passive_effect name="StaminaLoss" operation="base_set" value="20.15" tags="secondary"/>
			</effect_group>
		</item>
	<!-- ▼▲▼▲▼▲▼▲▼▲▼▲▼▲▼▲▼▲▼▲▼▲▼▲▼▲▼▲▼▲▼▲▼▲▼▲▼▲▼▲▼▲▼▲▼▲▼▲▼▲▼▲▼▲▼▲▼ -->

	
	<!-- ▼▲▼▲▼▲▼▲▼▲▼▲▼▲▼▲▼▲ Vehicles ▼▲▼▲▼▲▼▲▼▲▼▲▼▲▼▲▼▲ -->		
		<item name="donacion_SPOmotoPlaceable">
			<property name="Extends" value="vehicleMinibikePlaceable"/>
			<property name="ItemTypeIcon" value="computer"/>
			<property name="Tags" value="vehicle,usesGas,varmor,vengine,vfuel,vlight,vseat,canHaveCosmetic"/>
			<property name="Meshfile" value="@:Entities/Vehicles/motorcycle_Prefab.prefab"/>
			<property name="CustomIcon" value="vehicleMotorcyclePlaceable"/>
			<property name="CustomIconTint" value="255,255,0"/>
			<property name="TintColor" value="255,255,0"/>			
			<property name="Meshfile" value="@:Entities/Vehicles/VMotorcycle/VMotorcycleP.prefab"/>
			<property name="EconomicValue" value="200000"/>

			<property name="SellableToTrader" value="false"/>
			<property name="Material" value="Morganic"/>
			<property name="UnlockedBy" value="HML"/>
			<property name="Group" value="Ltech"/>
			<property class="Action1">
				<property name="Vehicle" value="donacion_SPOMoto"/>
				<property name="VehicleSize" value="1.3, 1.9, 3"/>
				<!--<property name="VehicleSize" value="2.5, 2.1, 5"/>-->
			</property>
			<effect_group name="SPO4x4Plac" tiered="false">
				<passive_effect name="ModSlots" operation="base_set" value="5"/>
				<passive_effect name="ModPowerBonus" operation="base_add" value="500" tags="EconomicValue"/>
				<passive_effect name="DegradationMax" operation="base_set" value="15000"/>
			</effect_group>
		</item>
		<item name="donacion_SPOGyroPlaceable">
			<property name="Extends" value="vehicleMinibikePlaceable"/>
			<property name="CustomIcon" value="vehicleGyrocopterPlaceable"/>
			<property name="Tags" value="vehicle,varmor,vengine,vfuel,vlight,canHaveCosmetic"/>
			<property name="ItemTypeIcon" value="computer"/>
			<property name="CustomIconTint" value="255,255,0"/>
			<property name="TintColor" value="255,255,0"/>
			<property name="Meshfile" value="@:Entities/Vehicles/VGyrocopter/VGyrocopterP.prefab"/>
			<property name="SellableToTrader" value="false"/>
			<property name="EconomicValue" value="250000"/>
			<property name="Group" value="Ltech"/>
			<property name="UnlockedBy" value="HML"/>
			<property class="Action1">
				<property name="Vehicle" value="donacion_SPOGyro"/>
				<property name="VehicleSize" value="2.5, 2.5, 5.5"/>
			</property>
			<effect_group name="vehicleGyrocopterPlaceable" tiered="false">
				<passive_effect name="ModSlots" operation="base_set" value="5"/>
				<passive_effect name="ModPowerBonus" operation="base_add" value="300" tags="EconomicValue"/>
				<passive_effect name="DegradationMax" operation="base_set" value="5000"/>
			</effect_group>
			<property name="Extends" value="vehicleMinibikePlaceable"/>			
		</item>
		<item name="donacion_SPO4x4Placeable">
			<property name="Extends" value="vehicleMinibikePlaceable"/>
			<property name="Tags" value="vehicle,vengine,vfuel,vlight,vplow,vseat,canHaveCosmetic"/>
			<property name="ItemTypeIcon" value="computer"/>
			<property name="CustomIcon" value="vehicleTruck4x4Placeable"/>
			<property name="CustomIconTint" value="00AAE4"/>
			<property name="TintColor" value="255,255,0"/>
			<property name="Meshfile" value="@:Entities/Vehicles/VTruck4x4/VTruck4x4P.prefab"/>
			<property name="DescriptionKey" value="SPO4x4PlacDesc"/>
			<property name="SellableToTrader" value="false"/>
			<property name="EconomicValue" value="300000"/>
			<property name="Material" value="Morganic"/>
			<property name="UnlockedBy" value="HML"/>
			<property name="Group" value="MSeries"/>
			<property class="Action1">
				<property name="Vehicle" value="donacion_SPO4x4"/>
				<property name="VehicleSize" value="2.5, 2.1, 5"/>
			</property>
			<effect_group name="SPO4x4Plac" tiered="false">
				<passive_effect name="ModSlots" operation="base_set" value="5"/>
				<passive_effect name="ModPowerBonus" operation="base_add" value="400" tags="EconomicValue"/>
				<passive_effect name="DegradationMax" operation="base_set" value="30000"/>
			</effect_group>
		</item>
		<item name="donacion_BetsyPlaceable">
			<property name="Extends" value="vehicleMinibikePlaceable"/>
			<property name="ItemTypeIcon" value="computer"/>
			<property name="Tags" value="vehicle,vengine,vfuel,vlight,vplow,vseat,canHaveCosmetic"/>
			<property name="Meshfile" value="@:Entities/Vehicles/VMotorcycle/VMotorcycleP.prefab"/>
			<property name="CustomIcon" value="vehicleMotorcyclePlaceable"/>
			<property name="CustomIconTint" value="00AAE4"/>
			<property name="DescriptionKey" value="betsyPlacDesc"/>			
			<property name="EconomicValue" value="300000"/>
			<property name="Material" value="Morganic"/>
			<property name="UnlockedBy" value="special"/>
			<property name="Group" value="MSeries"/>
			<property class="Action1">
				<property name="Vehicle" value="donacion_Betsy"/>
				<property name="VehicleSize" value="1.3, 1.9, 3"/>
			</property>
			<effect_group name="betsyPlac" tiered="false">
				<passive_effect name="ModSlots" operation="base_set" value="5"/>
				<passive_effect name="ModPowerBonus" operation="base_add" value="400" tags="EconomicValue"/>
				<passive_effect name="DegradationMax" operation="base_set" value="30000"/>
			</effect_group>
		</item>
		<item name="donacion_Betsy2Placeable">
			<property name="Extends" value="vehicleMinibikePlaceable"/>			
			<property name="ItemTypeIcon" value="computer"/>
			<property name="CustomIcon" value="vehicleMotorcyclePlaceable"/>
			<property name="Tags" value="vehicle,vengine,vfuel,vlight,vplow,vseat,canHaveCosmetic"/>
			<property name="Meshfile" value="@:Entities/Vehicles/VMotorcycle/VMotorcycleP.prefab"/>
			<property name="CustomIconTint" value="00AAE4"/>
			<property name="DescriptionKey" value="betsyPlacDesc2"/>
			<property name="EconomicValue" value="300000"/>
			<property name="Material" value="Morganic"/>
			<property name="UnlockedBy" value="special"/>
			<property name="Group" value="MSeries"/>
			<property class="Action1">
				<property name="Vehicle" value="donacion_Betsy2"/>
				<property name="VehicleSize" value="1.3, 1.9, 3"/>
			</property>
			<effect_group name="betsyPlac" tiered="false">
				<passive_effect name="ModSlots" operation="base_set" value="5"/>
				<passive_effect name="ModPowerBonus" operation="base_add" value="400" tags="EconomicValue"/>
				<passive_effect name="DegradationMax" operation="base_set" value="30000"/>
			</effect_group>


			
		</item>	

		
	<!-- ▼▲▼▲▼▲▼▲▼▲▼▲▼▲▼▲▼▲▼▲▼▲▼▲▼▲▼▲▼▲▼▲▼▲▼▲▼▲▼▲▼▲▼▲▼▲ -->

	<!-- ▼▲▼▲▼▲▼▲▼▲▼▲▼▲▼▲▼▲ Donation Bundles! ▼▲▼▲▼▲▼▲▼▲▼▲▼▲▼▲▼▲ -->
		<item name="donatio_Resources">
			<property name="CustomIcon" value="cntLootChestHeroInsecureT1"/>
			<property name="ItemTypeIcon" value="bundle"/>
			<property name="HoldType" value="45"/>
			<property name="Meshfile" value="@:Other/Items/Misc/sackPrefab.prefab"/>
			<property name="DropMeshfile" value="@:Other/Items/Misc/sack_droppedPrefab.prefab"/>
			<property name="Material" value="Morganic"/>
			<property name="DescriptionKey" value="donatio_ResourcesDesc"/>
			<property name="Stacknumber" value="1"/>
			<property name="Weight" value="0"/>
			<property name="Group" value="Special Items"/>
			<property class="Action0">
				<property name="Class" value="OpenBundle"/>
				<property name="Delay" value="0.5"/>
				<property name="Use_time" value="1"/>
				<property name="Sound_start" value="wrench_harvest"/>
				<property name="Create_item" value="resourceWoodBundle10k,resourceClayLumpBundle15k,resourceRockSmallBundle10k,resourceScrapIronBundle10k,resourceCoalBundle10k,resourcePotassiumNitratePowderBundle10k,resourceLeadBundle10k,resourceScrapBrass"/>
				<property name="Create_item_count" value="3,2,3,2,1,1,1,10000"/>
			</property>
		</item>
		<item name="donatio_ForgeKit">
			<property name="CustomIcon" value="bundleMiningHelmet"/>
			<property name="ItemTypeIcon" value="bundle"/>
			<property name="HoldType" value="45"/>
			<property name="Meshfile" value="@:Other/Items/Misc/sackPrefab.prefab"/>
			<property name="DropMeshfile" value="@:Other/Items/Misc/sack_droppedPrefab.prefab"/>
			<property name="Material" value="Morganic"/>
			<property name="DescriptionKey" value="donatio_ForgeKitDesc"/>
			<property name="Stacknumber" value="1"/>
			<property name="Weight" value="0"/>
			<property name="Group" value="Special Items"/>
			<property class="Action0">
				<property name="Class" value="OpenBundle"/>
				<property name="Delay" value="0.5"/>
				<property name="Use_time" value="1"/>
				<property name="Sound_start" value="wrench_harvest"/>
				<property name="Create_item" value="forgeHF,toolAndDieSetHF,resourceWoodBundle10k,resourceClayLumpCompres,resourceCrushedSandCompres,resourceRockSmallCompres,resourceScrapIronCompres,resourceLeadCompres,resourceScrapBrassCompres"/>
				<property name="Create_item_count" value="1,1,3,3,3,3,3,3,3"/>
			</property>
		</item>
		<item name="ammoKitDonation">
			<property name="CustomIcon" value="bundleAmmo"/>
			<property name="ItemTypeIcon" value="treasure"/>
			<property name="HoldType" value="45"/>
			<property name="Meshfile" value="@:Other/Items/Misc/sackPrefab.prefab"/>
			<property name="DropMeshfile" value="@:Other/Items/Misc/sack_droppedPrefab.prefab"/>
			<property name="Material" value="Morganic"/>
			<property name="DescriptionKey" value="ammoKitDonationDesc"/>
			<property name="Stacknumber" value="1"/>
			<property name="Weight" value="0"/>
			<property name="Group" value="Special Items"/>
			<property class="Action0">
				<property name="Class" value="OpenBundle"/>
				<property name="Delay" value="0.5"/>
				<property name="Use_time" value="1"/>
				<property name="Sound_start" value="wrench_harvest"/>
				<property name="Create_item" value="bammoBundle9mmBulletBall,bammoBundle762mmBulletBall,bammoBundle44MagnumBulletBall,bammoBundleShotgunShell,resourceGunPowderBundle10k"/>
				<property name="Create_item_count" value="2,2,2,2,2"/>
			</property>
		</item>
		<item name="uniqueArmorSwatSet">
            <property name="CustomIcon" value="bundleArmorHeavy"/>
            <property name="DescriptionKey" value="uArmorDesc"/>
            <property name="HoldType" value="45"/>
            <property name="Meshfile" value="@:Other/Items/Misc/sackPrefab.prefab"/>
            <property name="DropMeshfile" value="@:Other/Items/Misc/sack_droppedPrefab.prefab"/>
            <property name="Material" value="Mpaper"/>
            <property name="Stacknumber" value="1"/>
            <property name="ItemTypeIcon" value="bundle"/>
            <property name="Weight" value="0"/>
            <property name="Group" value="Special Items"/>
            <property class="Action0">
                <property name="Class" value="OpenBundle"/>
                <property name="Delay" value="0.5"/>
                <property name="Use_time" value="1"/>
                <property name="Sound_start" value="wrench_harvest"/>
                <property name="Create_item" value="LSAH,LSAA,LSAG,LSAL,LSAB"/>
                <property name="Create_item_count" value="6,6,6,6,6"/>
            </property>
        </item>
        <item name="uniqueArmorMiliSet">
			<property name="CustomIcon" value="bundleArmorLight"/>
			<property name="DescriptionKey" value="uArmorDesc2"/>
			<property name="HoldType" value="45"/>
			<property name="Meshfile" value="@:Other/Items/Misc/sackPrefab.prefab"/>
			<property name="DropMeshfile" value="@:Other/Items/Misc/sack_droppedPrefab.prefab"/>
			<property name="Material" value="Mpaper"/>
			<property name="Stacknumber" value="1"/>
			<property name="ItemTypeIcon" value="bundle"/>
			<property name="Weight" value="0"/>
			<property name="Group" value="Special Items"/>
			<property class="Action0">
				<property name="Class" value="OpenBundle"/>
				<property name="Delay" value="0.5"/>
				<property name="Use_time" value="1"/>
				<property name="Sound_start" value="wrench_harvest"/>
				<property name="Create_item" value="LMAH,LMAA,LMAG,LMAL,LMAB"/>
				<property name="Create_item_count" value="6,6,6,6,6"/>
			</property>
		</item>
	<!-- ▼▲▼▲▼▲▼▲▼▲▼▲▼▲▼▲▼▲▼▲▼▲▼▲▼▲▼▲▼▲▼▲▼▲▼▲▼▲▼▲▼▲▼▲▼▲▼▲▼▲▼▲ -->

	<!-- ▼▲▼▲▼▲▼▲▼▲▼▲▼▲▼▲▼▲ Armors ▼▲▼▲▼▲▼▲▼▲▼▲▼▲▼▲▼▲ -->
		<!-- ▼▲ UniqueSwat ▲▼ -->
		<item name="donacion_uniqueArmorLighHelm">
			<property name="Extends" value="gunMGT1AK47Parts"/>
			<property name="Material" value="Morganic"/>
			<property name="CustomIcon" value="orePotassiumNitrateBoulder"/>
			<property name="CustomIconTint" value="B65FCF"/>
			<property name="TintColor" value="B65FCF"/>
			<property name="EconomicBundleSize" value="1"/>
			<property name="DescriptionKey" value="practoniumdesc"/>
			<property name="EconomicValue" value="50000"/>
			<property name="Stacknumber" value="50"/>
		</item>
		<item name="donacion_uniqueArmorLighArmor">
			<property name="Extends" value="gunMGT1AK47Parts"/>
			<property name="Material" value="Morganic"/>
			<property name="CustomIcon" value="orePotassiumNitrateBoulder"/>
			<property name="CustomIconTint" value="B65FCF"/>
			<property name="TintColor" value="B65FCF"/>
			<property name="EconomicBundleSize" value="1"/>
			<property name="DescriptionKey" value="practoniumdesc"/>
			<property name="EconomicValue" value="50000"/>
			<property name="Stacknumber" value="50"/>
		</item>
		<item name="donacion_uniqueArmorLighGloves">
			<property name="Extends" value="gunMGT1AK47Parts"/>
			<property name="Material" value="Morganic"/>
			<property name="CustomIcon" value="orePotassiumNitrateBoulder"/>
			<property name="CustomIconTint" value="B65FCF"/>
			<property name="TintColor" value="B65FCF"/>
			<property name="EconomicBundleSize" value="1"/>
			<property name="DescriptionKey" value="practoniumdesc"/>
			<property name="EconomicValue" value="50000"/>
			<property name="Stacknumber" value="50"/>
		</item>
		<item name="donacion_uniqueArmorLighLegs">
			<property name="Extends" value="gunMGT1AK47Parts"/>
			<property name="Material" value="Morganic"/>
			<property name="CustomIcon" value="orePotassiumNitrateBoulder"/>
			<property name="CustomIconTint" value="B65FCF"/>
			<property name="TintColor" value="B65FCF"/>
			<property name="EconomicBundleSize" value="1"/>
			<property name="DescriptionKey" value="practoniumdesc"/>
			<property name="EconomicValue" value="50000"/>
			<property name="Stacknumber" value="50"/>
		</item>
		<!-- ▼▲ UniqueMili ▲▼ -->
		<item name="donacion_uniqueArmorMediHelm">
			<property name="Extends" value="gunMGT1AK47Parts"/>
			<property name="Material" value="Morganic"/>
			<property name="CustomIcon" value="orePotassiumNitrateBoulder"/>
			<property name="CustomIconTint" value="B65FCF"/>
			<property name="TintColor" value="B65FCF"/>
			<property name="EconomicBundleSize" value="1"/>
			<property name="DescriptionKey" value="practoniumdesc"/>
			<property name="EconomicValue" value="50000"/>
			<property name="Stacknumber" value="50"/>
		</item>
		<item name="donacion_uniqueArmorMediArmor">
			<property name="Extends" value="gunMGT1AK47Parts"/>
			<property name="Material" value="Morganic"/>
			<property name="CustomIcon" value="orePotassiumNitrateBoulder"/>
			<property name="CustomIconTint" value="B65FCF"/>
			<property name="TintColor" value="B65FCF"/>
			<property name="EconomicBundleSize" value="1"/>
			<property name="DescriptionKey" value="practoniumdesc"/>
			<property name="EconomicValue" value="50000"/>
			<property name="Stacknumber" value="50"/>
		</item>
		<item name="donacion_uniqueArmorMediGloves">
			<property name="Extends" value="gunMGT1AK47Parts"/>
			<property name="Material" value="Morganic"/>
			<property name="CustomIcon" value="orePotassiumNitrateBoulder"/>
			<property name="CustomIconTint" value="B65FCF"/>
			<property name="TintColor" value="B65FCF"/>
			<property name="EconomicBundleSize" value="1"/>
			<property name="DescriptionKey" value="practoniumdesc"/>
			<property name="EconomicValue" value="50000"/>
			<property name="Stacknumber" value="50"/>
		</item>
		<item name="donacion_uniqueArmorMediLegs">
			<property name="Extends" value="gunMGT1AK47Parts"/>
			<property name="Material" value="Morganic"/>
			<property name="CustomIcon" value="orePotassiumNitrateBoulder"/>
			<property name="CustomIconTint" value="B65FCF"/>
			<property name="TintColor" value="B65FCF"/>
			<property name="EconomicBundleSize" value="1"/>
			<property name="DescriptionKey" value="practoniumdesc"/>
			<property name="EconomicValue" value="50000"/>
			<property name="Stacknumber" value="50"/>
		</item>

		<item name="donacion_uniqueArmorHeavHelm">
			<property name="Extends" value="gunMGT1AK47Parts"/>
			<property name="Material" value="Morganic"/>
			<property name="CustomIcon" value="orePotassiumNitrateBoulder"/>
			<property name="CustomIconTint" value="B65FCF"/>
			<property name="TintColor" value="B65FCF"/>
			<property name="EconomicBundleSize" value="1"/>
			<property name="DescriptionKey" value="practoniumdesc"/>
			<property name="EconomicValue" value="50000"/>
			<property name="Stacknumber" value="50"/>
		</item>
		<item name="donacion_uniqueArmorHeavArmor">
			<property name="Extends" value="gunMGT1AK47Parts"/>
			<property name="Material" value="Morganic"/>
			<property name="CustomIcon" value="orePotassiumNitrateBoulder"/>
			<property name="CustomIconTint" value="B65FCF"/>
			<property name="TintColor" value="B65FCF"/>
			<property name="EconomicBundleSize" value="1"/>
			<property name="DescriptionKey" value="practoniumdesc"/>
			<property name="EconomicValue" value="50000"/>
			<property name="Stacknumber" value="50"/>
		</item>
		<item name="donacion_uniqueArmorHeavGloves">
			<property name="Extends" value="gunMGT1AK47Parts"/>
			<property name="Material" value="Morganic"/>
			<property name="CustomIcon" value="orePotassiumNitrateBoulder"/>
			<property name="CustomIconTint" value="B65FCF"/>
			<property name="TintColor" value="B65FCF"/>
			<property name="EconomicBundleSize" value="1"/>
			<property name="DescriptionKey" value="practoniumdesc"/>
			<property name="EconomicValue" value="50000"/>
			<property name="Stacknumber" value="50"/>
		</item>
		<item name="donacion_uniqueArmorHeavLegs">
			<property name="Extends" value="gunMGT1AK47Parts"/>
			<property name="Material" value="Morganic"/>
			<property name="CustomIcon" value="orePotassiumNitrateBoulder"/>
			<property name="CustomIconTint" value="B65FCF"/>
			<property name="TintColor" value="B65FCF"/>
			<property name="EconomicBundleSize" value="1"/>
			<property name="DescriptionKey" value="practoniumdesc"/>
			<property name="EconomicValue" value="50000"/>
			<property name="Stacknumber" value="50"/>
		</item>
	<!-- ▼▲▼▲▼▲▼▲▼▲▼▲▼▲▼▲▼▲▼▲▼▲▼▲▼▲▼▲▼▲▼▲▼▲▼▲▼▲▼▲▼▲▼▲ -->

	<!-- ▼▲▼▲▼▲▼▲▼▲▼▲▼▲▼▲▼▲ extra ▼▲▼▲▼▲▼▲▼▲▼▲▼▲▼▲▼▲ -->
		<item name="donacion_extraItem1">
			<property name="Extends" value="gunMGT1AK47Parts"/>
			<property name="Material" value="Morganic"/>
			<property name="CustomIcon" value="orePotassiumNitrateBoulder"/>
			<property name="CustomIconTint" value="B65FCF"/>
			<property name="TintColor" value="B65FCF"/>
			<property name="EconomicBundleSize" value="1"/>
			<property name="DescriptionKey" value="practoniumdesc"/>
			<property name="EconomicValue" value="50000"/>
			<property name="Stacknumber" value="50"/>
		</item>
		<item name="donacion_extraItem2">
			<property name="Extends" value="gunMGT1AK47Parts"/>
			<property name="Material" value="Morganic"/>
			<property name="CustomIcon" value="orePotassiumNitrateBoulder"/>
			<property name="CustomIconTint" value="B65FCF"/>
			<property name="TintColor" value="B65FCF"/>
			<property name="EconomicBundleSize" value="1"/>
			<property name="DescriptionKey" value="practoniumdesc"/>
			<property name="EconomicValue" value="50000"/>
			<property name="Stacknumber" value="50"/>
		</item>
		<item name="donacion_extraItem3">
			<property name="Extends" value="gunMGT1AK47Parts"/>
			<property name="Material" value="Morganic"/>
			<property name="CustomIcon" value="orePotassiumNitrateBoulder"/>
			<property name="CustomIconTint" value="B65FCF"/>
			<property name="TintColor" value="B65FCF"/>
			<property name="EconomicBundleSize" value="1"/>
			<property name="DescriptionKey" value="practoniumdesc"/>
			<property name="EconomicValue" value="50000"/>
			<property name="Stacknumber" value="50"/>
		</item>
		<item name="donacion_extraItem4">
			<property name="Extends" value="gunMGT1AK47Parts"/>
			<property name="Material" value="Morganic"/>
			<property name="CustomIcon" value="orePotassiumNitrateBoulder"/>
			<property name="CustomIconTint" value="B65FCF"/>
			<property name="TintColor" value="B65FCF"/>
			<property name="EconomicBundleSize" value="1"/>
			<property name="DescriptionKey" value="practoniumdesc"/>
			<property name="EconomicValue" value="50000"/>
			<property name="Stacknumber" value="50"/>
		</item>
		<item name="donacion_extraItem5">
			<property name="Extends" value="gunMGT1AK47Parts"/>
			<property name="Material" value="Morganic"/>
			<property name="CustomIcon" value="orePotassiumNitrateBoulder"/>
			<property name="CustomIconTint" value="B65FCF"/>
			<property name="TintColor" value="B65FCF"/>
			<property name="EconomicBundleSize" value="1"/>
			<property name="DescriptionKey" value="practoniumdesc"/>
			<property name="EconomicValue" value="50000"/>
			<property name="Stacknumber" value="50"/>
		</item>
	<!-- ▼▲▼▲▼▲▼▲▼▲▼▲▼▲▼▲▼▲▼▲▼▲▼▲▼▲▼▲▼▲▼▲▼▲▼▲▼▲▼▲▼▲▼▲ -->
	</append>
	<!-- ▼▲▼▲▼▲▼▲▼▲▼▲▼▲▼▲▼▲ Paint Pistol ▼▲▼▲▼▲▼▲▼▲▼▲▼▲▼▲▼▲ -->
		<append xpath="/items/item[@name='meleeToolPaintToolAdmin']">
			<property name="HoldType" value="44"/>
			<property name="Meshfile" value="@:Other/Items/Weapons/Ranged/Magnums/magnumPrefab.prefab"/>
			<property name="CustomIcon" value="gunHandgunT2Magnum44"/>
			<property name="ItemTypeIcon" value="paint_spraygun"/>
			<property class="Action0">
				<property name="Class" value="TextureBlock"/>
				<property name="Hitmask_override" value="Melee"/>
				<property name="Sound_start" value="erase"/>
				<property name="Infinite_ammo" value="true"/>
				<property name="Magazine_items" value="resourcePaint"/>
				<property name="Range" value="50"/>
				<property name="Delay" value="0"/>
				<property name="RemoveTexture" value="true"/>
				<property name="DefaultTextureID" value="169"/>
			</property>
			<effect_group name="DECOtavo" tiered="false">
				<triggered_effect trigger="onSelfEquipStart" action="AddPart" part="Base" prefab="@:Other/Items/Food/redTeaPrefab.prefab" parentTransform="Handle" localPos="0,-.11,.15" localRot="0,0,0"/>
			</effect_group>
		</append>	
	<!-- ▼▲▼▲▼▲▼▲▼▲▼▲▼▲▼▲▼▲▼▲▼▲▼▲▼▲▼▲▼▲▼▲▼▲▼▲▼▲▼▲▼▲▼▲▼▲▼▲▼▲ -->
</MalenEI>