<config>
   <append xpath="/item_modifiers">
  <!-- ▼▲▼▲▼▲▼▲▼▲▼▲▼▲▼▲▼▲ Cursed Items ▼▲▼▲▼▲▼▲▼▲▼▲▼▲▼▲▼▲ -->

    <item_modifier name="donacion_Cursed_mod" installable_tags="weapon,tool" modifier_tags="specialXpMod" blocked_tags="noMods" type="attachment">
      <property name="ItemTypeIcon" value="gear"/>
      <!--<property name="DisplayType" value="modArmor"/>-->
      <property name="CustomIcon" value="modMeleeStunBatonRepulsor"/>
      <property name="CustomIconTint" value="302929"/>
      <property name="UnlockedBy" value="special"/>
      <property name="DescriptionKey" value="modDPDesc"/>
      <property name="Stacknumber" value="1"/>
      <property name="Group" value="MSeries"/>
      <property name="Candrop" value="false"/>
      <property name="DropMeshfile" value="@:Other/Items/Misc/sack_droppedPrefab.prefab"/>
      <effect_group tiered="false">
        <passive_effect name="PlayerExpGain" operation="perc_add" value="1"/>
        <passive_effect name="PhysicalDamageResist" operation="base_add" value="-30"/>
        <passive_effect name="EntityDamage" operation="perc_add" value="-1.1"/>
      </effect_group>
      <effect_group tiered="false">
        <requirement name="HasBuff" buff="PPBF"/>
        <passive_effect name="PlayerExpGain" operation="perc_add" value="-.5"/>
      </effect_group>
      <effect_group tiered="false">
        <requirement name="HasBuff" buff="PPBF2"/>
        <passive_effect name="PlayerExpGain" operation="perc_add" value="-.75"/>
      </effect_group>
      <effect_group tiered="false">
        <requirement name="HasBuff" buff="PPBF3"/>
        <passive_effect name="PlayerExpGain" operation="perc_add" value="-.75"/>
      </effect_group>
    </item_modifier>

    <item_modifier name="donacion_modArmorTreasureHunterLegend" installable_tags="armorHead" modifier_tags="attributeBoost" blocked_tags="noMods" type="attachment">
      <property name="Extends" value="modGeneralMaster" param1="CustomIcon"/>
      <property name="CustomIcon" value="modArmorTreasureHunter"/>     
      <property name="Material" value="Morganic"/>
      <property name="EconomicValue" value="20000"/>			
			<property name="DisplayType" value="LLD"/>
			<property name="CustomIconTint" value="255,255,0"/>
			<property name="Group" value="Tools/Traps"/>
			<property name="UnlockedBy" value="special"/>
			<property name="DescriptionKey" value="UGLDesc"/>

      <effect_group tiered="false">
        <passive_effect name="ModSlots" operation="base_set" value="0"/>
        <display_value name="LDatt" value="1"/>
        <passive_effect name="ModSlots" operation="base_set" value="1"/>
        <passive_effect name="LootStage" operation="base_add" value="10"/>
        <passive_effect name="TreasureBlocksPerReduction" operation="base_add" value="-2"/>
        <passive_effect name="HypothermalResist" operation="base_add" value="10"/>
        <passive_effect name="HyperthermalResist" operation="base_add" value="10"/>
        <passive_effect name="AttributeLevel" tags="attStrength" operation="base_add" value="1"/>
        <passive_effect name="AttributeLevel" tags="attIntellect" operation="base_add" value="1"/>
        <passive_effect name="AttributeLevel" tags="attCharisma" operation="base_add" value="1"/>
        <passive_effect name="AttributeLevel" tags="attPerception" operation="base_add" value="1"/>
        <passive_effect name="AttributeLevel" tags="attAgility" operation="base_add" value="1"/>
        <passive_effect name="AttributeLevel" tags="attFortitude" operation="base_add" value="1"/>
        <passive_effect name="CraftingTime" operation="perc_add" value="-.2"/>
        <passive_effect name="PlayerExpGain" operation="perc_add" value=".20"/>
        <display_value name="dCraftingTime" value="-.2"/>
        <display_value name="dPlayerExpGain" value=".2"/>
        <display_value name="dTreasureBlocksPerReduction" value="-2"/>
      </effect_group>
      <effect_group>
				<requirement name="HasBuff" buff="PPBF"/>
				<passive_effect name="PlayerExpGain" operation="perc_add" value="-.1"/>
			</effect_group>
			<effect_group>
				<requirement name="HasBuff" buff="PPBF2"/>
				<passive_effect name="PlayerExpGain" operation="perc_add" value="-.15"/>
			</effect_group>
			<effect_group>
				<requirement name="HasBuff" buff="PPBF3"/>
				<passive_effect name="PlayerExpGain" operation="perc_add" value="-.15"/>
			</effect_group>
    </item_modifier>
  <!-- ▼▲▼▲▼▲▼▲▼▲▼▲▼▲▼▲▼▲▼▲▼▲▼▲▼▲▼▲▼▲▼▲▼▲▼▲▼▲▼▲▼▲▼▲▼▲▼▲▼▲ --> 

  <!-- ▼▲▼▲▼▲▼▲▼▲▼▲▼▲▼▲▼▲ Uniquie Mods ▼▲▼▲▼▲▼▲▼▲▼▲▼▲▼▲▼▲ 
    <item_modifier name="modUNArmorPlat" installable_tags="armor" modifier_tags="resistance" blocked_tags="noMods,LAS" type="attachment">
      <property name="ItemTypeIcon" value="gear"/>
      <property name="DisplayType" value="modArmor"/>
      <property name="CustomIcon" value="modArmorPlatingReinforced"/>
      <property name="CustomIconTint" value="50,50,50"/>
      <property name="UnlockedBy" value="HML"/>
      <property name="Stacknumber" value="1"/>
      <property name="Group" value="Mods"/>
      <property name="DropMeshfile" value="@:Other/Items/Misc/sack_droppedPrefab.prefab"/>
      <property name="DescriptionKey" value="modArmouni"/>
      <effect_group tiered="false">
        <passive_effect name="PhysicalDamageResist" operation="base_add" value="3"/>
      </effect_group>
    </item_modifier>
    <item_modifier name="modUNArmorCust" installable_tags="armor" modifier_tags="movement" blocked_tags="noMods,padded" type="attachment">
      <property name="CustomIcon" value="modArmorCustomizedFittings"/>
      <property name="UnlockedBy" value="modArmorCustomizedFittingsSchematic"/>
      <property name="CustomIconTint" value="50,50,50"/>
      <property name="DisplayType" value="modArmorMobility"/>
      <property name="UnlockedBy" value="HML"/>
      <property name="Stacknumber" value="1"/>
      <property name="Group" value="Mods"/>
      <property name="DescriptionKey" value="modUNArmorCustDesc"/>
      <property name="DropMeshfile" value="@:Other/Items/Misc/sack_droppedPrefab.prefab"/>
      <effect_group tiered="false">
        <passive_effect name="Mobility" operation="perc_add" value=".04"/>
        <passive_effect name="StaminaChangeOT" operation="perc_add" value=".029" tags="walking"/>
        <passive_effect name="StaminaChangeOT" operation="perc_add" value=".059" tags="running"/>
        <display_value name="dStaminaChangeOT" value=".6"/>
      </effect_group>
    </item_modifier>
    -->
  <!-- ▼▲▼▲▼▲▼▲▼▲▼▲▼▲▼▲▼▲▼▲▼▲▼▲▼▲▼▲▼▲▼▲▼▲▼▲▼▲▼▲▼▲▼▲▼▲▼▲▼▲ --> 

  <!-- ▼▲▼▲▼▲▼▲▼▲▼▲▼▲▼▲▼▲ Divine Mods ▼▲▼▲▼▲▼▲▼▲▼▲▼▲▼▲▼▲ -->
    <!--Version de donacion-->
    <item_modifier name="donacion_Divine_mod" installable_tags="weapon,tool" modifier_tags="specialDamage" blocked_tags="noMods" type="attachment">
      <property name="ItemTypeIcon" value="gear"/>
      <!--<property name="DisplayType" value="modArmor"/>-->
      <property name="CustomIcon" value="modMeleeStunBatonRepulsor"/>
      <property name="CustomIconTint" value="00AAE4"/>
      <property name="UnlockedBy" value="special"/>
      <property name="DescriptionKey" value="moddevinp"/>
      <property name="Stacknumber" value="1"/>
      <property name="Group" value="MSeries"/>
      <property name="Candrop" value="false"/>
      <property name="DropMeshfile" value="@:Other/Items/Misc/sack_droppedPrefab.prefab"/>
      <effect_group tiered="false">
        <passive_effect name="EntityDamage" operation="perc_add" value="1"/>
        <requirement name="EntityTagCompare" target="other" tags="zombie"/>
      </effect_group>
      <effect_group tiered="false">
        <passive_effect name="EntityDamage" operation="perc_add" value=".5"/>
        <requirement name="EntityTagCompare" target="other" tags="animal"/>        
      </effect_group>
      <effect_group tiered="false">
        <requirement name="EntityTagCompare" target="other" tags="radiated"/>
        <triggered_effect trigger="onSelfDamagedOther" action="AddBuff" target="other" buff="buffRadiatedRegenBlock"/>
      </effect_group>
      <effect_group tiered="false">
        <requirement name="EntityTagCompare" target="other" tags="bossrad"/>
        <triggered_effect trigger="onSelfDamagedOther" action="AddBuff" target="other" buff="buffRadiatedRegenBlock"/>
      </effect_group> 

    </item_modifier>
  <!-- ▼▲▼▲▼▲▼▲▼▲▼▲▼▲▼▲▼▲▼▲▼▲▼▲▼▲▼▲▼▲▼▲▼▲▼▲▼▲▼▲▼▲▼▲▼▲▼▲▼ --> 

  <!-- ▼▲▼▲▼▲▼▲▼▲▼▲▼▲▼▲▼▲ Extra Slots ▼▲▼▲▼▲▼▲▼▲▼▲▼▲▼▲▼▲ -->
    <item_modifier name="modDonE1" installable_tags="weapon,tool" modifier_tags="specialDamage" blocked_tags="noMods" type="attachment">
      <property name="ItemTypeIcon" value="gear"/>
      <!--<property name="DisplayType" value="modArmor"/>-->
      <property name="CustomIcon" value="toolAndDieSet"/>
      <property name="CustomIconTint" value="00AAE4"/>
      <property name="UnlockedBy" value="special"/>
      <property name="DescriptionKey" value="moddevinp"/>
      <property name="Stacknumber" value="1"/>
      <property name="Group" value="MSeries"/>
      <property name="Candrop" value="false"/>
      <property name="DropMeshfile" value="@:Other/Items/Misc/sack_droppedPrefab.prefab"/>
      <effect_group tiered="false">
        <requirement name="EntityTagCompare" target="other" tags="zombie"/>
        <passive_effect name="EntityDamage" operation="perc_add" value="1.1"/>
      </effect_group>
      <effect_group tiered="false">
        <requirement name="EntityTagCompare" target="other" tags="player,animal"/>
        <passive_effect name="EntityDamage" operation="perc_add" value="1.1"/>
      </effect_group>
      <effect_group tiered="false">
        <requirement name="EntityTagCompare" target="other" tags="radiated"/>
        <triggered_effect trigger="onSelfDamagedOther" action="AddBuff" target="other" buff="buffRadiatedRegenBlock"/>
      </effect_group>
      <effect_group tiered="false">
        <requirement name="EntityTagCompare" target="other" tags="bossrad"/>
        <triggered_effect trigger="onSelfDamagedOther" action="AddBuff" target="other" buff="buffRadiatedRegenBlock"/>
      </effect_group>

    </item_modifier>
    <item_modifier name="modDonE2" installable_tags="weapon,tool" modifier_tags="specialDamage" blocked_tags="noMods" type="attachment">
      <property name="ItemTypeIcon" value="gear"/>
      <!--<property name="DisplayType" value="modArmor"/>-->
      <property name="CustomIcon" value="toolAndDieSet"/>
      <property name="CustomIconTint" value="00AAE4"/>
      <property name="UnlockedBy" value="special"/>
      <property name="DescriptionKey" value="moddevinp"/>
      <property name="Stacknumber" value="1"/>
      <property name="Group" value="MSeries"/>
      <property name="Candrop" value="false"/>
      <property name="DropMeshfile" value="@:Other/Items/Misc/sack_droppedPrefab.prefab"/>
      <effect_group tiered="false">
        <requirement name="EntityTagCompare" target="other" tags="zombie"/>
        <passive_effect name="EntityDamage" operation="perc_add" value="1.1"/>
      </effect_group>
      <effect_group tiered="false">
        <requirement name="EntityTagCompare" target="other" tags="player,animal"/>
        <passive_effect name="EntityDamage" operation="perc_add" value="1.1"/>
      </effect_group>
      <effect_group tiered="false">
        <requirement name="EntityTagCompare" target="other" tags="radiated"/>
        <triggered_effect trigger="onSelfDamagedOther" action="AddBuff" target="other" buff="buffRadiatedRegenBlock"/>
      </effect_group>
      <effect_group tiered="false">
        <requirement name="EntityTagCompare" target="other" tags="bossrad"/>
        <triggered_effect trigger="onSelfDamagedOther" action="AddBuff" target="other" buff="buffRadiatedRegenBlock"/>
      </effect_group>

    </item_modifier>
    <item_modifier name="modDonE3" installable_tags="weapon,tool" modifier_tags="specialDamage" blocked_tags="noMods" type="attachment">
      <property name="ItemTypeIcon" value="gear"/>
      <!--<property name="DisplayType" value="modArmor"/>-->
      <property name="CustomIcon" value="toolAndDieSet"/>
      <property name="CustomIconTint" value="00AAE4"/>
      <property name="UnlockedBy" value="special"/>
      <property name="DescriptionKey" value="moddevinp"/>
      <property name="Stacknumber" value="1"/>
      <property name="Group" value="MSeries"/>
      <property name="Candrop" value="false"/>
      <property name="DropMeshfile" value="@:Other/Items/Misc/sack_droppedPrefab.prefab"/>
      <effect_group tiered="false">
        <requirement name="EntityTagCompare" target="other" tags="zombie"/>
        <passive_effect name="EntityDamage" operation="perc_add" value="1.1"/>
      </effect_group>
      <effect_group tiered="false">
        <requirement name="EntityTagCompare" target="other" tags="player,animal"/>
        <passive_effect name="EntityDamage" operation="perc_add" value="1.1"/>
      </effect_group>
      <effect_group tiered="false">
        <requirement name="EntityTagCompare" target="other" tags="radiated"/>
        <triggered_effect trigger="onSelfDamagedOther" action="AddBuff" target="other" buff="buffRadiatedRegenBlock"/>
      </effect_group>
      <effect_group tiered="false">
        <requirement name="EntityTagCompare" target="other" tags="bossrad"/>
        <triggered_effect trigger="onSelfDamagedOther" action="AddBuff" target="other" buff="buffRadiatedRegenBlock"/>
      </effect_group>

    </item_modifier>
  <!-- ▼▲▼▲▼▲▼▲▼▲▼▲▼▲▼▲▼▲▼▲▼▲▼▲▼▲▼▲▼▲▼▲▼▲▼▲▼▲▼▲▼▲▼▲▼▲▼▲▼ --> 
  </append>

</config>
