<configs>

	<append xpath="/vehicles">

		<vehicle name="donacion_SPOMoto">
			<property name="cameraDistance" value="3.5, 5"/>
			<property name="cameraTurnRate" value=".2, .35"/>
			<property name="steerAngleMax" value="32"/>		
			<property name="upAngleMax" value="70"/>
			<property name="upForce" value="1"/>
			<property name="steerRate" value="130"/>
			<property name="steerCenteringRate" value="90"/>
			<property name="tiltAngleMax" value="20"/>
			<property name="tiltThreshold" value="3"/>
			<property name="tiltDampening" value=".22"/>
			<property name="tiltDampenThreshold" value="8"/>
			<property name="tiltUpForce" value="10"/>
			<property name="hopForce" value="8, .05"/>
			<!-- <property name="hopForce" value="1, .8"/> -->
			<property name="unstickForce" value="1"/>
			
			<property name="motorTorque_turbo" value="2400, 1500, 3200, 1650"/>
			<property name="velocityMax_turbo" value="14, 10, 20, 15"/>			
			<property name="velocityMax_turbo" value="13, 8, 20, 11"/>
			<property name="brakeTorque" value="3000"/>
			<property name="wheelPtlScale" value="1"/>
			<property name="hornSound" value="twitch_dance_off"/>			
			<!-- <property name="recipeName" value="vehicleTruck4x4Placeable"/> -->
			<!-- <property name="tiltAngleMax" value="80"/> -->		
			<!-- <property name="tiltDampenThreshold" value="8"/> -->
			<!-- <property name="tiltUpForce" value="0"/> -->

			
			
			<property class="chassis">
				<property name="class" value="Chassis"/>
				<property name="paint" value="M"/>
			</property>
			<property class="engine">
				<property name="class" value="Engine"/>
				<property name="particleOn" value="Particles/p_on"/>
				<property name="particleDamaged" value="Particles/p_damaged"/>
				<property name="particleBroken" value="Particles/p_broken"/>
				<property name="fuelKmPerL" value=".2"/>
				<property name="foodDrain" value=".002,.0101"/><!-- driving/turbo, motorcycle -->

				<property name="gear1" value="
									500,2500, -1400,800,0, 700,2000,900,
									Vehicles/Motorbike/motorbike_accel_1,
									,
									0, .7, 1, .1, -9, .15, .1, Vehicles/Motorbike/motorbike_idle_lp,
									-.3, .1, .1, .4, -.05, 9, .2, Vehicles/Motorbike/motorbike_run_lp
									"/>
				<property name="gear2" value="
									500,2500, -2000,1000,2000, 620,2200,800,
									Vehicles/Motorbike/motorbike_accel_2,
									Vehicles/Motorbike/motorbike_decel,
									-.2, -.02, .1, .2, -1, 1, .1, Vehicles/Motorbike/motorbike_run_lp
									"/>
				<property name="gear3" value="
									500,2500, -2000,1000,2000, 570,2200,1000,
									Vehicles/Motorbike/motorbike_accel_3,
									Vehicles/Motorbike/motorbike_decel,
									-.21, -.05, .1, .2, -1, 1, .1, Vehicles/Motorbike/motorbike_run_lp
									"/>
				<property name="gear4" value="
									500,2500, -2000,1000,2000, 500,9999,9999,
									,
									Vehicles/Motorbike/motorbike_decel,
									-.25, -.08, .55, .55, -1, 1, .1, Vehicles/Motorbike/motorbike_run_lp
									"/>

				<property name="sound_start" value="Vehicles/Motorbike/minibike_start_"/>
				<property name="sound_shut_off" value="Vehicles/Motorbike/minibike_shutoff_"/>
				<property name="sound_no_fuel_shut_off" value="Vehicles/Motorbike/motorbike_empty"/>
			</property>
			
			<property class="fuelTank">
				<property name="class" value="FuelTank"/>
				<property name="capacity" value="200"/>
				<property name="mod" value="fueltank"/>
				<property name="modT" value="M/Fuel"/>
			</property>
			<property class="handlebars">
				<property name="class" value="Steering"/>
				<property name="transform" value="M/Forks"/>
				<property name="steerAngle" value="0, 30, 0"/>
				<property name="IKHandLPosition" value="-.3362, .4901, -.1789"/>
				<property name="IKHandLRotation" value="-7.2919, 77.3004, 29.6909"/>
				<property name="IKHandRPosition" value=".3353, .4747, -.1735"/>
				<property name="IKHandRRotation" value="4.1479, 105.6533, -158.7339"/>
				<property name="paint" value="handlebar"/>
			</property>		
			<property class="seat0">
				<property name="class" value="Seat"/>
				<property name="pose" value="30"/>
				<property name="position" value="0, 0, 0"/>
				<property name="rotation" value="0, 0, 0"/>
				<property name="exit" value="-.9,0,0 ~ .9,0,0 ~ 0,0,-1.5 ~ 0,0,1.6 ~ 0,1.5,0"/>
			</property>
			<property class="seat1">
				<property name="class" value="Seat"/>
				<property name="pose" value="31"/>
				<property name="position" value="0, 0, 0"/>
				<property name="rotation" value="0, 0, 0"/>
				<property name="exit" value="-.9,0,-.7 ~ .9,0,-.7 ~ -.6,0,-1.5 ~ -.6,0,1.6 ~ 0,1.5,-.6"/>			
			</property>

			<property class="wheel0">
				<property name="tireTransform" value="M/Forks/Wheel0"/>
				<property name="torqueScale_motor_brake" value=".15, .5"/>
			</property>

			<property class="wheel1">
				<property name="tireTransform" value="Wheel1"/>
				<property name="torqueScale_motor_brake" value="1, 1"/>
			</property>

			<property class="headlight">
				<property name="class" value="Headlight"/>
				<property name="bright" value=".9"/>

				<property name="transform" value="M/Forks/HeadLights/Lights"/>
				<property name="matT" value="M/Forks/HeadLights"/>
				<property name="matEmissive" value="808080"/>

				<property name="mod" value="light"/>
				<property name="modT" value="M/Forks/LightMod"/>
				<property name="modOnT" value="M/Forks/LightMod/Lights"/>
				<property name="modMatEmissive" value="909090"/>

				<property name="tailEmissive" value="c0c0c0"/>
			</property>
			<property class="armor">
				<property name="class" value="VehiclePart"/>
				<property name="mod" value="armor"/>
				<property name="modT" value="M/Forks/Armor"/>
				<property name="modRBT" value="Armor"/>
			</property>
			<property class="storage">
				<property name="class" value="Storage"/>
				<property name="mesh" value="M/Storage"/>
			</property>

		</vehicle>
		<vehicle name="donacion_SPO4x4">
			
			<property name="cameraDistance" value="5.5, 7"/>
			<property name="cameraTurnRate" value=".2, .35"/>
			<property name="motorTorque_turbo" value="4000, 2000, 5000, 2500"/>
			<property name="brakeTorque" value="6000"/>	
			<property name="velocityMax_turbo" value="15, 10, 20, 15"/>

			<property name="upAngleMax" value="70"/>
			<property name="upForce" value="1"/>
			<property name="steerRate" value="130"/>
			<property name="steerCenteringRate" value="90"/>
			<property name="tiltAngleMax" value="80"/>
			<property name="tiltThreshold" value="3"/>
			<property name="tiltDampening" value=".22"/>
			<property name="tiltDampenThreshold" value="8"/>
			<property name="tiltUpForce" value="0"/>
			<property name="unstickForce" value="1"/>	
					
			<property name="hopForce" value="4, .05"/>
			<property name="wheelPtlScale" value="1"/>
			<!-- <property name="hornSound" value="Sounds/Twitch/twitch_dance_off"/>		 -->
			<property name="steerAngleMax" value="32"/>
			<property name="hornSound" value="suv_horn"/>

			<property class="chassis">
				<property name="class" value="Chassis"/>
				<property name="paint" value="M"/>
			</property>

			<property class="engine">
				<property name="class" value="Engine"/>
				<property name="particleOn" value="Particles/p_on"/>
				<property name="particleDamaged" value="Particles/p_damaged"/>
				<property name="particleBroken" value="Particles/p_broken"/>
				<property name="fuelKmPerL" value=".1"/>
				<property name="foodDrain" value=".002,.00811"/><!-- driving/turbo, truck -->
				<property name="gear1" value="
									500,2500, -1400,800,0, 700,2200,900,
									Vehicles/Suv/suv_accel1,
									Vehicles/Suv/suv_decel1,
									0, .7, 1, .1, -9, .12, .1, Vehicles/Suv/suv_idle_lp,
									-.4, -.02, .7, .7, -.2, 9, .2, Vehicles/Suv/suv_max_speed_lp
									"/>
				<property name="gear2" value="
									500,2500, -2000,1000,2000, 600,2200,800,
									Vehicles/Suv/suv_accel2,
									Vehicles/Suv/suv_decel1,
									-.25, -.05, .2, .4, -1, 1, .1, Vehicles/Suv/suv_max_speed_lp
									"/>
				<property name="gear3" value="
									500,2500, -2000,1000,2000, 500,2200,1000,
									Vehicles/Suv/suv_accel3,
									Vehicles/Suv/suv_decel2,
									-.28, -.07, .3, .6, -1, 1, .1, Vehicles/Suv/suv_max_speed_lp
									"/>
				<property name="gear4" value="
									500,2500, -2000,1000,2000, 500,9999,9999,
									,
									Vehicles/Suv/suv_decel2,
									-.31, -.08, .6, .9, -1, 1, .1, Vehicles/Suv/suv_max_speed_lp
									"/>
				<property name="sound_start" value="Vehicles/Suv/suv_startup"/>
				<property name="sound_shut_off" value="Vehicles/Suv/suv_shutoff"/>
				<property name="sound_no_fuel_shut_off" value="Vehicles/Motorbike/motorbike_empty"/>

				<property name="mod" value="speed"/>
				<property name="modT" value="M/Turbo"/>
				<property name="modHideT" value="M/Hood"/>
			</property>

			<property class="fuelTank">
				<property name="class" value="FuelTank"/>
				<property name="capacity" value="500"/>
				<property name="mod" value="fueltank"/>
				<property name="modT" value="M/Fuel"/>
			</property>

			<property class="handlebars">
				<property name="class" value="Steering"/>
				<property name="transform" value="M/SteeringWheel"/>
				<property name="steerAngle" value="0, 0, -60"/>
				<property name="IKHandLPosition" value="-.2596, -.03777, -.266483"/>
				<property name="IKHandLRotation" value="-65.88229, 166.2278, -67.5802"/>
				<property name="IKHandRPosition" value=".24465, -.0909, -.25648"/>
				<property name="IKHandRRotation" value="54.6357, 14.0615, 102.1651"/>
			</property>

			<property class="seat0">
				<property name="class" value="Seat"/>
				<property name="pose" value="40"/>
				<property name="position" value="-.38, .46, 0"/>
				<property name="rotation" value="0, 0, 0"/>
				<property name="exit" value="-1.7,0,0 ~ 1.7,0,-1 ~ -.25,0,-3.6 ~ -.25,0,3 ~ -.4,2.1,0"/>
			</property>

			<property class="seat1">
				<property name="class" value="Seat"/>
				<property name="pose" value="41"/>
				<property name="position" value=".38, .46, 0"/>
				<property name="rotation" value="0, 0, 0"/>
				<property name="exit" value="1.7,0,0 ~ -1.7,0,-1 ~ .25,0,-3.6 ~ .25,0,3 ~ .4,2.1,0"/>
			</property>

			<property class="seat2">
				<property name="class" value="Seat"/>
				<property name="pose" value="42"/>
				<property name="position" value="-.327, .609, -1.153"/>
				<property name="rotation" value="0, 180, 0"/>
				<property name="exit" value="-1.1,0,-3.2 ~ -1.8,0,-2 ~ 1.8,0,-2.2 ~ -.5,0,-3.6 ~ .5,0,3 ~ -.3,1.4,-1.8"/>
			</property>

			<property class="seat3">
				<property name="class" value="Seat"/>
				<property name="pose" value="43"/>
				<property name="position" value=".327, .609, -1.153"/>
				<property name="rotation" value="0, 180, 0"/>
				<property name="exit" value="1.1,0,-3.2 ~ 1.8,0,-2 ~ -1.8,0,-2.2 ~ .5,0,-3.6 ~ -.5,0,3 ~ .3,1.4,-1.8"/>
			</property>

			<property class="seat4">
				<property name="class" value="Seat"/>
				<property name="pose" value="44"/>
				<property name="position" value="-.327, .304, -2.987"/>
				<property name="rotation" value="0, 180, 0"/>
				<property name="exit" value="-.4,0,-3.6 ~ -1.4,0,-3.3 ~ -1.4,0,3.1 ~ -.8,0,-3.6 ~ -.8,0,3 ~ -.3,1.4,-2.8"/>
				<property name="mod" value="seat"/>
				<property name="modT" value="M/TailGate"/>
				<property name="modRot" value="-90, 0, 0"/>
			</property>

			<property class="seat5">
				<property name="class" value="Seat"/>
				<property name="pose" value="45"/>
				<property name="position" value=".327, .304, -2.987"/>
				<property name="rotation" value="0, 180, 0"/>
				<property name="exit" value=".4,0,-3.6 ~ 1.4,0,-3.3 ~ 1.4,0,3.1 ~ .8,0,-3.6 ~ .8,0,3 ~ .3,1.4,-2.8"/>
				<property name="mod" value="seat"/>
			</property>

			<property class="wheel0">
				<property name="steerTransform" value="Wheel0"/>
				<property name="tireTransform" value="Wheel0"/>
				<property name="tireSuspensionPercent" value="1"/>
				<property name="torqueScale_motor_brake" value="1, .8"/>
			</property>

			<property class="wheel1">
				<property name="steerTransform" value="Wheel1"/>
				<property name="tireTransform" value="Wheel1"/>
				<property name="tireSuspensionPercent" value="1"/>
				<property name="torqueScale_motor_brake" value="1, .8"/>
			</property>

			<property class="wheel2">
				<property name="tireTransform" value="Wheel2"/>
				<property name="tireSuspensionPercent" value="1"/>
				<property name="torqueScale_motor_brake" value="1, 1"/>
			</property>

			<property class="wheel3">
				<property name="tireTransform" value="Wheel3"/>
				<property name="tireSuspensionPercent" value="1"/>
				<property name="torqueScale_motor_brake" value="1, 1"/>
			</property>

			<property class="headlight">
				<property name="class" value="Headlight"/>

				<property name="bright" value=".75"/>

				<property name="transform" value="M/HeadLights/Lights"/>
				<property name="matT" value="M/HeadLights"/>
				<property name="matEmissive" value="808080"/>

				<property name="mod" value="light"/>
				<property name="modT" value="M/LightBar"/>
				<property name="modOnT" value="M/LightBar/Lights"/>
				<property name="modMatEmissive" value="909090"/>

				<property name="tailEmissive" value="c0c0c0"/>
			</property>

			<property class="plow">
				<property name="class" value="VehiclePart"/>
				<property name="mod" value="plow"/>
				<property name="modT" value="M/Plow"/>
				<property name="modRBT" value="Plow"/>
			</property>

			<property class="storage">
				<property name="class" value="Storage"/>
			</property>
		</vehicle>
		<vehicle name="donacion_SPOGyro">
			<property name="cameraDistance" value="6, 8"/>
			<property name="cameraTurnRate" value=".2, .35"/>

			<property name="motorTorque" value="500, 50"/>
			<property name="turboScale" value="1.8, 1.8"/>

			<property name="brakeTorque" value="10"/>
			<property name="steerRate" value="130"/>
			<property name="steerCenteringRate" value="90"/>
			<property name="tiltAngleMax" value="8"/>
			<property name="tiltThreshold" value="2"/>
			<property name="tiltDampening" value=".01"/>
			<property name="tiltDampenThreshold" value="0"/>
			<property name="tiltUpForce" value="1"/>
			<property name="upAngleMax" value="60"/>
			<property name="upForce" value=".5"/>
			<property name="unstickForce" value="1"/>
			<property name="velocityMax" value="25, 25"/>
			<property name="airDrag_velScale_angVelScale" value=".997, .97"/>
			<property name="hornSound" value="Sounds/Twitch/twitch_dance_off"/>
			<property class="engine">
				<property name="class" value="Engine"/>
				<property name="slot_type" value="engine"/>
				<property name="fuelKmPerL" value="1"/>
				<property name="gear1" value="
							500,2500, -1400,800,0, 1500,9999,9999,
							,
							,
							0, .5,  .45, .1,  -9, .1, .1, Vehicles/Gyrocopter/gyrocopter_idle_lp,
							-.1, .1,  .65, .7,  0, 9, .1, Vehicles/Gyrocopter/gyrocopter_med_lp
							"/>
				<property name="sound_start" value="Vehicles/Gyrocopter/gyrocopter_start"/>
				<property name="sound_shut_off" value="Vehicles/Gyrocopter/gyrocopter_shutoff"/>
				<property name="sound_no_fuel_shut_off" value="Vehicles/Gyrocopter/gyrocopter_sputter"/>
				<property name="parent_part" value="chassis"/>
			</property>
			<property class="fuelTank">
				<property name="class" value="FuelTank"/>
				<property name="parent_part" value="engine"/>
				<property name="capacity" value="400"/>
			</property>
			<property class="handlebars">
				<property name="parent_part" value="chassis"/>
				<property name="class" value="Steering"/>
				<property name="slot_type" value="handlebars"/>
				<property name="transform" value="Origin"/>
				<property name="steerMaxAngle" value="0"/>
				<property name="IKHandLPosition" value="-.052, .923, .755"/>
				<property name="IKHandLRotation" value="0, 17.2, 90"/>
				<property name="IKHandRPosition" value=".052, 1.0054, .755"/>
				<property name="IKHandRRotation" value="0, -17.2, -90"/>
			</property>
			<property class="seat0">
				<property name="position" value="0, .05, .98"/>
				<property name="rotation" value="-25, 0, 0"/>
				<property name="exit" value="-1.3,0,.9 ~ 1.3,0,.9 ~ 0,0,-2.4 ~ 0,0,2.4 ~ 0,2,0"/>
			</property>
			<property class="seat1">
				<property name="position" value="0.50, .05, .98"/>
				<property name="rotation" value="-25, 0, 0"/>
				<property name="exit" value="-1.3,0,.9 ~ 1.3,0,.9 ~ 0,0,-2.4 ~ 0,0,2.4 ~ 0,2,0"/>
			</property>
			<property class="seat2">
				<property name="position" value="-0.50, .05, .98"/>
				<property name="rotation" value="-25, 0, 0"/>
				<property name="exit" value="-1.3,0,.9 ~ 1.3,0,.9 ~ 0,0,-2.4 ~ 0,0,2.4 ~ 0,2,0"/>
			</property>
			<property class="motor0">
				<property name="engine" value="engine"/>
				<property name="engineOffPer" value=".02"/>
				<property name="rpmAccel_min_max" value="0.01, .2"/>
				<property name="rpmMax" value="8"/>
				<property name="rpmDrag" value=".993"/>
				<property name="trigger" value="relative"/>
				<property name="type" value="spin"/>
				<property name="transform" value="Origin/TopPropellerJoint"/>
				<property name="axis" value="1"/>
			</property>
			<property class="motor1">
				<property name="engine" value="engine"/>
				<property name="turbo" value="1.90"/>
				<property name="rpmAccel_min_max" value="0.01, .1"/>
				<property name="rpmMax" value="8"/>
				<property name="rpmDrag" value=".993"/>
				<property name="trigger" value="relative"/>
				<property name="type" value="spin"/>
				<property name="transform" value="Origin/BackPropellerJoint"/>
				<property name="axis" value="2"/>
			</property>
			<property class="force0">
				<property name="trigger" value="motor0"/>
				<property name="type" value="relative"/>
				<property name="force" value="0, .195, 0"/>
				<property name="ceiling" value="200, 280"/>
			</property>
			<property class="force1">
				<property name="trigger" value="motor1"/>
				<property name="type" value="relative"/>
				<property name="force" value="0, 0,.0"/>
			</property>
			<property class="force2">
				<property name="trigger" value="inputForward"/>
				<property name="type" value="relative"/>
				<property name="force" value="0, 0.03,0 "/>
			</property>
			<property class="force3">
				<property name="trigger" value="inputStrafe"/>
				<property name="type" value="relativeTorque"/>
				<property name="force" value="0, .02, 0"/>
			</property>
			<property class="force4">
				<property name="trigger" value="inputUp"/>
				<property name="type" value="relativeTorque"/>
				<property name="force" value="-.01, 0, 0"/>
			</property>
			<property class="force5">
				<property name="trigger" value="inputDown"/>
				<property name="type" value="relativeTorque"/>
				<property name="force" value=".01, 0, 0"/>
			</property>
			<property class="headlight">
				<property name="class" value="Headlight"/>
				<property name="parent_part" value="handlebars"/>
				<property name="transform" value="Origin/handlebar_joint/headlight"/>
				<property name="bright" value=".9"/>
			</property>
			<property class="storage">
				<property name="class" value="Storage"/>
				<property name="display_name" value="basket"/>
				<property name="slot_type" value="basket"/>
				<property name="mesh" value="basket"/>
				<property name="transform" value="basket"/>
				<property name="parent_part" value="chassis"/>
			</property>
		</vehicle>	
		<vehicle name="donacion_Betsy">
			<property name="cameraDistance" value="3.5, 5"/>
			<property name="cameraTurnRate" value=".2, .35"/>

			<property name="motorTorque" value="1600, 1600"/>
			<property name="turboScale" value="1.8, 1.8"/>
			<property name="velocityMax" value="18, 18"/>
			<property name="brakeTorque" value="2200"/>

			<property name="motorTorque_turbo" value="2000, 900, 2500, 1000"/>
			<property name="velocityMax_turbo" value="15, 15, 20, 20"/>
			<property name="brakeTorque" value="3000"/>

			<property name="upAngleMax" value="70"/>
			<property name="upForce" value="1"/>
			<property name="steerRate" value="130"/>
			<property name="steerCenteringRate" value="90"/>
			<!-- 
			<property name="tiltAngleMax" value="5"/>
			<property name="tiltThreshold" value="2"/>
			<property name="tiltDampening" value=".01"/>
			<property name="tiltDampenThreshold" value="0"/>
			<property name="tiltUpForce" value="1"/>				
				-->
			<property name="tiltAngleMax" value="5"/>
			<property name="tiltThreshold" value="3"/>
			<property name="tiltDampening" value=".22"/>
			<property name="tiltDampenThreshold" value="10"/>
			<property name="tiltUpForce" value="10"/>
			<property name="unstickForce" value="1"/>
			
			<property name="hopForce" value="8,0.1"/>
			<property name="wheelPtlScale" value="1"/>
			<property name="hornSound" value="Sounds/Twitch/twitch_dance_off"/>
			<property name="airDrag_velScale_angVelScale" value=".997, .97"/>

			
			

			
			<property name="hopForce" value="1, .8"/>
			<property name="unstickForce" value="1"/>
			<property name="waterDrag_y_velScale_velMaxScale" value="1.7, .9, .1"/>
			<property name="wheelPtlScale" value="1"/>

			<property name="hornSound" value="motorbike_horn"/>
			
			<property name="recipeName" value="vehicleMotorcyclePlaceable" />

			<property class="chassis">
				<property name="class" value="Chassis"/>
				<property name="paint" value="M"/>
			</property>

			<property class="engine">
				<property name="class" value="Engine"/>
				<property name="particleOn" value="Particles/p_on"/>
				<property name="particleDamaged" value="Particles/p_damaged"/>
				<property name="particleBroken" value="Particles/p_broken"/>
				<property name="fuelKmPerL" value="100"/>
				<property name="foodDrain" value=".002,.0101"/><!-- driving/turbo, motorcycle -->

				<property name="gear1" value="
									500,2500, -1400,800,0, 700,2000,900,
									Vehicles/Motorbike/motorbike_accel_1,
									,
									0, .7, 1, .1, -9, .15, .1, Vehicles/Motorbike/motorbike_idle_lp,
									-.3, .1, .1, .4, -.05, 9, .2, Vehicles/Motorbike/motorbike_run_lp
									"/>
				<property name="gear2" value="
									500,2500, -2000,1000,2000, 620,2200,800,
									Vehicles/Motorbike/motorbike_accel_2,
									Vehicles/Motorbike/motorbike_decel,
									-.2, -.02, .1, .2, -1, 1, .1, Vehicles/Motorbike/motorbike_run_lp
									"/>
				<property name="gear3" value="
									500,2500, -2000,1000,2000, 570,2200,1000,
									Vehicles/Motorbike/motorbike_accel_3,
									Vehicles/Motorbike/motorbike_decel,
									-.21, -.05, .1, .2, -1, 1, .1, Vehicles/Motorbike/motorbike_run_lp
									"/>
				<property name="gear4" value="
									500,2500, -2000,1000,2000, 500,9999,9999,
									,
									Vehicles/Motorbike/motorbike_decel,
									-.25, -.08, .55, .55, -1, 1, .1, Vehicles/Motorbike/motorbike_run_lp
									"/>

				<property name="sound_start" value="Vehicles/Motorbike/minibike_start_"/>
				<property name="sound_shut_off" value="Vehicles/Motorbike/minibike_shutoff_"/>
				<property name="sound_no_fuel_shut_off" value="Vehicles/Motorbike/motorbike_empty"/>
			</property>

			<property class="fuelTank">
				<property name="class" value="FuelTank"/>
				<property name="capacity" value="120"/>
				<property name="mod" value="fueltank"/>
				<property name="modT" value="M/Fuel"/>
			</property>

			<property class="handlebars">
				<property name="class" value="Steering"/>
				<property name="transform" value="M/Forks"/>
				<property name="steerAngle" value="0, 30, 0"/>
				<property name="IKHandLPosition" value="-.3362, .4901, -.1789"/>
				<property name="IKHandLRotation" value="-7.2919, 77.3004, 29.6909"/>
				<property name="IKHandRPosition" value=".3353, .4747, -.1735"/>
				<property name="IKHandRRotation" value="4.1479, 105.6533, -158.7339"/>
				<property name="paint" value="handlebar"/>
			</property>

			<property class="seat0">
				<property name="class" value="Seat"/>
				<property name="pose" value="30"/>
				<property name="position" value="0, 0, 0"/>
				<property name="rotation" value="0, 0, 0"/>
				<property name="exit" value="-.9,0,0 ~ .9,0,0 ~ 0,0,-1.5 ~ 0,0,1.6 ~ 0,1.5,0"/>
			</property>

			<property class="seat1">
				<property name="class" value="Seat"/>
				<property name="pose" value="31"/>
				<property name="position" value="0, 0, 0"/>
				<property name="rotation" value="0, 0, 0"/>
				<property name="exit" value="-.9,0,-.7 ~ .9,0,-.7 ~ -.6,0,-1.5 ~ -.6,0,1.6 ~ 0,1.5,-.6"/>
				<property name="mod" value="seat"/>
				<property name="modT" value="M/Seat"/>
			</property>

			<property class="wheel0">
				<property name="tireTransform" value="M/Forks/Wheel0"/>
				<property name="torqueScale_motor_brake" value=".15, .5"/>
			</property>

			<property class="wheel1">
				<property name="tireTransform" value="Wheel1"/>
				<property name="torqueScale_motor_brake" value="1, 1"/>
			</property>

			<property class="headlight">
				<property name="class" value="Headlight"/>
				<property name="bright" value=".9"/>

				<property name="transform" value="M/Forks/HeadLights/Lights"/>
				<property name="matT" value="M/Forks/HeadLights"/>
				<property name="matEmissive" value="808080"/>

				<property name="mod" value="light"/>
				<property name="modT" value="M/Forks/LightMod"/>
				<property name="modOnT" value="M/Forks/LightMod/Lights"/>
				<property name="modMatEmissive" value="909090"/>

				<property name="tailEmissive" value="c0c0c0"/>
			</property>

			<property class="armor">
				<property name="class" value="VehiclePart"/>
				<property name="mod" value="armor"/>
				<property name="modT" value="M/Forks/Armor"/>
				<property name="modRBT" value="Armor"/>
			</property>

			<property class="storage">
				<property name="class" value="Storage"/>
				<property name="mesh" value="M/Storage"/>
			</property>

			<property class="motor0">
				<property name="engine" value="engine"/>
				<property name="engineOffPer" value=".05"/>
				<property name="rpmAccel_min_max" value=".002, 1"/>
				<property name="rpmMax" value="8"/>
				<property name="rpmDrag" value=".993"/>
				<property name="trigger" value="inputUp"/>
				<property name="type" value="spin"/>
				<property name="axis" value="1"/>
			</property>
			<property class="motor1">
				<property name="engine" value="engine"/>
				<property name="engineOffPer" value=".05"/>
				<property name="rpmAccel_min_max" value=".002, 1"/>
				<property name="rpmMax" value="8"/>
				<property name="rpmDrag" value=".993"/>
				<property name="trigger" value="inputForward"/>
				<property name="type" value="spin"/>
				<property name="axis" value="0"/>
			</property>
			<property class="force0">
				<property name="trigger" value="motor0"/>
				<property name="type" value="relative"/>
				<property name="force" value="0, .3, 0"/>
				<property name="ceiling" value="260, 280"/>
			</property>
			<property class="force1">
				<property name="trigger" value="motor1"/>
				<property name="type" value="relative"/>
				<property name="force" value="0, 0, .15"/>
			</property>
			<property class="force2">
				<property name="trigger" value="inputStrafe"/>
				<property name="type" value="relativeTorque"/>
				<property name="force" value="0, .07, 0"/>
			</property>
			<property class="force3">
				<property name="trigger" value="inputForward"/>
				<property name="type" value="relative"/>
				<property name="force" value="0, 0, -.02"/>
			</property>
			<property class="force4">
				<property name="trigger" value="inputUp"/>
				<property name="type" value="relative"/>
				<property name="force" value="0, -.07, 0"/>
			</property>
					

		</vehicle>		
		<vehicle name="donacion_Betsy2">
			<property name="cameraDistance" value="3.5, 5"/>
			<property name="cameraTurnRate" value=".2, .35"/>
			<property name="upAngleMax" value="70"/>
			<property name="upForce" value="1"/>
			<property name="steerRate" value="130"/>
			<property name="steerCenteringRate" value="90"/>
			<property name="tiltAngleMax" value="20"/>
			<property name="tiltThreshold" value="3"/>
			<property name="tiltDampening" value=".22"/>
			<property name="tiltDampenThreshold" value="8"/>
			<property name="tiltUpForce" value="5"/>

			<property name="motorTorque_turbo" value="1400, 500, 2100, 650"/>
			<property name="velocityMax_turbo" value="9.8, 6, 14, 8"/>
			<property name="brakeTorque" value="3000"/>
			<property name="hopForce" value="1, .8"/>
			<property name="unstickForce" value="1"/>
			<property name="waterDrag_y_velScale_velMaxScale" value="1.7, .9, .1"/>
			<property name="wheelPtlScale" value="1"/>

			<property name="hornSound" value="motorbike_horn"/>
			
			<property name="recipeName" value="vehicleMotorcyclePlaceable" />

			<property class="chassis">
				<property name="class" value="Chassis"/>
				<property name="paint" value="M"/>
			</property>

			<property class="engine">
				<property name="class" value="Engine"/>
				<property name="particleOn" value="Particles/p_on"/>
				<property name="particleDamaged" value="Particles/p_damaged"/>
				<property name="particleBroken" value="Particles/p_broken"/>
				<property name="fuelKmPerL" value=".2"/>
				<property name="foodDrain" value=".002,.0101"/><!-- driving/turbo, motorcycle -->

				<property name="gear1" value="
									500,2500, -1400,800,0, 700,2000,900,
									Vehicles/Motorbike/motorbike_accel_1,
									,
									0, .7, 1, .1, -9, .15, .1, Vehicles/Motorbike/motorbike_idle_lp,
									-.3, .1, .1, .4, -.05, 9, .2, Vehicles/Motorbike/motorbike_run_lp
									"/>
				<property name="gear2" value="
									500,2500, -2000,1000,2000, 620,2200,800,
									Vehicles/Motorbike/motorbike_accel_2,
									Vehicles/Motorbike/motorbike_decel,
									-.2, -.02, .1, .2, -1, 1, .1, Vehicles/Motorbike/motorbike_run_lp
									"/>
				<property name="gear3" value="
									500,2500, -2000,1000,2000, 570,2200,1000,
									Vehicles/Motorbike/motorbike_accel_3,
									Vehicles/Motorbike/motorbike_decel,
									-.21, -.05, .1, .2, -1, 1, .1, Vehicles/Motorbike/motorbike_run_lp
									"/>
				<property name="gear4" value="
									500,2500, -2000,1000,2000, 500,9999,9999,
									,
									Vehicles/Motorbike/motorbike_decel,
									-.25, -.08, .55, .55, -1, 1, .1, Vehicles/Motorbike/motorbike_run_lp
									"/>

				<property name="sound_start" value="Vehicles/Motorbike/minibike_start_"/>
				<property name="sound_shut_off" value="Vehicles/Motorbike/minibike_shutoff_"/>
				<property name="sound_no_fuel_shut_off" value="Vehicles/Motorbike/motorbike_empty"/>
			</property>

			<property class="fuelTank">
				<property name="class" value="FuelTank"/>
				<property name="capacity" value="120"/>
				<property name="mod" value="fueltank"/>
				<property name="modT" value="M/Fuel"/>
			</property>

			<property class="handlebars">
				<property name="class" value="Steering"/>
				<property name="transform" value="M/Forks"/>
				<property name="steerAngle" value="0, 30, 0"/>
				<property name="IKHandLPosition" value="-.3362, .4901, -.1789"/>
				<property name="IKHandLRotation" value="-7.2919, 77.3004, 29.6909"/>
				<property name="IKHandRPosition" value=".3353, .4747, -.1735"/>
				<property name="IKHandRRotation" value="4.1479, 105.6533, -158.7339"/>
				<property name="paint" value="handlebar"/>
			</property>

			<property class="seat0">
				<property name="class" value="Seat"/>
				<property name="pose" value="30"/>
				<property name="position" value="0, 0, 0"/>
				<property name="rotation" value="0, 0, 0"/>
				<property name="exit" value="-.9,0,0 ~ .9,0,0 ~ 0,0,-1.5 ~ 0,0,1.6 ~ 0,1.5,0"/>
			</property>

			<property class="seat1">
				<property name="class" value="Seat"/>
				<property name="pose" value="31"/>
				<property name="position" value="0, 0, 0"/>
				<property name="rotation" value="0, 0, 0"/>
				<property name="exit" value="-.9,0,-.7 ~ .9,0,-.7 ~ -.6,0,-1.5 ~ -.6,0,1.6 ~ 0,1.5,-.6"/>
				<property name="mod" value="seat"/>
				<property name="modT" value="M/Seat"/>
			</property>

			<property class="wheel0">
				<property name="tireTransform" value="M/Forks/Wheel0"/>
				<property name="torqueScale_motor_brake" value=".15, .5"/>
			</property>

			<property class="wheel1">
				<property name="tireTransform" value="Wheel1"/>
				<property name="torqueScale_motor_brake" value="1, 1"/>
			</property>

			<property class="headlight">
				<property name="class" value="Headlight"/>
				<property name="bright" value=".9"/>

				<property name="transform" value="M/Forks/HeadLights/Lights"/>
				<property name="matT" value="M/Forks/HeadLights"/>
				<property name="matEmissive" value="808080"/>

				<property name="mod" value="light"/>
				<property name="modT" value="M/Forks/LightMod"/>
				<property name="modOnT" value="M/Forks/LightMod/Lights"/>
				<property name="modMatEmissive" value="909090"/>

				<property name="tailEmissive" value="c0c0c0"/>
			</property>

			<property class="armor">
				<property name="class" value="VehiclePart"/>
				<property name="mod" value="armor"/>
				<property name="modT" value="M/Forks/Armor"/>
				<property name="modRBT" value="Armor"/>
			</property>

			<property class="storage">
				<property name="class" value="Storage"/>
				<property name="mesh" value="M/Storage"/>
			</property>
		</vehicle>
	</append>
</configs>
