<configs>
	<append xpath="/buffs">
		<buff name="buffSecure" name_key="ProtectDN" description_key="INDNDesc" tooltip_key="ProtectDNDesc" icon="ui_game_symbol_add" icon_color="253,238,0">
			<stack_type value="replace"/>
			<duration value="3"/>
			<display_value value=".AguaDivinaDisplay"/>
			<display_value_format value="time"/>
			<!--
			<effect_group>
				<triggered_effect trigger="onSelfBuffUpdate" action="ModifyCVar" cvar="$AguaDivinaDuration" operation="subtract" value="@$MetabolismDuration"/>
				<triggered_effect trigger="onSelfBuffUpdate" action="ModifyCVar" cvar=".AguaDivinaDisplay" operation="set" value="@$AguaDivinaDuration"/>
				<triggered_effect trigger="onSelfBuffUpdate" action="ModifyCVar" cvar=".AguaDivinaDisplay" operation="divide" value="@$MetabolismDuration"/>
			</effect_group>

			<effect_group>
				<requirement name="CVarCompare" cvar="$AguaDivinaDuration" operation="LTE" value="0"/>
				<triggered_effect trigger="onSelfBuffRemove" action="ModifyCVar" cvar=".AguaDivinaDisplay" operation="set" value="0"/>
				<triggered_effect trigger="onSelfBuffUpdate" action="ModifyCVar" cvar="$AguaDivinaDuration" operation="set" value="0"/>
				<triggered_effect trigger="onSelfBuffUpdate" action="RemoveBuff" buff="AguaDivina"/>
			</effect_group>
			-->
			<effect_group>
				<passive_effect name="HealthLoss" operation="base_set" value="0"/>
				<passive_effect name="HealthLoss" operation="perc_set" value="0"/>
				<!--
					<passive_effect name="HealthChangeOT" operation="perc_set" value="0"/>
					<passive_effect name="FoodChangeOT" operation="perc_set" value="0"/>
					<passive_effect name="WaterChangeOT" operation="perc_set" value="0"/>
					<passive_effect name="StaminaChangeOT" operation="perc_add" value="25000"/>
					 -->
				<!-- <passive_effect name="HealthMaxModifierOT" operation="base_add" value="100"/> -->
				<!-- <passive_effect name="StaminaMaxModifierOT" operation="base_add" value="100"/> -->
				<passive_effect name="CarryCapacity" operation="base_set" value="60"/>
				<passive_effect name="ElementalDamageResist" operation="base_add" value="2000" tags="cold,heat,electrical"/>
				<passive_effect name="PhysicalDamageResist" operation="base_add" value="2000"/>
				<passive_effect name="PhysicalDamageResist" operation="base_add" value="2000" tags="coredamageresist"/>
				<passive_effect name="ElementalDamageResist" operation="base_add" value="2000" tags="heat,electrical"/>
				<passive_effect name="HypothermalResist" operation="base_add" value="100"/>
				<passive_effect name="HyperthermalResist" operation="base_add" value="100"/>
				<passive_effect name="HealthLoss" operation="perc_add" value="-1.2"/>
				<triggered_effect trigger="onSelfBuffUpdate" action="RemoveAllNegativeBuffs"/>
				<triggered_effect trigger="onSelfBuffUpdate" action="AddBuff" buff="buffPerkAbilityUpdate"/>
				<triggered_effect trigger="onSelfBuffRemove" action="AddBuff" buff="buffPerkAbilityUpdate"/>
				<triggered_effect trigger="onSelfBuffUpdate" action="ModifyStats" stat="Health" operation="set" value="25000"/>
				<triggered_effect trigger="onSelfBuffUpdate" action="ModifyStats" stat="Food" operation="set" value="25000"/>
				<triggered_effect trigger="onSelfBuffUpdate" action="ModifyStats" stat="Water" operation="set" value="25000"/>
				<triggered_effect trigger="onSelfBuffUpdate" action="ModifyStats" stat="Stamina" operation="set" value="25000"/>
				<triggered_effect trigger="onSelfBuffStart" action="ModifyCVar" cvar="$armHurtCounter" operation="set" value="0"/>
				<triggered_effect trigger="onSelfBuffStart" action="ModifyCVar" cvar="$legHurtCounter" operation="set" value="0"/>
				<triggered_effect trigger="onSelfBuffStart" action="ModifyCVar" cvar="healAbrasionMult" operation="set" value="0"/>

				<triggered_effect trigger="onSelfBuffStack" action="RemoveBuff" buff="buffDrugSugarButts"/>
				<triggered_effect trigger="onSelfBuffStack" action="RemoveBuff" buff="buffDrugSugarButts"/>
				<triggered_effect trigger="onSelfBuffStart" action="ModifyCVar" cvar="$buffDrugSugarButtsDuration" operation="set" value="0"/>
				<triggered_effect trigger="onSelfBuffStart" action="RemoveBuff" buff="buffPumpkinCheesecake"/>
				<triggered_effect trigger="onSelfBuffStack" action="RemoveBuff" buff="buffPumpkinCheesecake"/>
				<triggered_effect trigger="onSelfBuffStart" action="ModifyCVar" cvar="$buffPumpkinCheesecakeDuration" operation="set" value="0"/>
				<triggered_effect trigger="onSelfBuffStart" action="RemoveBuff" buff="buffDrunkGrandpasAwesomeSauce"/>
				<triggered_effect trigger="onSelfBuffStart" action="RemoveBuff" buff="buffDrunkGrandpasAwesomeSauce"/>
				<triggered_effect trigger="onSelfBuffStart" action="ModifyCVar" cvar="$buffGrandpasAwesomeSauceDuration" operation="set" value="0"/>

				<triggered_effect trigger="onSelfBuffStart" action="ModifyCVar" cvar="$abrasionHealthMaxBlockage" operation="set" value="0"/>
				<triggered_effect trigger="onSelfBuffStart" action="ModifyCVar" cvar="$abrasionCounter" operation="set" value="0"/>

				<triggered_effect trigger="onSelfBuffStart" action="ModifyCVar" cvar="$buffDrugVitaminsDuration" operation="set" value="0"/>
				<triggered_effect trigger="onSelfBuffStart" action="ModifyCVar" cvar="$buffDrugPainkillersDuration" operation="set" value="0"/>
				<triggered_effect trigger="onSelfBuffStart" action="ModifyCVar" cvar="$buffDrugSteroidsDuration" operation="set" value="0"/>
				<triggered_effect trigger="onSelfBuffStart" action="ModifyCVar" cvar="$buffDrugRecogDuration" operation="set" value="0"/>
				<triggered_effect trigger="onSelfBuffStart" action="ModifyCVar" cvar="$buffDrugFortBitesDuration" operation="set" value="0"/>
				<triggered_effect trigger="onSelfBuffStart" action="ModifyCVar" cvar="$buffDrugAtomJunkiesDuration" operation="set" value="0"/>
				<triggered_effect trigger="onSelfBuffStart" action="ModifyCVar" cvar="$buffDrugCovertCatsDuration" operation="set" value="0"/>
				<triggered_effect trigger="onSelfBuffStart" action="ModifyCVar" cvar="$buffDrugEyeKandyDuration" operation="set" value="0"/>
				<triggered_effect trigger="onSelfBuffStart" action="ModifyCVar" cvar="$buffDrugHackersDuration" operation="set" value="0"/>
				<triggered_effect trigger="onSelfBuffStart" action="ModifyCVar" cvar="$buffDrugHealthBarDuration" operation="set" value="0"/>
				<triggered_effect trigger="onSelfBuffStart" action="ModifyCVar" cvar="$buffDrugJailBreakersDuration" operation="set" value="0"/>
				<triggered_effect trigger="onSelfBuffStart" action="ModifyCVar" cvar="$buffDrugNerdTatsDuration" operation="set" value="0"/>
				<triggered_effect trigger="onSelfBuffStart" action="ModifyCVar" cvar="$buffDrugOhShitzDropsDuration" operation="set" value="0"/>
				<triggered_effect trigger="onSelfBuffStart" action="ModifyCVar" cvar="$buffDrugRockBustersDuration" operation="set" value="0"/>
				<triggered_effect trigger="onSelfBuffStart" action="ModifyCVar" cvar="$buffDrugSkullCrushersDuration" operation="set" value="0"/>
				<triggered_effect trigger="onSelfBuffStart" action="ModifyCVar" cvar="$buffDrugSugarButtsDuration" operation="set" value="0"/>
				<triggered_effect trigger="onSelfBuffStart" action="ModifyCVar" cvar="$buffShamChowderDuration" operation="set" value="0"/>
				<triggered_effect trigger="onSelfBuffStart" action="ModifyCVar" cvar="$buffPumpkinCheesecakeDuration" operation="set" value="0"/>
				<triggered_effect trigger="onSelfBuffStart" action="ModifyCVar" cvar="$buffRedTeaDuration" operation="set" value="0"/>
				<triggered_effect trigger="onSelfBuffStart" action="ModifyCVar" cvar="$buffRedTeaDuration" operation="set" value="0"/>
				<triggered_effect trigger="onSelfBuffStart" action="ModifyCVar" cvar="$buffYuccaJuiceSmoothieDuration" operation="set" value="0"/>
				<triggered_effect trigger="onSelfBuffStart" action="ModifyCVar" cvar="$buffMegaCrushDuration" operation="set" value="0"/>
				<triggered_effect trigger="onSelfBuffStart" action="ModifyCVar" cvar="$buffCoffeeDuration" operation="set" value="0"/>
				<triggered_effect trigger="onSelfBuffStart" action="ModifyCVar" cvar="$buffCoffeeBSDuration" operation="set" value="0"/>
				<triggered_effect trigger="onSelfBuffStart" action="ModifyCVar" cvar="$buffBeerDuration" operation="set" value="0"/>
				<triggered_effect trigger="onSelfBuffStart" action="ModifyCVar" cvar="$buffGrandpasMoonshineDuration" operation="set" value="0"/>
				<triggered_effect trigger="onSelfBuffStart" action="ModifyCVar" cvar="$buffGrandpasAwesomeSauceDuration" operation="set" value="0"/>
				<triggered_effect trigger="onSelfBuffStart" action="ModifyCVar" cvar="$buffGrandpasLearningElixirDuration" operation="set" value="0"/>
				<triggered_effect trigger="onSelfBuffStart" action="ModifyCVar" cvar="$foodAmountAdd" operation="set" value="0"/>
				<triggered_effect trigger="onSelfBuffStart" action="ModifyCVar" cvar="$waterAmountAdd" operation="set" value="0"/>

				<triggered_effect trigger="onSelfBuffStart" action="ModifyCVar" cvar="$opDuration" operation="set" value="0"/>
				<triggered_effect trigger="onSelfBuffStart" action="ModifyCVar" cvar="$op2Duration" operation="set" value="0"/>
				<triggered_effect trigger="onSelfBuffStart" action="ModifyCVar" cvar="$op3Duration" operation="set" value="0"/>
				<triggered_effect trigger="onSelfBuffStart" action="ModifyCVar" cvar="$buffchaleDuration" operation="set" value="0"/>				

			</effect_group>
		</buff>

		<buff name="hf_buffCelebrate" name_key="TwitchBuff_Celebrate" description_key="TwitchBuff_CelebrateDesc" icon="ui_game_symbol_twitch_celebrate" icon_color="175,175,255">
			<stack_type value="replace"/>	
			<effect_group>
				<!--<passive_effect name="BuffBlink" operation="base_set" value="2" duration="0,3" tags="twitch_buffCelebrate"/>-->
				<triggered_effect trigger="onSelfLeaveGame" action="RemoveBuff" buff="twitch_buffCelebrate"/>
				<triggered_effect trigger="onSelfBuffRemove" action="PlaySound" sound="twitch_good_buff_ended" play_in_head="true"/>

			</effect_group>	
			<effect_group>
				<passive_effect name="CelebrationKill" operation="base_set" value="1" />
			</effect_group>
		</buff>
		<buff name="hf_buffSillySounds" name_key="TwitchBuff_Celebrate" description_key="TwitchBuff_CelebrateDesc" icon="ui_game_symbol_twitch_sound_effects" icon_color="175,175,255">
			<stack_type value="replace"/>	
			<effect_group>
				<!--<passive_effect name="BuffBlink" operation="base_set" value="2" duration="0,3" tags="twitch_buffCelebrate"/>-->
				<triggered_effect trigger="onSelfLeaveGame" action="RemoveBuff" buff="twitch_buffCelebrate"/>
				<triggered_effect trigger="onSelfBuffRemove" action="PlaySound" sound="twitch_good_buff_ended" play_in_head="true"/>

			</effect_group>	
			<effect_group>
				<triggered_effect trigger="onSelfBuffStart" action="AltSounds" enabled="true"/>
				<triggered_effect trigger="onSelfBuffRemove" action="AltSounds" enabled="false"/>
			</effect_group>
		</buff>

	</append>
</configs>
