<configs>
	<append xpath="/lootcontainers">
		<lootgroup name="lootMiniRopa" count="all">
			<item name="eventIT1" count="1"/>
			<item name="eventIT2" count="0,2"/>
		</lootgroup>

		<lootcontainer id="414" name="minisContainer" count="1" size="5,3" destroy_on_close="true" sound_open="UseActions/open_backpack" sound_close="UseActions/close_backpack" open_time="0" loot_quality_template="speciallootmod">
			<item group="lootMiniRopa" count="1"/>
		</lootcontainer>
	</append>
	<!-- Normal -->
	<append xpath="/lootcontainers/lootgroup[@name='groupZpackReg']">
		<item name="eventIT1" count="1"/>
	</append> 
	
	<!-- Strong -->
	<append xpath="/lootcontainers/lootgroup[@name='groupZpackStrong']">
		<item name="eventIT1" count="2"/>
	</append> 
	
	<!-- Boss -->
	<append xpath="/lootcontainers/lootgroup[@name='groupZpackBoss']">
		<item name="eventIT1" count="3"/>
	</append> 
	
	<!-- miniBosses -->
	<append xpath="/lootcontainers/lootcontainer[@name='semiBossCoutainer']">
		<item name="eventIT1" count="3,4" prob="8"/>
	</append> 
	
	<!-- Bosses -->
	<append xpath="/lootcontainers/lootgroup[@name='lootBossSiren']">
		<item name="eventIT1" count="3,5"/>
	</append> 
	<append xpath="/lootcontainers/lootgroup[@name='lootBossSiren2']">
		<item name="eventIT1" count="3,5"/>
	</append>
	<append xpath="/lootcontainers/lootgroup[@name='lootBossSoldier']">
		<item name="eventIT1" count="3,6"/>
	</append>
	<append xpath="/lootcontainers/lootgroup[@name='lootBossJugger']">
		<item name="eventIT1" count="3,6"/>
	</append>
	<append xpath="/lootcontainers/lootgroup[@name='lootzombieBossMummy']">
		<item name="eventIT1" count="3,6"/>
	</append>
	<append xpath="/lootcontainers/lootgroup[@name='lootzombierBossCirujano']">
		<item name="eventIT1" count="3,6"/>
	</append>
	<append xpath="/lootcontainers/lootgroup[@name='lootzombieBossZombieKnight']">
		<item name="eventIT1" count="3,6"/>
	</append>
	<append xpath="/lootcontainers/lootgroup[@name='mineralBossCoutainer']">
		<item name="eventIT1" count="6,12"/>
	</append>
	<append xpath="/lootcontainers/lootgroup[@name='practoBossCoutainer']">
		<item name="eventIT1" count="6,12"/>
	</append>
	<append xpath="/lootcontainers/lootgroup[@name='mineralShinyBossCoutainer']">
		<item name="eventIT1" count="12,24"/>
	</append>
	
	
	<!-- angryAdmin -->
	<append xpath="/lootcontainers/lootgroup[@name='lootBossHF']">
		<item name="eventIT1" count="10,30"/>
	</append>
	
	<!--**-->



</configs>