<MalenSE>

	<!-- MalenEI Edits Start -->
	<append xpath="/recipes">
	<!-- ▼▲▼▲▼▲▼▲▼▲▼▲▼▲▼▲▼▲ Cheque HC ▼▲▼▲▼▲▼▲▼▲▼▲▼▲▼▲▼▲ 
		<recipe name="hooliganCheck" count="1" craft_time="600" craft_area="decomachine">
			<ingredient name="hooliganCoin" count="30000"/>
		</recipe>-->
	<!-- ▼▲▼▲▼▲▼▲▼▲▼▲▼▲▼▲▼▲ Recetas con dulces de evento ▼▲▼▲▼▲▼▲▼▲▼▲▼▲▼▲▼▲ -->
		<recipe name="resourceRawDiamond" count="1" craft_time="1" craft_area="evtmachine" tags="workbenchCrafting">
			<ingredient name="eventIT4" count="1"/>
		</recipe>
		<recipe name="resourceGoldNugget" count="2" craft_time="1" craft_area="evtmachine" tags="workbenchCrafting">
			<ingredient name="eventIT4" count="1"/>
		</recipe>
		<recipe name="resourceSilverNugget" count="3" craft_time="1" craft_area="evtmachine" tags="workbenchCrafting">
			<ingredient name="eventIT4" count="1"/>
		</recipe>
		<recipe name="resourceSteelPolishR" count="3" craft_time="1" craft_area="evtmachine" tags="workbenchCrafting">
			<ingredient name="eventIT4" count="1"/>
		</recipe>
		<recipe name="eventIT1" count="3" craft_time="1" craft_area="evtmachine" tags="workbenchCrafting">
			<ingredient name="eventIT4" count="1"/>
		</recipe>
		<recipe name="eventIT2" count="3" craft_time="1" craft_area="evtmachine" tags="workbenchCrafting">
			<ingredient name="eventIT4" count="1"/>
		</recipe>

		<recipe name="resourceRawDiamond" count="1" craft_time="1" craft_area="evtmachine" tags="workbenchCrafting">
			<ingredient name="eventIT5" count="3"/>
		</recipe>
		<recipe name="resourceGoldNugget" count="2" craft_time="1" craft_area="evtmachine" tags="workbenchCrafting">
			<ingredient name="eventIT5" count="3"/>
		</recipe>
		<recipe name="resourceSilverNugget" count="3" craft_time="1" craft_area="evtmachine" tags="workbenchCrafting">
			<ingredient name="eventIT5" count="3"/>
		</recipe>
		<recipe name="resourceSteelPolishR" count="3" craft_time="1" craft_area="evtmachine" tags="workbenchCrafting">
			<ingredient name="eventIT5" count="3"/>
		</recipe>
		<recipe name="eventIT1" count="1" craft_time="1" craft_area="evtmachine" tags="workbenchCrafting">
			<ingredient name="eventIT5" count="1"/>
		</recipe>
		<recipe name="eventIT2" count="1" craft_time="1" craft_area="evtmachine" tags="workbenchCrafting">
			<ingredient name="eventIT5" count="1"/>
		</recipe>
	<!-- ▼▲▼▲▼▲▼▲▼▲▼▲▼▲▼▲▼▲ Event Token ▼▲▼▲▼▲▼▲▼▲▼▲▼▲▼▲▼▲ -->	
		<recipe name="eventIT3" count="1" craft_time="5">
			<ingredient name="questFrag" count="10"/>			
		</recipe>	
	<!-- ▼▲▼▲▼▲▼▲▼▲▼▲▼▲▼▲▼▲ Armadura de evento ▼▲▼▲▼▲▼▲▼▲▼▲▼▲▼▲▼▲ -->	
		<recipe name="eventIT2" count="100" craft_area="evtmachine" craft_time="10">
			<ingredient name="PVPMAH" count="3"/>
		</recipe>
		<recipe name="hooliganCoin" count="100" craft_area="evtmachine" craft_time="10">
			<ingredient name="PVPMAA" count="1"/>
		</recipe>
		<recipe name="hooliganCoin" count="100" craft_area="evtmachine" craft_time="10">
			<ingredient name="PVPMAG" count="1"/>
		</recipe>
		<recipe name="hooliganCoin" count="100" craft_area="evtmachine" craft_time="10">
			<ingredient name="PVPMAL" count="1"/>
		</recipe>
		<recipe name="hooliganCoin" count="100" craft_area="evtmachine" craft_time="10">
			<ingredient name="PVPMAB" count="1"/>
		</recipe>
	<!-- ▼▲▼▲▼▲▼▲▼▲▼▲▼▲▼▲▼▲ Items de evento ▼▲▼▲▼▲▼▲▼▲▼▲▼▲▼▲▼▲ -->
		<recipe name="juguito_de_chale" count="1" craft_area="evtmachine" craft_time="5" tags="workbenchCrafting">
			<ingredient name="eventIT1" count="5"/>
		</recipe>
		<recipe name="juguito_de_chale" count="1" craft_area="evtmachine" craft_time="5" tags="workbenchCrafting">
			<ingredient name="eventIT2" count="5"/>
		</recipe>
	
		<recipe name="eventmachine" count="1" craft_time="30" tags="workbenchCrafting">
			<ingredient name="eventIT1" count="1"/>
		</recipe>
		<recipe name="eventmachine" count="1" craft_time="30" tags="workbenchCrafting">
			<ingredient name="eventIT2" count="1"/>
		</recipe>	

		<recipe name="eventIT1" count="1" craft_time="1" craft_area="evtmachine" tags="workbenchCrafting">
			<ingredient name="eventIT2" count="2"/>
		</recipe>
		<recipe name="modCursedStone" count="1" craft_time="1" craft_area="evtmachine" tags="workbenchCrafting">
			<ingredient name="eventIT2" count="600"/>
		</recipe>		
		<recipe name="ResourceForgedPractonium" count="1" craft_time="1" craft_area="evtmachine" tags="workbenchCrafting">
			<ingredient name="eventIT2" count="550"/>
		</recipe>

		<recipe name="gunHandgunT1PistolParts" count="2" craft_time="1" craft_area="evtmachine">
			<ingredient name="eventIT2" count="1"/>
		</recipe>
		<recipe name="gunRifleT1HuntingRifleParts" count="2" craft_time="1" craft_area="evtmachine">
			<ingredient name="eventIT2" count="1"/>
		</recipe>
		<recipe name="gunShotgunT1DoubleBarrelParts" count="2" craft_time="1" craft_area="evtmachine">
			<ingredient name="eventIT2" count="1"/>
		</recipe>
		<recipe name="gunMGT1AK47Parts" count="1" craft_time="2" craft_area="evtmachine">
			<ingredient name="eventIT2" count="1"/>
		</recipe>
		<recipe name="gunBowT1WoodenBowParts" count="1" craft_time="2" craft_area="evtmachine">
			<ingredient name="eventIT2" count="1"/>
		</recipe>
		<recipe name="gunExplosivesT3RocketLauncherParts" count="2" craft_time="1" craft_area="evtmachine">
			<ingredient name="eventIT2" count="2"/>
		</recipe>	
		<recipe name="meleeWpnBladeT3MacheteParts" count="2" craft_time="1" craft_area="evtmachine" tags="workbenchCrafting">
			<ingredient name="eventIT2" count="1"/>
		</recipe>		
		<recipe name="meleeWpnSpearT3SteelSpearParts" count="2" craft_time="1" craft_area="evtmachine" tags="workbenchCrafting">
			<ingredient name="eventIT2" count="1"/>
		</recipe>		
		<recipe name="meleeWpnSledgeT3SteelSledgehammerParts" count="2" craft_time="1" craft_area="evtmachine" tags="workbenchCrafting">
			<ingredient name="eventIT2" count="1"/>
		</recipe>		
		<recipe name="meleeWpnKnucklesT3SteelKnucklesParts" count="2" craft_time="1" craft_area="evtmachine" tags="workbenchCrafting">
			<ingredient name="eventIT2" count="1"/>
		</recipe>		
		<recipe name="meleeWpnClubT3SteelClubParts" count="2" craft_time="1" craft_area="evtmachine" tags="workbenchCrafting">
			<ingredient name="eventIT2" count="1"/>
		</recipe>		
		<recipe name="gunBotRoboticsParts" count="2" craft_time="1" craft_area="evtmachine" tags="workbenchCrafting">
			<ingredient name="eventIT2" count="1"/>
		</recipe>		
		<recipe name="meleeWpnBatonT2StunBatonParts" count="2" craft_time="1" craft_area="evtmachine" tags="workbenchCrafting">
			<ingredient name="eventIT2" count="1"/>
		</recipe>		
		<recipe name="eventIT3" count="1" craft_time="1" craft_area="evtmachine" tags="workbenchCrafting">
			<ingredient name="eventIT2" count="350"/>
		</recipe>
	<!--Season Event-->
		
		<recipe name="q_Gacha" count="1" craft_time="30" craft_area="evtmachine" tags="perkMasterChef">
			<ingredient name="eventIT1" count="30"/>
		</recipe>
		
		<recipe name="eventIT2" count="1" craft_time="1" craft_area="evtmachine" tags="workbenchCrafting">
			<ingredient name="eventIT1" count="2"/>
		</recipe>
		
		<recipe name="modCursedStone" count="1" craft_time="1" craft_area="evtmachine" tags="workbenchCrafting">
			<ingredient name="eventIT1" count="600"/>
		</recipe>
		<recipe name="ResourceForgedPractonium" count="1" craft_time="1" craft_area="evtmachine" tags="workbenchCrafting">
			<ingredient name="eventIT1" count="550"/>
		</recipe>		
		<recipe name="eventIT3" count="1" craft_time="1" craft_area="evtmachine" tags="workbenchCrafting">
			<ingredient name="eventIT1" count="350"/>
		</recipe>

		<recipe name="ResourceForgedPlatinum" count="1" craft_time="30" craft_area="evtmachine" tags="perkMasterChef">
			<ingredient name="eventIT1" count="500"/>
		</recipe>
		<recipe name="modGunMeleeBlessedMetal" count="1" craft_area="evtmachine" craft_time="30">
			<ingredient name="eventIT1" count="550"/>
		</recipe>
		<recipe name="SPOmotoPlaceable" count="1" craft_area="evtmachine" craft_time="30">
			<ingredient name="eventIT1" count="250"/>
		</recipe>
		<recipe name="SPOGyroPlaceable" count="1" craft_time="30" craft_area="evtmachine">
			<ingredient name="eventIT1" count="350"/>
		</recipe>
		<recipe name="legendToolT1_LlaveInglesa" count="1" craft_area="evtmachine" craft_time="30" tags="workbenchCrafting,LCLvl">
			<ingredient name="eventIT1" count="650"/>
		</recipe>
		<recipe name="legendToolT1_PicoDeAcero" count="1" craft_area="evtmachine" craft_time="30" tags="LCLvl,workbenchCrafting">
			<ingredient name="eventIT1" count="650"/>
		</recipe>
		<recipe name="legendToolT1_HachaDeAcero" count="1" craft_area="evtmachine" craft_time="30" tags="LCLvl,workbenchCrafting">
			<ingredient name="eventIT1" count="650"/>
		</recipe>
		<recipe name="Legendario_Lentes_Definitivos" count="1" craft_area="evtmachine" craft_time="30">
			<ingredient name="eventIT1" count="550"/>
		</recipe>
		<recipe name="Pistola_Legendaria" count="1" craft_area="evtmachine" craft_time="30" tags="LCLvl,workbenchCrafting">
			<ingredient name="eventIT1" count="700"/>
		</recipe>
		<recipe name="Recortada_Legendaria" count="1" craft_area="evtmachine" craft_time="30" tags="LCLvl,workbenchCrafting">
			<ingredient name="eventIT1" count="700"/>
		</recipe>
		<recipe name="Rifle_Legendario" count="1" craft_area="evtmachine" craft_time="30" tags="LCLvl,workbenchCrafting">
			<ingredient name="eventIT1" count="700"/>
		</recipe>
		<recipe name="AK47_Legendaria" count="1" craft_area="evtmachine" craft_time="30" tags="LCLvl,workbenchCrafting">
			<ingredient name="eventIT1" count="700"/>
		</recipe>		
		<recipe name="legend_T1Ballesta" count="1" craft_area="evtmachine" craft_time="30" tags="LCLvl,workbenchCrafting">
			<ingredient name="eventIT1" count="650"/>
		</recipe>

		
		
		<!--Libros Maestros-->
			
			<recipe name="bookMaestroPistol" count="1" craft_area="evtmachine" tags="workbenchCrafting" craft_time="30">
				<ingredient name="eventIT1" count="200"/>
			</recipe>
			<recipe name="bookMaestroAuto" count="1" craft_area="evtmachine" tags="workbenchCrafting" craft_time="30">
				<ingredient name="eventIT1" count="200"/>
			</recipe>
			<recipe name="bookMaestroShot" count="1" craft_area="evtmachine" tags="workbenchCrafting" craft_time="30">
				<ingredient name="eventIT1" count="200"/>
			</recipe>
			<recipe name="bookMaestroSnip" count="1" craft_area="evtmachine" tags="workbenchCrafting" craft_time="30">
				<ingredient name="eventIT1" count="200"/>
			</recipe>
			<recipe name="bookMaestroRev" count="1" craft_area="evtmachine" tags="workbenchCrafting" craft_time="30">
				<ingredient name="eventIT1" count="200"/>
			</recipe>
			<recipe name="bookMaestroRan" count="1" craft_area="evtmachine" tags="workbenchCrafting" craft_time="30">
				<ingredient name="eventIT1" count="200"/>
			</recipe>
			<recipe name="bookMaestroHunt" count="1" craft_area="evtmachine" tags="workbenchCrafting" craft_time="30">
				<ingredient name="eventIT1" count="200"/>
			</recipe>
			<recipe name="bookMaestroTools" count="1" craft_area="evtmachine" tags="workbenchCrafting" craft_time="30">
				<ingredient name="eventIT1" count="250"/>
			</recipe>
			<recipe name="bookMaestroStalk" count="1" craft_area="evtmachine" tags="workbenchCrafting" craft_time="30">
				<ingredient name="eventIT1" count="200"/>
			</recipe>			
			<recipe name="bookMaestroBat" count="1" craft_area="evtmachine" tags="workbenchCrafting" craft_time="30">
				<ingredient name="eventIT1" count="200"/>
			</recipe>
			<recipe name="bookMaestroBar" count="1" craft_area="evtmachine" tags="workbenchCrafting" craft_time="30">
				<ingredient name="eventIT1" count="200"/>
			</recipe>
			<recipe name="bookMaestroFire" count="1" craft_area="evtmachine" tags="workbenchCrafting" craft_time="30">
				<ingredient name="eventIT1" count="200"/>
			</recipe>
			<recipe name="bookMaestroSpear" count="1" craft_area="evtmachine" tags="workbenchCrafting" craft_time="30">
				<ingredient name="eventIT1" count="200"/>
			</recipe>
			<recipe name="bookMaestroTech" count="1" craft_area="evtmachine" tags="workbenchCrafting" craft_time="30">
				<ingredient name="eventIT1" count="250"/>
			</recipe>
			<recipe name="bookMaestroArm" count="1" craft_area="evtmachine" tags="workbenchCrafting" craft_time="30">
				<ingredient name="eventIT1" count="250"/>
			</recipe>
			<recipe name="bookMaestroLoot" count="1" craft_area="evtmachine" tags="workbenchCrafting" craft_time="30">
				<ingredient name="eventIT1" count="200"/>
			</recipe>
			<recipe name="bookMaestroTrea" count="1" craft_area="evtmachine" tags="workbenchCrafting" craft_time="30">
				<ingredient name="eventIT1" count="200"/>
			</recipe>
			<recipe name="bookMaestroGHeir" count="1" craft_area="evtmachine" tags="workbenchCrafting" craft_time="30">
				<ingredient name="eventIT1" count="200"/>
			</recipe>
						
		<!---->
		
		<recipe name="resourceCrushedSandBundle10k" craft_area="evtmachine" count="1" craft_time="5" tags="workbenchCrafting">
			<ingredient name="eventIT1" count="30"/>
		</recipe>
		<recipe name="resourceClayLumpBundle15k" craft_area="evtmachine" count="1" craft_time="5" tags="workbenchCrafting">
			<ingredient name="eventIT1" count="20"/>
		</recipe>
		<recipe name="resourceRockSmallBundle10k" ccraft_area="evtmachine" craft_time="5" tags="workbenchCrafting">
			<ingredient name="eventIT1" count="20"/>
		</recipe>
		<recipe name="resourceWoodBundle10k" ccraft_area="evtmachine" craft_time="5" tags="workbenchCrafting">
			<ingredient name="eventIT1" count="20"/>
		</recipe>
		<recipe name="resourceScrapIronBundle10k" ccraft_area="evtmachine" craft_time="5" tags="workbenchCrafting">
			<ingredient name="eventIT1" count="20"/>
		</recipe>
		<recipe name="resourcePotassiumNitratePowderBundle10k" count="1" craft_area="evtmachine" craft_time="5" tags="workbenchCrafting">
			<ingredient name="eventIT1" count="30"/>
		</recipe>
		<recipe name="resourceLeadBundle10k" count="1" craft_area="evtmachine" craft_time="5" tags="workbenchCrafting">
			<ingredient name="eventIT1" count="30"/>
		</recipe>
		<recipe name="resourceCoalBundle10k" count="1" craft_area="evtmachine" craft_time="5" tags="workbenchCrafting">
			<ingredient name="eventIT1" count="30"/>
		</recipe>
		<recipe name="resourceOilShaleBundle10k" count="1" craft_area="evtmachine" craft_time="5" tags="workbenchCrafting">
			<ingredient name="eventIT1" count="30"/>
		</recipe>
		<recipe name="casinoCoinD" count="1" craft_area="evtmachine" craft_time="5" tags="workbenchCrafting">
			<ingredient name="eventIT1" count="30"/>
		</recipe>
		<recipe name="bammoBundle9mmBulletBall" count="1" craft_area="evtmachine" craft_time="30" tags="workbenchCrafting">
			<ingredient name="eventIT1" count="25"/>
		</recipe>
		<recipe name="bammoBundle9mmBulletHP" count="1" craft_area="evtmachine" craft_time="30" tags="workbenchCrafting">
			<ingredient name="eventIT1" count="30"/>
		</recipe>
		<recipe name="bammoBundle9mmBulletAP" count="1" craft_area="evtmachine" craft_time="30" tags="workbenchCrafting">
			<ingredient name="eventIT1" count="40"/>
		</recipe>
		<recipe name="bammoBundle44MagnumBulletBall" count="1" craft_area="evtmachine" craft_time="30" tags="workbenchCrafting">
			<ingredient name="eventIT1" count="25"/>
		</recipe>
		<recipe name="bammoBundle44MagnumBulletHP" count="1" craft_area="evtmachine" craft_time="30" tags="workbenchCrafting">
			<ingredient name="eventIT1" count="30"/>
		</recipe>
		<recipe name="bammoBundle44MagnumBulletAP" count="1" craft_area="evtmachine" craft_time="30" tags="workbenchCrafting">
			<ingredient name="eventIT1" count="40"/>
		</recipe>
		<recipe name="bammoBundle762mmBulletBall" count="1" craft_area="evtmachine" craft_time="30" tags="workbenchCrafting">
			<ingredient name="eventIT1" count="25"/>
		</recipe>
		<recipe name="bammoBundle762mmBulletHP" count="1" craft_area="evtmachine" craft_time="30" tags="workbenchCrafting">
			<ingredient name="eventIT1" count="30"/>
		</recipe>
		<recipe name="bammoBundle762mmBulletAP" count="1" craft_area="evtmachine" craft_time="30" tags="workbenchCrafting">
			<ingredient name="eventIT1" count="40"/>
		</recipe>
		<recipe name="bammoBundleShotgunShell" count="1" craft_area="evtmachine" craft_time="30" tags="workbenchCrafting">
			<ingredient name="eventIT1" count="25"/>
		</recipe>
		<recipe name="bammoBundleShotgunSlug" count="1" craft_area="evtmachine" craft_time="30" tags="workbenchCrafting">
			<ingredient name="eventIT1" count="40"/>
		</recipe>
		<recipe name="bammoBundleShotgunBreachingSlug" count="1" craft_area="evtmachine" craft_time="30" tags="workbenchCrafting">
			<ingredient name="eventIT1" count="30"/>
		</recipe>		
		<recipe name="bammoJunkTurretLegend" count="2" craft_area="evtmachine" craft_time="30" tags="workbenchCrafting">
			<ingredient name="eventIT1" count="25"/>
		</recipe>
		<recipe name="bammoJunkTurretLegendAP" count="2" craft_area="evtmachine" craft_time="30" tags="workbenchCrafting">
			<ingredient name="eventIT1" count="30"/>
		</recipe>
		<recipe name="bammoJunkTurretLegendShell" count="2" craft_area="evtmachine" craft_time="30" tags="workbenchCrafting">
			<ingredient name="eventIT1" count="40"/>
		</recipe>

		<recipe name="DbladeTrap" count="1" craft_time="30" craft_area="evtmachine" tags="workbenchCrafting">
			<ingredient name="eventIT1" count="30"/>
		</recipe>		
		<recipe name="resourceRawDiamond" count="1" craft_time="30" craft_area="evtmachine" tags="workbenchCrafting">
			<ingredient name="eventIT1" count="6"/>
		</recipe>
		<recipe name="resourceGoldNugget" count="1" craft_time="30" craft_area="evtmachine" tags="workbenchCrafting">
			<ingredient name="eventIT1" count="4"/>
		</recipe>
		<recipe name="resourceSilverNugget" count="1" craft_time="30" craft_area="evtmachine" tags="workbenchCrafting">
			<ingredient name="eventIT1" count="2"/>
		</recipe>
		<recipe name="resourceSteelPolishR" count="1" craft_time="5" craft_area="evtmachine" tags="workbenchCrafting">
			<ingredient name="eventIT1" count="2"/>
		</recipe>
		<recipe name="Practonium" count="1" craft_time="5" craft_area="evtmachine">
			<ingredient name="eventIT1" count="30"/>
		</recipe>
		<recipe name="drinkuwu" count="1" craft_time="5" craft_area="evtmachine">
			<ingredient name="eventIT1" count="1000"/>
		</recipe>
		<recipe name="EnemigosdeT4VO" count="1" craft_time="5" craft_area="evtmachine">
			<ingredient name="eventIT1" count="350"/>
		</recipe>
		<recipe name="LosLunaticos" count="1" craft_time="5" craft_area="evtmachine">
			<ingredient name="eventIT1" count="150"/>
		</recipe>
		<recipe name="oldCash" count="100" craft_time="1" craft_area="evtmachine">
			<ingredient name="eventIT1" count="1"/>
		</recipe>

		<recipe name="meleeWpnBladeT3MacheteParts" count="2" craft_time="1" craft_area="evtmachine" tags="workbenchCrafting">
			<ingredient name="eventIT1" count="1"/>
		</recipe>
		<recipe name="meleeWpnSpearT3SteelSpearParts" count="2" craft_time="1" craft_area="evtmachine" tags="workbenchCrafting">
			<ingredient name="eventIT1" count="1"/>
		</recipe>
		<recipe name="meleeWpnSledgeT3SteelSledgehammerParts" count="2" craft_time="1" craft_area="evtmachine" tags="workbenchCrafting">
			<ingredient name="eventIT1" count="1"/>
		</recipe>
		<recipe name="meleeWpnKnucklesT3SteelKnucklesParts" count="2" craft_time="1" craft_area="evtmachine" tags="workbenchCrafting">
			<ingredient name="eventIT1" count="1"/>
		</recipe>
		<recipe name="meleeWpnClubT3SteelClubParts" count="2" craft_time="1" craft_area="evtmachine" tags="workbenchCrafting">
			<ingredient name="eventIT1" count="1"/>
		</recipe>
		<recipe name="gunBotRoboticsParts" count="2" craft_time="1" craft_area="evtmachine" tags="workbenchCrafting">
			<ingredient name="eventIT1" count="1"/>
		</recipe>
		<recipe name="meleeWpnBatonT2StunBatonParts" count="2" craft_time="1" craft_area="evtmachine" tags="workbenchCrafting">
			<ingredient name="eventIT1" count="1"/>
		</recipe>
		<recipe name="gunHandgunT1PistolParts" count="2" craft_time="1" craft_area="evtmachine">
			<ingredient name="eventIT1" count="1"/>
		</recipe>
		<recipe name="gunRifleT1HuntingRifleParts" count="2" craft_time="1" craft_area="evtmachine">
			<ingredient name="eventIT1" count="1"/>
		</recipe>
		<recipe name="gunShotgunT1DoubleBarrelParts" count="2" craft_time="1" craft_area="evtmachine">
			<ingredient name="eventIT1" count="1"/>
		</recipe>
		<recipe name="gunMGT1AK47Parts" count="1" craft_time="2" craft_area="evtmachine">
			<ingredient name="eventIT1" count="1"/>
		</recipe>
		<recipe name="gunBowT1WoodenBowParts" count="1" craft_time="2" craft_area="evtmachine">
			<ingredient name="eventIT1" count="1"/>
		</recipe>
		<recipe name="gunExplosivesT3RocketLauncherParts" count="2" craft_time="1" craft_area="evtmachine">
			<ingredient name="eventIT1" count="2"/>
		</recipe>
		
	<!--Season Event-->

    <!--Event Tickets-->
        <recipe name="q_Gacha" count="1" craft_time="30" craft_area="evtmachine" tags="perkMasterChef">
			<ingredient name="eventIT2" count="30"/>
		</recipe>
		<recipe name="ResourceForgedPlatinum" count="1" craft_time="30" craft_area="evtmachine" tags="perkMasterChef">
			<ingredient name="eventIT2" count="500"/>
		</recipe>
		<recipe name="modGunMeleeBlessedMetal" count="1" craft_area="evtmachine" craft_time="30">
			<ingredient name="eventIT2" count="550"/>
		</recipe>
		<recipe name="SPOmotoPlaceable" count="1" craft_area="evtmachine" craft_time="30">
			<ingredient name="eventIT2" count="250"/>
		</recipe>
		<recipe name="SPOGyroPlaceable" count="1" craft_time="30" craft_area="evtmachine">
			<ingredient name="eventIT2" count="350"/>
		</recipe>
		<recipe name="legendToolT1_LlaveInglesa" count="1" craft_area="evtmachine" craft_time="30" tags="workbenchCrafting,LCLvl">
			<ingredient name="eventIT2" count="650"/>
		</recipe>
		<recipe name="legendToolT1_PicoDeAcero" count="1" craft_area="evtmachine" craft_time="30" tags="LCLvl,workbenchCrafting">
			<ingredient name="eventIT2" count="650"/>
		</recipe>
		<recipe name="legendToolT1_HachaDeAcero" count="1" craft_area="evtmachine" craft_time="30" tags="LCLvl,workbenchCrafting">
			<ingredient name="eventIT2" count="650"/>
		</recipe>
		<recipe name="Legendario_Lentes_Definitivos" count="1" craft_area="evtmachine" craft_time="30">
			<ingredient name="eventIT2" count="550"/>
		</recipe>
		<recipe name="Pistola_Legendaria" count="1" craft_area="evtmachine" craft_time="30" tags="LCLvl,workbenchCrafting">
			<ingredient name="eventIT2" count="700"/>
		</recipe>
		<recipe name="Recortada_Legendaria" count="1" craft_area="evtmachine" craft_time="30" tags="LCLvl,workbenchCrafting">
			<ingredient name="eventIT2" count="700"/>
		</recipe>
		<recipe name="Rifle_Legendario" count="1" craft_area="evtmachine" craft_time="30" tags="LCLvl,workbenchCrafting">
			<ingredient name="eventIT2" count="700"/>
		</recipe>
		<recipe name="AK47_Legendaria" count="1" craft_area="evtmachine" craft_time="30" tags="LCLvl,workbenchCrafting">
			<ingredient name="eventIT2" count="700"/>
		</recipe>
		<recipe name="legend_T1Ballesta" count="1" craft_area="evtmachine" craft_time="30" tags="LCLvl,workbenchCrafting">
			<ingredient name="eventIT2" count="650"/>
		</recipe>
		<!--Libros Maestros-->
			<recipe name="bookMaestroPistol" count="1" craft_area="evtmachine" tags="workbenchCrafting" craft_time="30">
				<ingredient name="eventIT2" count="200"/>
			</recipe>
			<recipe name="bookMaestroAuto" count="1" craft_area="evtmachine" tags="workbenchCrafting" craft_time="30">
				<ingredient name="eventIT2" count="200"/>
			</recipe>
			<recipe name="bookMaestroShot" count="1" craft_area="evtmachine" tags="workbenchCrafting" craft_time="30">
				<ingredient name="eventIT2" count="200"/>
			</recipe>
			<recipe name="bookMaestroSnip" count="1" craft_area="evtmachine" tags="workbenchCrafting" craft_time="30">
				<ingredient name="eventIT2" count="200"/>
			</recipe>
			<recipe name="bookMaestroRev" count="1" craft_area="evtmachine" tags="workbenchCrafting" craft_time="30">
				<ingredient name="eventIT2" count="200"/>
			</recipe>
			<recipe name="bookMaestroRan" count="1" craft_area="evtmachine" tags="workbenchCrafting" craft_time="30">
				<ingredient name="eventIT2" count="200"/>
			</recipe>
			<recipe name="bookMaestroHunt" count="1" craft_area="evtmachine" tags="workbenchCrafting" craft_time="30">
				<ingredient name="eventIT2" count="200"/>
			</recipe>
			<recipe name="bookMaestroTools" count="1" craft_area="evtmachine" tags="workbenchCrafting" craft_time="30">
				<ingredient name="eventIT2" count="250"/>
			</recipe>
			<recipe name="bookMaestroStalk" count="1" craft_area="evtmachine" tags="workbenchCrafting" craft_time="30">
				<ingredient name="eventIT2" count="200"/>
			</recipe>			
			<recipe name="bookMaestroBat" count="1" craft_area="evtmachine" tags="workbenchCrafting" craft_time="30">
				<ingredient name="eventIT2" count="200"/>
			</recipe>
			<recipe name="bookMaestroBar" count="1" craft_area="evtmachine" tags="workbenchCrafting" craft_time="30">
				<ingredient name="eventIT2" count="200"/>
			</recipe>
			<recipe name="bookMaestroFire" count="1" craft_area="evtmachine" tags="workbenchCrafting" craft_time="30">
				<ingredient name="eventIT2" count="200"/>
			</recipe>
			<recipe name="bookMaestroSpear" count="1" craft_area="evtmachine" tags="workbenchCrafting" craft_time="30">
				<ingredient name="eventIT2" count="200"/>
			</recipe>
			<recipe name="bookMaestroTech" count="1" craft_area="evtmachine" tags="workbenchCrafting" craft_time="30">
				<ingredient name="eventIT2" count="250"/>
			</recipe>
			<recipe name="bookMaestroArm" count="1" craft_area="evtmachine" tags="workbenchCrafting" craft_time="30">
				<ingredient name="eventIT2" count="250"/>
			</recipe>
			<recipe name="bookMaestroLoot" count="1" craft_area="evtmachine" tags="workbenchCrafting" craft_time="30">
				<ingredient name="eventIT2" count="200"/>
			</recipe>
			<recipe name="bookMaestroTrea" count="1" craft_area="evtmachine" tags="workbenchCrafting" craft_time="30">
				<ingredient name="eventIT2" count="200"/>
			</recipe>
			<recipe name="bookMaestroGHeir" count="1" craft_area="evtmachine" tags="workbenchCrafting" craft_time="30">
				<ingredient name="eventIT2" count="200"/>
			</recipe>			
		<!---->
		<recipe name="resourceCrushedSandBundle10k" craft_area="evtmachine" count="1" craft_time="5" tags="workbenchCrafting">
			<ingredient name="eventIT2" count="30"/>
		</recipe>
		<recipe name="resourceClayLumpBundle15k" craft_area="evtmachine" count="1" craft_time="5" tags="workbenchCrafting">
			<ingredient name="eventIT2" count="20"/>
		</recipe>
		<recipe name="resourceRockSmallBundle10k" ccraft_area="evtmachine" craft_time="5" tags="workbenchCrafting">
			<ingredient name="eventIT2" count="20"/>
		</recipe>
		<recipe name="resourceWoodBundle10k" ccraft_area="evtmachine" craft_time="5" tags="workbenchCrafting">
			<ingredient name="eventIT2" count="20"/>
		</recipe>
		<recipe name="resourceScrapIronBundle10k" ccraft_area="evtmachine" craft_time="5" tags="workbenchCrafting">
			<ingredient name="eventIT2" count="20"/>
		</recipe>
		<recipe name="resourcePotassiumNitratePowderBundle10k" count="1" craft_area="evtmachine" craft_time="5" tags="workbenchCrafting">
			<ingredient name="eventIT2" count="30"/>
		</recipe>
		<recipe name="resourceLeadBundle10k" count="1" craft_area="evtmachine" craft_time="5" tags="workbenchCrafting">
			<ingredient name="eventIT2" count="30"/>
		</recipe>
		<recipe name="resourceCoalBundle10k" count="1" craft_area="evtmachine" craft_time="5" tags="workbenchCrafting">
			<ingredient name="eventIT2" count="30"/>
		</recipe>
		<recipe name="resourceOilShaleBundle10k" count="1" craft_area="evtmachine" craft_time="5" tags="workbenchCrafting">
			<ingredient name="eventIT2" count="30"/>
		</recipe>
		<recipe name="casinoCoinD" count="1" craft_area="evtmachine" craft_time="5" tags="workbenchCrafting">
			<ingredient name="eventIT2" count="30"/>
		</recipe>
		<recipe name="bammoBundle9mmBulletBall" count="1" craft_area="evtmachine" craft_time="30" tags="workbenchCrafting">
			<ingredient name="eventIT2" count="25"/>
		</recipe>
		<recipe name="bammoBundle9mmBulletHP" count="1" craft_area="evtmachine" craft_time="30" tags="workbenchCrafting">
			<ingredient name="eventIT2" count="30"/>
		</recipe>
		<recipe name="bammoBundle9mmBulletAP" count="1" craft_area="evtmachine" craft_time="30" tags="workbenchCrafting">
			<ingredient name="eventIT2" count="40"/>
		</recipe>
		<recipe name="bammoBundle44MagnumBulletBall" count="1" craft_area="evtmachine" craft_time="30" tags="workbenchCrafting">
			<ingredient name="eventIT2" count="25"/>
		</recipe>
		<recipe name="bammoBundle44MagnumBulletHP" count="1" craft_area="evtmachine" craft_time="30" tags="workbenchCrafting">
			<ingredient name="eventIT2" count="30"/>
		</recipe>
		<recipe name="bammoBundle44MagnumBulletAP" count="1" craft_area="evtmachine" craft_time="30" tags="workbenchCrafting">
			<ingredient name="eventIT2" count="40"/>
		</recipe>
		<recipe name="bammoBundle762mmBulletBall" count="1" craft_area="evtmachine" craft_time="30" tags="workbenchCrafting">
			<ingredient name="eventIT2" count="25"/>
		</recipe>
		<recipe name="bammoBundle762mmBulletHP" count="1" craft_area="evtmachine" craft_time="30" tags="workbenchCrafting">
			<ingredient name="eventIT2" count="30"/>
		</recipe>
		<recipe name="bammoBundle762mmBulletAP" count="1" craft_area="evtmachine" craft_time="30" tags="workbenchCrafting">
			<ingredient name="eventIT2" count="40"/>
		</recipe>
		<recipe name="bammoBundleShotgunShell" count="1" craft_area="evtmachine" craft_time="30" tags="workbenchCrafting">
			<ingredient name="eventIT2" count="25"/>
		</recipe>
		<recipe name="bammoBundleShotgunSlug" count="1" craft_area="evtmachine" craft_time="30" tags="workbenchCrafting">
			<ingredient name="eventIT2" count="40"/>
		</recipe>
		<recipe name="bammoBundleShotgunBreachingSlug" count="1" craft_area="evtmachine" craft_time="30" tags="workbenchCrafting">
			<ingredient name="eventIT2" count="30"/>
		</recipe>		
		<recipe name="bammoJunkTurretLegend" count="2" craft_area="evtmachine" craft_time="30" tags="workbenchCrafting">
			<ingredient name="eventIT2" count="25"/>
		</recipe>
		<recipe name="bammoJunkTurretLegendAP" count="2" craft_area="evtmachine" craft_time="30" tags="workbenchCrafting">
			<ingredient name="eventIT2" count="30"/>
		</recipe>
		<recipe name="bammoJunkTurretLegendShell" count="2" craft_area="evtmachine" craft_time="30" tags="workbenchCrafting">
			<ingredient name="eventIT2" count="40"/>
		</recipe>

		<recipe name="DbladeTrap" count="1" craft_time="30" craft_area="evtmachine" tags="workbenchCrafting">
			<ingredient name="eventIT2" count="30"/>
		</recipe>		
		<recipe name="resourceRawDiamond" count="1" craft_time="30" craft_area="evtmachine" tags="workbenchCrafting">
			<ingredient name="eventIT2" count="6"/>
		</recipe>
		<recipe name="resourceGoldNugget" count="1" craft_time="30" craft_area="evtmachine" tags="workbenchCrafting">
			<ingredient name="eventIT2" count="4"/>
		</recipe>
		<recipe name="resourceSilverNugget" count="1" craft_time="30" craft_area="evtmachine" tags="workbenchCrafting">
			<ingredient name="eventIT2" count="2"/>
		</recipe>
		<recipe name="resourceSteelPolishR" count="1" craft_time="5" craft_area="evtmachine" tags="workbenchCrafting">
			<ingredient name="eventIT2" count="2"/>
		</recipe>
		<recipe name="Practonium" count="1" craft_time="5" craft_area="evtmachine">
			<ingredient name="eventIT2" count="30"/>
		</recipe>
		<recipe name="drinkuwu" count="1" craft_time="5" craft_area="evtmachine">
			<ingredient name="eventIT2" count="1000"/>
		</recipe>
		<recipe name="EnemigosdeT4VO" count="1" craft_time="5" craft_area="evtmachine">
			<ingredient name="eventIT2" count="350"/>
		</recipe>
		<recipe name="LosLunaticos" count="1" craft_time="5" craft_area="evtmachine">
			<ingredient name="eventIT2" count="150"/>
		</recipe>
		<recipe name="oldCash" count="100" craft_time="1" craft_area="evtmachine">
			<ingredient name="eventIT2" count="1"/>
		</recipe>		
	<!--Event Tickets-->
		<!--
		<recipe name="" count="1" craft_time="3600" craft_area="workbench" tags="workbenchCrafting">
			<ingredient name="resourceForgedSteel" count="1"/>
		</recipe>
		-->
	<!--TOKEN DE QUEST-->
		<recipe name="q_Jugger" count="1" craft_area="evtmachine" craft_time="10">
			<ingredient name="eventIT3" count="1"/>
		</recipe>

		<recipe name="q_Pesadilla" count="1" craft_area="evtmachine" craft_time="10">
			<ingredient name="eventIT3" count="1"/>
		</recipe>

		<recipe name="q_Honor" count="1" craft_area="evtmachine" craft_time="10">
			<ingredient name="eventIT3" count="1"/>
		</recipe>

		<recipe name="q_Momia" count="1" craft_area="evtmachine" craft_time="10">
			<ingredient name="eventIT3" count="1"/>
		</recipe>

		<recipe name="q_Gladiator" count="1" craft_area="evtmachine" craft_time="10">
			<ingredient name="eventIT3" count="1"/>
		</recipe>

		<recipe name="q_Lucky" count="1" craft_area="evtmachine" craft_time="10">
			<ingredient name="eventIT3" count="1"/>
		</recipe>

		
	<!---->
		<!--////////////////////////////////////////////////////////////////////////////////////////////////////////////////////////-->
		<!--////////////////////////////////////////////////////////////////////////////////////////////////////////////////////////-->
		<!--///////////////////////////////////////////////////////EVENTO///////////////////////////////////////////////////////////-->
		<!--////////////////////////////////////////////////////////////////////////////////////////////////////////////////////////-->
		<!--////////////////////////////////////////////////////////////////////////////////////////////////////////////////////////-->
		

	<!--	
		<recipe name="SPOmotoPlaceable" count="1" craft_area="evtmachine" craft_time="60" tags="workbenchCrafting,PLHr1">
			<ingredient name="eventIT1" count="1"/>
		</recipe>
		<recipe name="SPOGyroPlaceable" count="1" craft_time="60" craft_area="evtmachine" tags="workbenchCrafting,PLHr1">
			<ingredient name="eventIT1" count="1"/>
		</recipe>
		<recipe name="SPO4x4Placeable" count="1" craft_area="evtmachine" craft_time="60" tags="workbenchCrafting,PLHr3">
			<ingredient name="eventIT1" count="1"/>
		</recipe>
		<recipe name="BetsyPlaceable" count="1" craft_area="evtmachine" craft_time="60" tags="workbenchCrafting">
			<ingredient name="eventIT1" count="1"/>
		</recipe>
		<recipe name="Betsy2Placeable" count="1" craft_area="evtmachine" craft_time="60" tags="workbenchCrafting">
			<ingredient name="eventIT1" count="1"/>
		</recipe>
		<recipe name="modGunMeleeBlessedMetal" count="1" craft_area="evtmachine" craft_time="60" tags="workbenchCrafting,PerkIngeS2">
			<ingredient name="eventIT1" count="1"/>
		</recipe>
		<recipe name="modUNArmorPlat" count="1" craft_time="60" craft_area="evtmachine" tags="workbenchCrafting,PLHr1">
			<ingredient name="eventIT1" count="1"/>
		</recipe>
		<recipe name="modUNArmorCust" count="1" craft_time="60" craft_area="evtmachine" tags="workbenchCrafting,PLHr1">
			<ingredient name="eventIT1" count="1"/>
		</recipe>
		<recipe name="Divine_mod" count="1" craft_area="evtmachine" craft_time="1" tags="workbenchCrafting,PLHr3">
			<ingredient name="eventIT1" count="1"/>
		</recipe>
		<recipe name="myth_MartilloDivino" count="1" craft_area="evtmachine" craft_time="10" tags="workbenchCrafting,PLHr3,LCLvl">
			<ingredient name="eventIT1" count="1"/>
		</recipe>

		<recipe name="mitico_Delta01" count="1" craft_area="evtmachine" craft_time="1" tags="workbenchCrafting,PLHr3,LCLvl">
			<ingredient name="eventIT1" count="1"/>
		</recipe>
		<recipe name="mitico_Peacemaker" count="1" craft_area="evtmachine" craft_time="1" tags="workbenchCrafting,PLHr3,LCLvl">
			<ingredient name="eventIT1" count="1"/>
		</recipe>
		<recipe name="mitico_Destroyer" count="1" craft_area="evtmachine" craft_time="1" tags="workbenchCrafting,PLHr3,LCLvl">
			<ingredient name="eventIT1" count="1"/>
		</recipe>
		<recipe name="mitico_OneShot" count="1" craft_area="evtmachine" craft_time="1" tags="workbenchCrafting,PLHr3,LCLvl">
			<ingredient name="eventIT1" count="1"/>
		</recipe>
		<recipe name="mitico_Dominator" count="1" craft_area="evtmachine" craft_time="1" tags="workbenchCrafting,PLHr3,LCLvl">
			<ingredient name="eventIT1" count="1"/>
		</recipe>
		<recipe name="mitico_Ballesta" count="1" craft_area="evtmachine" craft_time="1" tags="workbenchCrafting,PLHr3,LCLvl">
			<ingredient name="eventIT1" count="1"/>
		</recipe>

		<recipe name="legendMelee_BlackSword" count="1" craft_time="60" craft_area="evtmachine" tags="workbenchCrafting,PLHr2,LCLvl">
			<ingredient name="eventIT1" count="1"/>
		</recipe>
		<recipe name="legendMelee_Spear" count="1" craft_time="60" craft_area="evtmachine" tags="workbenchCrafting,PLHr2,LCLvl">
			<ingredient name="eventIT1" count="1"/>
		</recipe>
		<recipe name="legendMelee_GigaHammer" count="1" craft_time="60" craft_area="evtmachine" tags="workbenchCrafting,PLHr2,LCLvl">
			<ingredient name="eventIT1" count="1"/>
		</recipe>
		<recipe name="legendMelee_AssasinWeapon" count="1" craft_time="60" craft_area="evtmachine" tags="workbenchCrafting,PLHr2,LCLvl">
			<ingredient name="eventIT1" count="1"/>
		</recipe>
		<recipe name="legendMelee_AmazingBat" count="1" craft_time="60" craft_area="evtmachine" tags="workbenchCrafting,PLHr2,LCLvl">
			<ingredient name="eventIT1" count="1"/>
		</recipe>

		<recipe name="LSAH" count="1" craft_time="60" craft_area="evtmachine" tags="workbenchCrafting,LCLvl">
			<ingredient name="eventIT1" count="1"/>
		</recipe>
		<recipe name="LSAA" count="1" craft_time="60" craft_area="evtmachine" tags="workbenchCrafting,LCLvl">
			<ingredient name="eventIT1" count="1"/>
		</recipe>
		<recipe name="LSAG" count="1" craft_time="60" craft_area="evtmachine" tags="workbenchCrafting,LCLvl">
			<ingredient name="eventIT1" count="1"/>
		</recipe>
		<recipe name="LSAL" count="1" craft_time="60" craft_area="evtmachine" tags="workbenchCrafting,LCLvl">
			<ingredient name="eventIT1" count="1"/>
		</recipe>
		<recipe name="LSAB" count="1" craft_time="60" craft_area="evtmachine" tags="workbenchCrafting,LCLvl">
			<ingredient name="eventIT1" count="1"/>
		</recipe>

		<recipe name="LMAH" count="1" craft_time="60" craft_area="evtmachine" tags="workbenchCrafting,LCLvl">
			<ingredient name="eventIT1" count="1"/>
		</recipe>
		<recipe name="LMAA" count="1" craft_time="60" craft_area="evtmachine" tags="workbenchCrafting,LCLvl">
			<ingredient name="eventIT1" count="1"/>
		</recipe>
		<recipe name="LMAG" count="1" craft_time="60" craft_area="evtmachine" tags="workbenchCrafting,LCLvl">
			<ingredient name="eventIT1" count="1"/>
		</recipe>
		<recipe name="LMAL" count="1" craft_time="60" craft_area="evtmachine" tags="workbenchCrafting,LCLvl">
			<ingredient name="eventIT1" count="1"/>
		</recipe>
		<recipe name="LMAB" count="1" craft_time="60" craft_area="evtmachine" tags="workbenchCrafting,LCLvl">
			<ingredient name="eventIT1" count="1"/>
		</recipe>

		<recipe name="unique_Newcomen" count="1" craft_area="evtmachine" craft_time="10" tags="workbenchCrafting,LCLvl">
			<ingredient name="eventIT1" count="1"/>
		</recipe>		
		<recipe name="DCLXVI Zeus" count="1" craft_area="evtmachine" craft_time="10" tags="workbenchCrafting,LCLvl">
			<ingredient name="eventIT1" count="1"/>
		</recipe>
		<recipe name="DCLXVI Zeus Ammo" count="1" craft_area="evtmachine" craft_time="10" tags="workbenchCrafting,LCLvl">
			<ingredient name="eventIT1" count="1"/>
		</recipe>
		<recipe name="HyperBlaster" count="1" craft_area="evtmachine" craft_time="10" tags="workbenchCrafting,LCLvl">
			<ingredient name="eventIT1" count="1"/>
		</recipe>

		<recipe name="Kronos XII" count="1" craft_area="evtmachine" craft_time="10" tags="workbenchCrafting,LCLvl">
			<ingredient name="eventIT1" count="1"/>
		</recipe>
		<recipe name="Vulcan" count="1" craft_area="evtmachine" craft_time="10" tags="workbenchCrafting,LCLvl">
			<ingredient name="eventIT1" count="1"/>
		</recipe>

		<recipe name="Savery" count="1" craft_area="evtmachine" craft_time="10" tags="LCLvl,workbenchCrafting">
			<ingredient name="eventIT1" count="1"/>
		</recipe>

		<recipe name="Railgun" count="1" craft_area="evtmachine" craft_time="10" tags="LCLvl,workbenchCrafting">
			<ingredient name="eventIT1" count="1"/>
		</recipe>
		<recipe name="RailgunAmmo" count="100" craft_area="evtmachine" craft_time="1" tags="workbenchCrafting">
			<ingredient name="eventIT1" count="1"/>
		</recipe>

		<recipe name="Dre X3" count="1" craft_area="evtmachine" craft_time="10" tags="LCLvl,workbenchCrafting">
			<ingredient name="eventIT1" count="1"/>
		</recipe>
		<recipe name="Dre X3 Clucker Round" count="100" craft_area="evtmachine" craft_time="5" tags="workbenchCrafting">
			<ingredient name="eventIT1" count="1"/>		
		</recipe>

		<recipe name="Black Widow" count="1" craft_area="evtmachine" craft_time="10" tags="LCLvl,workbenchCrafting">
			<ingredient name="eventIT1" count="1"/>
		</recipe>
		<recipe name="ammoRedWidow" count="1000" craft_area="evtmachine" craft_time="10" tags="workbenchCrafting">
			<ingredient name="eventIT1" count="1"/>
		</recipe>
		<recipe name="ammoBlueWidow" count="1000" craft_area="evtmachine" craft_time="10" tags="workbenchCrafting">
			<ingredient name="eventIT1" count="1"/>
		</recipe>

		<recipe name="bammoBundle9mmBulletBall" count="10" craft_area="evtmachine" craft_time="30" tags="workbenchCrafting">
			<ingredient name="eventIT1" count="1"/>
		</recipe>
		<recipe name="bammoBundle9mmBulletHP" count="10" craft_area="evtmachine" craft_time="30" tags="workbenchCrafting">
			<ingredient name="eventIT1" count="1"/>
		</recipe>
		<recipe name="bammoBundle9mmBulletAP" count="10" craft_area="evtmachine" craft_time="30" tags="workbenchCrafting">
			<ingredient name="eventIT1" count="1"/>
		</recipe>
		<recipe name="bammoBundle44MagnumBulletBall" count="10" craft_area="evtmachine" craft_time="30" tags="workbenchCrafting">
			<ingredient name="eventIT1" count="1"/>
		</recipe>
		<recipe name="bammoBundle44MagnumBulletHP" count="10" craft_area="evtmachine" craft_time="30" tags="workbenchCrafting">
			<ingredient name="eventIT1" count="1"/>
		</recipe>
		<recipe name="bammoBundle44MagnumBulletAP" count="10" craft_area="evtmachine" craft_time="30" tags="workbenchCrafting">
			<ingredient name="eventIT1" count="1"/>
		</recipe>
		<recipe name="bammoBundle762mmBulletBall" count="10" craft_area="evtmachine" craft_time="30" tags="workbenchCrafting">
			<ingredient name="eventIT1" count="1"/>
		</recipe>
		<recipe name="bammoBundle762mmBulletHP" count="10" craft_area="evtmachine" craft_time="30" tags="workbenchCrafting">
			<ingredient name="eventIT1" count="1"/>
		</recipe>
		<recipe name="bammoBundle762mmBulletAP" count="10" craft_area="evtmachine" craft_time="30" tags="workbenchCrafting">
			<ingredient name="eventIT1" count="1"/>
		</recipe>
		<recipe name="bammoBundleShotgunShell" count="10" craft_area="evtmachine" craft_time="30" tags="workbenchCrafting">
			<ingredient name="eventIT1" count="1"/>
		</recipe>
		<recipe name="bammoBundleShotgunSlug" count="10" craft_area="evtmachine" craft_time="30" tags="workbenchCrafting">
			<ingredient name="eventIT1" count="1"/>
		</recipe>
		<recipe name="bammoBundleShotgunBreachingSlug" count="10" craft_area="evtmachine" craft_time="30" tags="workbenchCrafting">
			<ingredient name="eventIT1" count="1"/>
		</recipe>

		<recipe name="Legendario_Lentes_Definitivos" count="1" craft_area="evtmachine" craft_time="30">
			<ingredient name="eventIT1" count="1"/>
		</recipe>
		<recipe name="Legendario_Lentes_Definitivos2" count="1" craft_area="evtmachine" craft_time="30">
			<ingredient name="eventIT1" count="1"/>
		</recipe>
		-->
	</append>
</MalenSE>
