<configs>
	<append xpath="/buffs">

		<buff name="buffNoBlock" name_key="ProtectDN" description_key="INDNDesc" tooltip_key="ProtectDNDesc" icon="ui_game_symbol_add" icon_color="253,238,0">
			<stack_type value="replace"/>
			<duration value="10"/>			
			<display_value_format value="time"/>

			<effect_group>
				<!--<requirement name="NotHasBuff" buff="god"/>-->
			</effect_group>
		</buff>
		<buff name="hfBossRoom" name_key="Special Room" description_key="Special room debuff" icon="ui_game_symbol_skull" icon_color="255,175,175">
			<stack_type value="ignore"/>
			<duration value="60"/>
			<effect_group>
				<passive_effect name="NoVehicle" operation="base_set" value="1" />
				<passive_effect name="PerkLevel" tags="perkParkour" operation="base_set" value="0"/>
			</effect_group>
			<effect_group>
				<requirement name="StatCompareCurrent" stat="Health" operation="GTE" value="5"/>
				<requirement name="IsAttachedToEntity" />
				<passive_effect name="HealthChangeOT" operation="base_subtract" value="10"/>
				<passive_effect name="BuffBlink" operation="base_set" value="2" tags="twitch_buffNoDriving"/>
			</effect_group>
		</buff>
		<buff name="buffQuest0" hidden="true" icon="ui_game_symbol_adventure">
			<duration value="5"/>			
			<effect_group>
				<triggered_effect trigger="onSelfBuffStart" action="AddBuff" buff="buffQuest"/>
			</effect_group>			
		</buff>
		<buff name="buffQuest" name_key="buffQuestName" description_key="buffQuestDesc" icon="ui_game_symbol_adventure">
			<stack_type value="replace"/>						
			<effect_group>
				<triggered_effect trigger="onSelfBuffStart" action="ModifyCVar" cvar="$varQuestDispell" operation="set" value="10"/>
				<triggered_effect trigger="onSelfBuffStack" action="ModifyCVar" cvar="$varQuestDispell" operation="set" value="10"/>
				<triggered_effect trigger="onSelfBuffUpdate" action="ModifyCVar" cvar="$varQuestDispell" operation="subtract" value="1"/>				
			</effect_group>
			<effect_group>
				<triggered_effect trigger="onSelfBuffUpdate" action="RemoveBuff" buff="buffQuest">
					<requirement name="CVarCompare" cvar="$varQuestDispell" operation="LTE" value="0"/>
				</triggered_effect>				
				<triggered_effect trigger="onSelfBuffRemove" action="ModifyCVar" cvar="$varQuestDispell" operation="set" value="0"/>
			</effect_group>
			<effect_group>
				<passive_effect name="NoVehicle" operation="base_set" value="1" />
			</effect_group>
			<effect_group>
				<requirement name="StatCompareCurrent" stat="Health" operation="GTE" value="5"/>
				<requirement name="IsAttachedToEntity" />
				<passive_effect name="HealthChangeOT" operation="base_subtract" value="10"/>
				<passive_effect name="BuffBlink" operation="base_set" value="2" tags="twitch_buffNoDriving"/>
			</effect_group>
		</buff>
		<buff name="hfEventRoom" name_key="Event Buff" description_key="Event debuff" icon="ui_game_twitch_special" icon_color="217,255,4">
			<stack_type value="ignore"/>
			<duration value="5"/>
			<effect_group>
				<passive_effect name="PerkLevel" tags="perkParkour" operation="base_set" value="0"/>
			</effect_group>
			<effect_group>
				<requirement name="StatCompareCurrent" stat="Health" operation="GTE" value="2"/>
				<requirement name="EntityHasMovementTag" tags="idle"/>
				<passive_effect name="HealthChangeOT" operation="base_subtract" value="1"/>
				<passive_effect name="BuffBlink" operation="base_set" value="2" tags="twitch_buffKeepMoving"/>
			</effect_group>
		</buff>

		<buff name="hfProtectZone" name_key="Zona protegida" description_key="Esta es una zona protegida, no intentes destruir aqui" icon="ui_game_symbol_destruction2" icon_color="46,244,41" tooltip_key="[00FF00]Zona Protegida[-]">
			<display_value value="xxx"/> 
			<display_value_key value="Zona Protegida"/> 
			<stack_type value="ignore"/>
            <effect_group>
				<requirement name="NotHasBuff" buff="god"/>  
                <passive_effect name="BlockDamage" operation="perc_add" value="-1"/>
				<passive_effect name="DisableItem" operation="base_set" value="1" tags="ranged" />
				<passive_effect name="DisableItem" operation="base_set" value="1" tags="melee" />
				<passive_effect name="DisableItem" operation="base_set" value="1" tags="noblocks" />
				<triggered_effect trigger="onSelfEnteredGame" action="RemoveBuff" buff="hfProtectZone"/>
            </effect_group>
        </buff>
		<buff name="hfNoConstructionZone" name_key="Zona protegida" description_key="Esta es una zona protegida, no podras construir aqui" icon="ui_game_symbol_destruction2" icon_color="46,244,41" tooltip_key="[00FF00]Zona Protegida[-]">
			<display_value value="xxx" remove_on_death="false"/> 
			<display_value_key value="Zona Protegida"/> 
			<stack_type value="ignore"/>
            <effect_group>        
				<requirement name="NotHasBuff" buff="god"/>        
				<passive_effect name="DisableItem" operation="base_set" value="1" tags="noblocks" />				
            </effect_group>
        </buff>
	</append>
</configs>
