<MalenCD>
  <append xpath="/items">
    <item name="CD">
      <property name="HoldType" value="45"/>
      <property name="Extends" value="resourceWood"/>
      <property name="Stacknumber" value="100"/>
      <property name="CustomIcon" value="resourceWood"/>
      <property name="CustomIconTint" value="10,10,10"/>
      <property name="TintColor" value="10,10,10"/>
      <property name="Candrop" value="false"/>
      <property name="CreativeMode" value="Dev"/>
    </item>
    <item name="CD Nailgun">
      <property name="Extends" value="meleeToolRepairT3Nailgun"/>
      <property name="Tags" value="melee,light,tool,attStrength,perkMiner69r,perkMotherLode,canHaveCosmetic,admin"/>
      <property name="DisplayType" value="meleeRepairTool"/>
      <property name="Candrop" value="false"/>
      <property name="CustomIcon" value="meleeToolRepairT3Nailgun"/>
      <property name="CustomIconTint" value="10,10,10"/>
      <property name="TintColor" value="10,10,10"/>
      <property name="CreativeMode" value="Dev"/>
      <property name="ShowQuality" value="false"/>
      <property name="ItemTypeIcon" value="star"/>
      <property class="Action0">
        <property name="Class" value="Ranged"/>
        <property name="Hitmask_override" value="Melee"/>
        <property name="Delay" value=".150"/>
        <property name="Range" value="100"/>
        <property name="Single_magazine_usage" value="true"/>
        <property name="Infinite_ammo" value="true"/>
        <property name="Magazine_items" value="ammo9mmBulletBall"/>
        <property name="Reload_time" value="4.1"/>
        <property name="Sound_start" value=""/>
        <property name="Sound_repeat" value=""/>
        <property name="Sound_end" value=""/>
        <property name="Sound_empty" value="dryfire"/>
        <property name="Sound_reload" value="mp5_reload"/>
        <property name="Particles_muzzle_fire" value="nozzleflashuzi"/>
        <property name="Particles_muzzle_smoke" value="nozzlesmokeuzi"/>
      </property>
      <property class="Action1">
        <property name="Sound_start" value="swoosh"/>
        <property name="Class" value="Repair"/>
        <property name="Delay" value=".20"/>
        <property name="Repair_amount" value="3500"/>
        <property name="Upgrade_hit_offset" value="-5"/>
        <property name="Sound_start" value="repair_block"/>
        <property name="Allowed_upgrade_items" value="CD,resourceWood,resourceClayLump,resourceSnowBall,resourceScrapIron,resourceForgedIron,resourceForgedSteel,resourceConcreteMix,resourceCobblestones,ironDoor1_v1,vaultDoor01,scrapHatch_v1,vaultHatch_v1,resourceYuccaFibers,resourceCloth,resourceScrapPolymers,resourceNail"/>
        <property name="UsePowerAttackAnimation" value="false"/>
      </property>

      <effect_group name="CDSwitch">
        <triggered_effect trigger="onSelfEnteredGame" action="ModifyCVar" cvar="$nailCDBD" operation="set" value="0"/>
        <triggered_effect trigger="onSelfEquipStart" action="ModifyCVar" cvar="$nailCDBD" operation="set" value="50000">
          <requirement name="CVarCompare" cvar="$nailCDBD" operation="Equals" value="0"/>
        </triggered_effect>
        <triggered_effect trigger="onSelfEquipStart" action="ModifyCVar" cvar="$nailCDAD" operation="set" value="1">
          <requirement name="CVarCompare" cvar="$nailCDBD" operation="Equals" value="0"/>
        </triggered_effect> 

        <triggered_effect trigger="onSelfItemActivate" action="PlaySound" sound="ItemNeedsRepair">
          <requirement name="CVarCompare" cvar="$nailCDBD" operation="Equals" value="50000"/>
        </triggered_effect>
        <triggered_effect trigger="onSelfItemActivate" action="ModifyCVar" cvar="$nailCDBD" operation="set" value="1"/>
        <triggered_effect trigger="onSelfItemActivate" action="ModifyCVar" cvar="$nailCDAD" operation="set" value="99999"/>
        <triggered_effect trigger="onSelfItemActivate" action="ModifyCVar" cvar="$nailCDRayC" operation="set" value="8"/>
        
        <triggered_effect trigger="onSelfItemDeactivate" action="PlaySound" sound="ItemNeedsRepair">
          <requirement name="CVarCompare" cvar="$nailCDBD" operation="Equals" value="1"/>
        </triggered_effect>
        <triggered_effect trigger="onSelfItemDeactivate" action="ModifyCVar" cvar="$nailCDBD" operation="set" value="50000"/>
        <triggered_effect trigger="onSelfItemDeactivate" action="ModifyCVar" cvar="$nailCDAD" operation="set" value="1"/>
        <triggered_effect trigger="onSelfItemDeactivate" action="ModifyCVar" cvar="$nailCDRayC" operation="set" value="1"/>
      <!-- ************************* -->
      </effect_group>

      <effect_group tiered="false">
        <!--<passive_effect name="RoundRayCount" operation="base_set" value="8"/>-->
        <!--<passive_effect name="IncrementalSpreadMultiplier" operation="base_set" value="2"/>-->
        <passive_effect name="EntityDamage" operation="base_add" value="@$nailCDAD"/>
        <passive_effect name="BlockDamage" operation="base_set" value="@$nailCDBD"/>        
        <passive_effect name="RoundRayCount" operation="base_set" value="@$nailCDRayC"/>
        <passive_effect name="TargetArmor" operation="perc_add" value="-1"/>

        <passive_effect name="BlockRange" operation="base_set" value="100"/>
        <passive_effect name="DamageFalloffRange" operation="base_set" value="200"/>
        <passive_effect name="WeaponHandling" operation="base_set" value="2"/>
        <passive_effect name="RoundsPerMinute" operation="base_set" value="450"/>
        <passive_effect name="BurstRoundCount" operation="base_set" value="1000"/>

        <passive_effect name="MaxRange" operation="base_set" value="100"/>
        <passive_effect name="SpreadDegreesVertical" operation="base_set" value="0"/>
        <passive_effect name="SpreadDegreesHorizontal" operation="base_set" value="0"/>
        <passive_effect name="SpreadMultiplierAiming" operation="base_set" value="0"/>
        <passive_effect name="SpreadMultiplierHip" operation="base_set" value="0"/>
        <passive_effect name="KickDegreesVerticalMin" operation="base_set" value="0"/>
        <passive_effect name="KickDegreesVerticalMax" operation="base_set" value="0"/>
        <passive_effect name="KickDegreesHorizontalMin" operation="base_set" value="0"/>
        <passive_effect name="KickDegreesHorizontalMax" operation="base_set" value="0"/>
        <passive_effect name="DegradationMax" operation="base_set" value="9999" tags="admin"/>
        <passive_effect name="DegradationPerUse" operation="base_set" value="0" tags="admin"/>
        <passive_effect name="ModSlots" operation="base_set" value="0"/>

        <passive_effect name="PlayerExpGain" operation="base_set" value="0"/>
      </effect_group>
    </item>
  </append>
</MalenCD>
