<MalenCD>
    <append xpath="/materials">
        <material id="Mbedrock">
            <property name="damage_category" value="metal"/>
            <property name="surface_category" value="metal"/>
            <property name="Hardness" type="float" value="10000"/>
            <property name="stepsound" value="stone"/>
            <property name="stability_glue" value="10000"/>
            <property name="Mass" type="int" value="0"/>
            <property name="MaxDamage" value="30000"/>
            <property name="Experience" value="1"/>
        </material>

        <material id="Mspecial">
            <property name="damage_category" value="metal"/>
            <property name="surface_category" value="metal"/>
            <property name="Hardness" type="float" value="10000"/>
            <property name="stepsound" value="metal"/>
            <property name="stability_glue" value="10000"/>
            <property name="Mass" type="int" value="0"/>
            <property name="MaxDamage" value="30000"/>
            <property name="Experience" value="1"/>
        </material> 

        <material id="MstainlessSteel">
			<property name="damage_category" value="metal"/>
			<property name="surface_category" value="metal"/>
			<property name="forge_category" value="iron"/>
			<property name="Hardness" type="float" value="1"/>
			<property name="stepsound" value="metal"/>
			<property name="stability_glue" value="300"/>
			<property name="Mass" type="int" value="20"/>
			<property name="explosionresistance" value="1.75"/>
			<property name="MaxDamage" value="20000"/>
			<property name="Experience" value="80"/>
		</material>      
    </append>
</MalenCD>