<MalenEI>

	<!-- MalenEI Edits Start -->
	<remove xpath="/blocks/block[@name='cntGunSafe_Player']/property[@name='LockPickItem']"/>
	<remove xpath="/blocks/block[@name='cntGunSafe_Player']/property[@name='LockPickTime']"/>
	<remove xpath="/blocks/block[@name='cntWallSafe_Player']/property[@name='LockPickItem']"/>
	<remove xpath="/blocks/block[@name='cntWallSafe_Player']/property[@name='LockPickTime']"/>

	<append xpath="/blocks/block[@name='cntSteelWritableCrate']">

		<property class="UpgradeBlock">
			<property name="ToBlock" value="cntSteelWritableCrateCS"/>
			<property name="Item" value="resourceForgedSteel"/>
			<property name="ItemCount" value="30"/>
			<property name="UpgradeHitCount" value="4"/>
		</property>
	</append>
	<!-- -->

	<append xpath="/blocks">
		<block name="cSeguridadInsegura">
			<property name="CreativeMode" value="Player"/>
			<property name="CustomIcon" value="cntStorageHealth"/>
			<property name="CustomIconTint" value="30,30,30"/>

			<property name="Shape" value="New"/>

			<property name="Path" value="solid"/>
			<property name="Model" value="counter"/>
			<property name="Place" value="TowardsPlacerInverted"/>
			<!--<property name="Model" value="cube"/>-->
			<property name="DescriptionKey" value="cntStorageGenericDesc"/>
			<property name="Tags" value="door"/>
			<property name="Class" value="Loot"/>
			<property name="LootList" value="cajaDeSeguridad"/>
			<property name="Material" value="Msteel"/>
			<property name="MaxDamage" value="200"/>
			<property name="Texture" value="62,64,64,64,64,64"/>
			<property name="UseGlobalUV" value="L,L,L,L,L,L"/>
			<property class="RepairItems">
				<property name="resourceForgedSteel" value="15"/>
			</property>
			<drop event="Destroy" count="0"/>
			<property name="Group" value="Building,advBuilding"/>
			<property name="EconomicValue" value="6"/>
			<property name="FilterTags" value="floot"/>
		</block>
		<block name="cSeguridad">
			<property name="CreativeMode" value="Player"/>
			<property name="ItemTypeIcon" value="lock"/>
			<property name="CustomIcon" value="cntHardenedChestSecure"/>
			<property name="Stacknumber" value="100"/>
			<property name="CustomIconTint" value="30,30,30"/>
			<property name="Shape" value="ModelEntity"/>
			<property name="Path" value="solid"/>
			<property name="Model" value="@:Entities/LootContainers/tier4LootChestPrefab.prefab"/>
			<property name="Place" value="TowardsPlacerInverted"/>
			<property name="DescriptionKey" value="cntStorageGenericDesc"/>
			<property name="Tags" value="door"/>
			<property name="Class" value="SecureLoot"/>
			<property name="LootList" value="cajaDeSeguridad"/>
			<property name="Material" value="Msteel"/>
			<property name="MaxDamage" value="10000"/>
			<property name="PassThroughDamage" value="false"/>
			<property name="Texture" value="62,64,64,64,64,64"/>
			<property name="UseGlobalUV" value="L,L,L,L,L,L"/>
			<property class="RepairItems">
				<property name="resourceForgedSteel" value="15"/>
			</property>
			<property name="DowngradeBlock" value="cSeguridadInsegura"/>
			<drop event="Destroy" count="0"/>
			<property name="Group" value="Building,advBuilding"/>
			<property name="EconomicValue" value="690"/>
			<property name="FilterTags" value="floot"/>
		</block>
		<block name="CSHardenedChestSecureT5">
			<property name="Extends" value="cSeguridad"/>
			<property name="CustomIconTint" value="150,150,150"/>
			<property name="CustomIcon" value="cntHardenedChestSecureT5"/>
			<property name="ModelOffset" value="0,0.5,0"/>
			<property name="MultiBlockDim" value="2,1,1"/>
			<property name="Model" value="@:Entities/LootContainers/tier5LootChestPrefab.prefab"/>
		</block>
		<block name="CSPaintable">
			<property name="Extends" value="cSeguridad"/>
			<property name="Shape" value="New"/>
			<property name="Model" value="counter"/>
			<property name="CustomIconTint" value="30,30,30"/>
			<property name="CustomIcon" value="shapeCube"/>

		</block>
		<block name="CSSigned">
			<property name="CreativeMode" value="Player"/>
			<property name="Extends" value="cSeguridad"/>
			<property name="CustomIcon" value="cntShippingCrateHero"/>
			<property name="Shape" value="ModelEntity"/>
			<property name="Model" value="@:Entities/LootContainers/crate_storeSignablePrefab.prefab"/>
			<property name="DescriptionKey" value="cntStorageGenericSignedDesc"/>
			<property name="Tags" value="door"/>
			<property name="Class" value="SecureLootSigned"/>
			<property name="Texture" value="572"/>
			<property name="UseGlobalUV" value="L,L,L,L,L,L"/>
			<property name="FuelValue" value="300"/>
			<property name="CustomIconTint" value="150,150,150"/>
			<property class="RepairItems">
				<property name="resourceForgedSteel" value="15"/>
			</property>
			<drop event="Destroy" count="0"/>
			<property name="Group" value="Building,advBuilding"/>
			<property name="DowngradeBlock" value="cSeguridadInsegura"/>
			<property name="EconomicValue" value="690"/>
			<property name="FilterTags" value="floot"/>
			<property name="Place" value="TowardsPlacer"/>
			<!--  sign model, not needed for cube  -->
		</block>
		<block name="cntSteelWritableCrateCS">
			<property name="CreativeMode" value="Player"/>
			<property name="CustomIcon" value="cntSteelWritableCrate"/>
			<property name="Class" value="CompositeTileEntity"/>
			<property class="CompositeFeatures">
				<property class="TEFeatureStorage">
					<property name="LootList" value="cajaDeSeguridad"/>
				</property>
				<property class="TEFeatureLockable"/>
				<property class="TEFeatureSignable">
					<property name="FontSize" value="90"/>
					<property name="LineCount" value="3"/>
					<property name="LineWidth" value="0.55"/>
				</property>
			</property>

			<property name="DescriptionKey" value="cntSteelWritableCrateDesc"/>
			<property name="Material" value="Msteel"/>
			<property name="Shape" value="ModelEntity"/>
			<property name="Model" value="@:Entities/LootContainers/steelWritableCratePrefab.prefab"/>
			<property name="WaterFlow" value="permitted"/>
			<property name="Path" value="solid"/>
			<property name="Place" value="TowardsPlacerInverted"/>
			<property name="AllowedRotations" value="Basic90"/>
			<property name="FuelValue" value="300"/>
			<property name="EconomicValue" value="6"/>
			<property name="MaxDamage" value="10000"/>
			<property class="RepairItems">
				<property name="resourceForgedSteel" value="10"/>
			</property>
			<drop event="Destroy" name="resourceScrapIron" count="10,30"/>
			<drop event="Fall" name="scrapMetalPile" count="1" prob="0.75" stick_chance="1"/>
			<property name="DowngradeBlock" value="cntSteelWritableCrateInsecure"/>
			<property name="SortOrder1" value="B106"/>
			<property name="SortOrder2" value="0004"/>
			<property name="Group" value="Building,advBuilding"/>
			<property name="Tags" value="timecharge"/>
			<property name="FilterTags" value="MC_playerBlocks,SC_decor"/>
		</block>
		<block name="cntIronWritableCrateCS">
			<property name="CreativeMode" value="Player"/>
			<property name="CustomIcon" value="cntIronWritableCrate"/>
			<property name="Class" value="CompositeTileEntity"/>
			<property class="CompositeFeatures">
				<property class="TEFeatureStorage">
					<property name="LootList" value="cajaDeSeguridad"/>
				</property>
				<property class="TEFeatureLockable"/>
				<property class="TEFeatureSignable">
					<property name="FontSize" value="90"/>
					<property name="LineCount" value="3"/>
					<property name="LineWidth" value="0.55"/>
				</property>
			</property>

			<property name="DescriptionKey" value="cntSteelWritableCrateDesc"/>
			<property name="Material" value="Msteel"/>
			<property name="Shape" value="ModelEntity"/>
			<property name="Model" value="@:Entities/LootContainers/ironWritableCratePrefab.prefab"/>
			<property name="WaterFlow" value="permitted"/>
			<property name="Path" value="solid"/>
			<property name="Place" value="TowardsPlacerInverted"/>
			<property name="AllowedRotations" value="Basic90"/>
			<property name="FuelValue" value="300"/>
			<property name="EconomicValue" value="6"/>
			<property name="MaxDamage" value="10000"/>
			<property class="RepairItems">
				<property name="resourceForgedSteel" value="10"/>
			</property>
			<drop event="Destroy" name="resourceScrapIron" count="10,30"/>
			<drop event="Fall" name="scrapMetalPile" count="1" prob="0.75" stick_chance="1"/>
			<property name="DowngradeBlock" value="cntSteelWritableCrateInsecure"/>
			<property name="SortOrder1" value="B106"/>
			<property name="SortOrder2" value="0004"/>
			<property name="Group" value="Building,advBuilding"/>
			<property name="Tags" value="timecharge"/>
			<property name="FilterTags" value="MC_playerBlocks,SC_decor"/>
		</block>
		<block name="cntWoodWritableCrateCS">
			<property name="CreativeMode" value="Player"/>
			<property name="CustomIcon" value="cntWoodWritableCrate"/>
			<property name="Class" value="CompositeTileEntity"/>
			<property class="CompositeFeatures">
				<property class="TEFeatureStorage">
					<property name="LootList" value="cajaDeSeguridad"/>
				</property>
				<property class="TEFeatureLockable"/>
				<property class="TEFeatureSignable">
					<property name="FontSize" value="90"/>
					<property name="LineCount" value="3"/>
					<property name="LineWidth" value="0.55"/>
				</property>
			</property>

			<property name="DescriptionKey" value="cntSteelWritableCrateDesc"/>
			<property name="Material" value="Msteel"/>
			<property name="Shape" value="ModelEntity"/>
			<property name="Model" value="@:Entities/LootContainers/woodWritableCratePrefab.prefab"/>
			<property name="WaterFlow" value="permitted"/>
			<property name="Path" value="solid"/>
			<property name="Place" value="TowardsPlacerInverted"/>
			<property name="AllowedRotations" value="Basic90"/>
			<property name="FuelValue" value="300"/>
			<property name="EconomicValue" value="6"/>
			<property name="MaxDamage" value="10000"/>
			<property class="RepairItems">
				<property name="resourceForgedSteel" value="10"/>
			</property>
			<drop event="Destroy" name="resourceScrapIron" count="10,30"/>
			<drop event="Fall" name="scrapMetalPile" count="1" prob="0.75" stick_chance="1"/>
			<property name="DowngradeBlock" value="cntSteelWritableCrateInsecure"/>
			<property name="SortOrder1" value="B106"/>
			<property name="SortOrder2" value="0004"/>
			<property name="Group" value="Building,advBuilding"/>
			<property name="Tags" value="timecharge"/>
			<property name="FilterTags" value="MC_playerBlocks,SC_decor"/>
		</block>
		<block name="CSVariantHelper">
			<property name="Extends" value="CSPaintable"/>
			<property name="CustomIcon" value="cntShippingCrateHero"/>
			<property name="CreativeMode" value="Player"/>
			<property name="DescriptionKey" value="CSVariantHelperDesc"/>
			<property name="ItemTypeIcon" value="all_blocks"/>
			<property name="Tags" value="noblocks"/>
			<property name="SellableToTrader" value="false"/>
			<property name="SelectAlternates" value="true" />
			<property name="PlaceAltBlockValue" value="cSeguridad,CSHardenedChestSecureT5,CSPaintable,cSHalfblock,CSSigned,CSCrateBook,CSCrateCarParts,cCSCrateLab,CSCrateMoPower,CSCrateSavageC,CSCrateShamway,CSCrateShotgunMessiah,CSCrateWorkingStiff,CSCrateConstruction,CSGarageStorage,cntWoodWritableCrateCS,cntIronWritableCrateCS,cntSteelWritableCrateCS,cntRetroFridgeVer1ClosedCS,cntFridgeStainlessSteelCS,cntPillCaseClosedCS,cntMedicineCabinetFaucetClosedCS,cntMedicineCabinetClosedCS"/>
			<property name="Group" value="Building,advBuilding"/>
		</block>

		<block name="CSCrateShamway">
			<property name="CustomIconTint" value="150,150,150"/>
			<property name="Extends" value="CSPaintable"/>
			<property name="Shape" value="ModelEntity"/>
			<property name="CustomIcon" value="cntShippingCrateShamway"/>
			<property name="Model" value="@:Entities/LootContainers/shippingCrateShamwayPrefab.prefab"/>
		</block>
		<block name="cCSCrateLab">
			<property name="CustomIconTint" value="150,150,150"/>
			<property name="Extends" value="CSPaintable"/>
			<property name="Shape" value="ModelEntity"/>
			<property name="CustomIcon" value="cntShippingCrateLabEquipment"/>
			<property name="Model" value="@:Entities/LootContainers/shippingCratePopnPillsPrefab.prefab"/>
		</block>
		<block name="CSCrateBook">
			<property name="Extends" value="CSPaintable"/>
			<property name="CustomIconTint" value="150,150,150"/>
			<property name="Shape" value="ModelEntity"/>
			<property name="CustomIcon" value="cntShippingCrateBookstore"/>
			<property name="Model" value="@:Entities/LootContainers/shippingCrateCrackaBookPrefab.prefab"/>
		</block>
		<block name="CSCrateCarParts">
			<property name="CustomIconTint" value="150,150,150"/>
			<property name="Extends" value="CSPaintable"/>
			<property name="Shape" value="ModelEntity"/>
			<property name="CustomIcon" value="cntShippingCrateCarParts"/>
			<property name="Model" value="@:Entities/LootContainers/shippingCratePassnGasPrefab.prefab"/>
		</block>
		<block name="CSCrateShotgunMessiah">
			<property name="CustomIconTint" value="150,150,150"/>
			<property name="Extends" value="CSPaintable"/>
			<property name="Shape" value="ModelEntity"/>
			<property name="CustomIcon" value="cntShippingCrateShotgunMessiah"/>
			<property name="Model" value="@:Entities/LootContainers/shippingCrateShotgunPrefab.prefab"/>
		</block>
		<block name="CSCrateWorkingStiff">
			<property name="CustomIconTint" value="150,150,150"/>
			<property name="Extends" value="CSPaintable"/>
			<property name="Shape" value="ModelEntity"/>
			<property name="CustomIcon" value="cntShippingCrateWorkingStiffs"/>
			<property name="Model" value="@:Entities/LootContainers/shippingCrateWorkingStiffPrefab.prefab"/>
		</block>
		<block name="CSCrateSavageC">
			<property name="CustomIconTint" value="150,150,150"/>
			<property name="Extends" value="CSPaintable"/>
			<property name="Shape" value="ModelEntity"/>
			<property name="CustomIcon" value="cntShippingCrateSavageCountry"/>
			<property name="Model" value="@:Entities/LootContainers/shippingCrateSavagePrefab.prefab"/>
		</block>
		<block name="CSCrateMoPower">
			<property name="CustomIconTint" value="150,150,150"/>
			<property name="Extends" value="CSPaintable"/>
			<property name="Shape" value="ModelEntity"/>
			<property name="CustomIcon" value="cntShippingCrateMoPowerElectronics"/>
			<property name="Model" value="@:Entities/LootContainers/shippingCrateMoPowerPrefab.prefab"/>
		</block>
		<block name="CSCrateConstruction">
			<property name="CustomIconTint" value="150,150,150"/>
			<property name="Extends" value="CSPaintable"/>
			<property name="Shape" value="ModelEntity"/>
			<property name="CustomIcon" value="cntShippingCrateHero"/>
			<property name="Model" value="@:Entities/LootContainers/shippingCratePrefab.prefab"/>
		</block>
		<block name="CSGarageStorage">
			<property name="CustomIconTint" value="150,150,150"/>
			<property name="Extends" value="CSPaintable"/>
			<property name="Shape" value="ModelEntity"/>
			<property name="CustomIcon" value="cntGarageStorage"/>
			<property name="Shape" value="ModelEntity"/>
			<property name="Model" value="Entities/Industrial/boxCardboard3Prefab"/>

		</block>
		<block name="cSHalfblockInsecured">
			<property name="CustomIconTint" value="150,150,150"/>
			<property name="Extends" value="cSeguridadInsegura"/>
			<property name="Model" value="cube_half"/>
			<property name="CustomIcon" value="shapeCubeHalf"/>
			<property name="CustomIcon" value="rScrapIronHalf"/>
		</block>
		<block name="cSHalfblock">
			<property name="CustomIconTint" value="150,150,150"/>
			<property name="Extends" value="CSPaintable"/>
			<property name="Model" value="cube_half"/>
			<property name="CustomIcon" value="shapeCubeHalf"/>
			<property name="DowngradeBlock" value="cSHalfblockInsecured"/>
		</block>

		<block name="cntRetroFridgeVer1ClosedCS">
			<property name="CustomIconTint" value="150,150,150"/>
			<property name="Extends" value="CSPaintable"/>
			<property name="Shape" value="ModelEntity"/>
			<property name="MultiBlockDim" value="1,2,1"/>
			<property name="CustomIcon" value="cntRetroFridgeVer1Closed"/>
			<property name="Model" value="Entities/Appliances/fridgeRetroClosedPrefab" param1="main_mesh"/>
		</block>

		<block name="cntFridgeStainlessSteelCS">
			<property name="CustomIconTint" value="150,150,150"/>
			<property name="Extends" value="CSPaintable"/>
			<property name="Shape" value="ModelEntity"/>
			<property name="MultiBlockDim" value="1,2,1"/>
			<property name="CustomIcon" value="cntFridgeStainlessSteel"/>
			<property name="Model" value="Entities/Appliances/fridgeStainlessSteelClosedPrefab" param1="main_mesh"/>
		</block>
		<block name="cntPillCaseClosedCS">
			<property name="CustomIconTint" value="150,150,150"/>
			<property name="Extends" value="CSPaintable"/>
			<property name="Shape" value="ModelEntity"/>
			<property name="CustomIcon" value="cntPillCaseClosed"/>
			<property name="Model" value="@:Entities/LootContainers/pill_case_closedPrefab.prefab"/>
		</block>
		<block name="cntMedicineCabinetFaucetClosedCS">
			<property name="CustomIconTint" value="150,150,150"/>
			<property name="Extends" value="CSPaintable"/>
			<property name="Shape" value="ModelEntity"/>
			<property name="CustomIcon" value="cntMedicineCabinetFaucetClosed"/>
			<property name="Model" value="@:Entities/LootContainers/medicine_cabinet_closed_faucetPrefab.prefab"/>
		</block>
		<block name="cntMedicineCabinetClosedCS">
			<property name="CustomIconTint" value="150,150,150"/>
			<property name="Extends" value="CSPaintable"/>
			<property name="Shape" value="ModelEntity"/>
			<property name="CustomIcon" value="cntMedicineCabinetClosed"/>
			<property name="Model" value="@:Entities/LootContainers/medicine_cabinet_closedPrefab.prefab"/>
		</block>
		




	</append>

	<!-- , MalenEI Edits End -->

</MalenEI>
