<configs>

	<append xpath="/buffs/buff[@name='buffStatusCheck01']/effect_group">
		<triggered_effect trigger="onSelfBuffStart" action="AddBuff" buff="buffxpst"/>
		<triggered_effect trigger="onSelfBuffUpdate" action="RemoveBuff" buff="buffxpst">
					<requirement name="PlayerLevel" operation="GT" value="100"/>
		</triggered_effect>
	</append>
	<append xpath="buffs/buff[@name='buffStatusCheck01']/effect_group/triggered_effect[@trigger='onSelfFallImpact']">
		<requirement name="NotHasBuff" buff="AguaDivina"/>
		<requirement name="NotHasBuff" buff="buffHeal"/>
	</append>

	<append xpath="/buffs">

		<buff name="buffHeal" name_key="ProtectDN" description_key="INDNDesc" tooltip_key="ProtectDNDesc" icon="ui_game_symbol_add" icon_color="253,238,0">
			<stack_type value="replace"/>
			<duration value="3"/>			
			<display_value_format value="time"/>

			<effect_group>
				<passive_effect name="HealthLoss" operation="base_set" value="0"/>
				<passive_effect name="HealthLoss" operation="perc_set" value="0"/>
				
				<passive_effect name="CarryCapacity" operation="base_set" value="60"/>
				<passive_effect name="ElementalDamageResist" operation="base_add" value="2000" tags="cold,heat,electrical"/>
				<passive_effect name="PhysicalDamageResist" operation="base_add" value="2000"/>
				<passive_effect name="PhysicalDamageResist" operation="base_add" value="2000" tags="coredamageresist"/>
				<passive_effect name="ElementalDamageResist" operation="base_add" value="2000" tags="heat,electrical"/>
				<passive_effect name="HypothermalResist" operation="base_add" value="100"/>
				<passive_effect name="HyperthermalResist" operation="base_add" value="100"/>
				<passive_effect name="HealthLoss" operation="perc_add" value="-1.2"/>
				<triggered_effect trigger="onSelfBuffUpdate" action="RemoveAllNegativeBuffs"/>
				<triggered_effect trigger="onSelfBuffUpdate" action="AddBuff" buff="buffPerkAbilityUpdate"/>
				<triggered_effect trigger="onSelfBuffRemove" action="AddBuff" buff="buffPerkAbilityUpdate"/>
				<triggered_effect trigger="onSelfBuffUpdate" action="ModifyStats" stat="Health" operation="set" value="25000"/>
				<triggered_effect trigger="onSelfBuffUpdate" action="ModifyStats" stat="Food" operation="set" value="25000"/>
				<triggered_effect trigger="onSelfBuffUpdate" action="ModifyStats" stat="Water" operation="set" value="25000"/>
				<triggered_effect trigger="onSelfBuffUpdate" action="ModifyStats" stat="Stamina" operation="set" value="25000"/>
				<triggered_effect trigger="onSelfBuffStart" action="ModifyCVar" cvar="$armHurtCounter" operation="set" value="0"/>
				<triggered_effect trigger="onSelfBuffStart" action="ModifyCVar" cvar="$legHurtCounter" operation="set" value="0"/>
				<triggered_effect trigger="onSelfBuffStart" action="ModifyCVar" cvar="healAbrasionMult" operation="set" value="0"/>
			</effect_group>
		</buff>

		<buff name="turretaugerdeco" hidden="true">
			<stack_type value="ignore"/>
			<effect_group>
				<triggered_effect trigger="onSelfBuffStart" action="SetTransformActive" active="false" parent_transform="Base" transform_path="BarrelMesh"/>
				<triggered_effect trigger="onSelfBuffStart" action="SetTransformActive" active="false" parent_transform="Gun" transform_path="turret_targeting"/>
			</effect_group>
		</buff>

		<buff name="buffxpst" name_key="buffxpstn" description_key="buffxpstdesc" icon="ui_game_symbol_star" remove_on_death="false" icon_color="0,255,255">
			<stack_type value="ignore"/>
			<effect_group>
				<passive_effect name="PlayerExpGain" operation="perc_add" value=".5"/>
			</effect_group>
		</buff>

		<buff name="AguaDivina" name_key="INDN" description_key="INDNDesc" tooltip_key="buffGodModeTooltip" icon="ui_game_symbol_add" icon_color="0,255,255">
			<stack_type value="replace"/>
			<duration value="0"/>
			<display_value value=".AguaDivinaDisplay"/>
			<display_value_format value="time"/>
			<effect_group>
				<triggered_effect trigger="onSelfBuffUpdate" action="ModifyCVar" cvar="$AguaDivinaDuration" operation="subtract" value="@$MetabolismDuration"/>
				<triggered_effect trigger="onSelfBuffUpdate" action="ModifyCVar" cvar=".AguaDivinaDisplay" operation="set" value="@$AguaDivinaDuration"/>
				<triggered_effect trigger="onSelfBuffUpdate" action="ModifyCVar" cvar=".AguaDivinaDisplay" operation="divide" value="@$MetabolismDuration"/>
			</effect_group>

			<effect_group>
				<requirement name="CVarCompare" cvar="$AguaDivinaDuration" operation="LTE" value="0"/>
				<triggered_effect trigger="onSelfBuffRemove" action="ModifyCVar" cvar=".AguaDivinaDisplay" operation="set" value="0"/>
				<triggered_effect trigger="onSelfBuffUpdate" action="ModifyCVar" cvar="$AguaDivinaDuration" operation="set" value="0"/>
				<triggered_effect trigger="onSelfBuffUpdate" action="RemoveBuff" buff="AguaDivina"/>
			</effect_group>
			<effect_group>
				<passive_effect name="HealthLoss" operation="base_set" value="0"/>
				<passive_effect name="HealthLoss" operation="perc_set" value="0"/>
				<!--
					<passive_effect name="HealthChangeOT" operation="perc_set" value="0"/>
					<passive_effect name="FoodChangeOT" operation="perc_set" value="0"/>
					<passive_effect name="WaterChangeOT" operation="perc_set" value="0"/>
					<passive_effect name="StaminaChangeOT" operation="perc_add" value="25000"/>
					 -->
				<!-- <passive_effect name="HealthMaxModifierOT" operation="base_add" value="100"/> -->
				<!-- <passive_effect name="StaminaMaxModifierOT" operation="base_add" value="100"/> -->
				<passive_effect name="CarryCapacity" operation="base_set" value="60"/>
				<passive_effect name="ElementalDamageResist" operation="base_add" value="2000" tags="cold,heat,electrical"/>
				<passive_effect name="PhysicalDamageResist" operation="base_add" value="2000"/>
				<passive_effect name="PhysicalDamageResist" operation="base_add" value="2000" tags="coredamageresist"/>
				<passive_effect name="ElementalDamageResist" operation="base_add" value="2000" tags="heat,electrical"/>
				<passive_effect name="HypothermalResist" operation="base_add" value="100"/>
				<passive_effect name="HyperthermalResist" operation="base_add" value="100"/>
				<passive_effect name="HealthLoss" operation="perc_add" value="-1.2"/>
				<triggered_effect trigger="onSelfBuffUpdate" action="RemoveAllNegativeBuffs"/>
				<triggered_effect trigger="onSelfBuffUpdate" action="AddBuff" buff="buffPerkAbilityUpdate"/>
				<triggered_effect trigger="onSelfBuffRemove" action="AddBuff" buff="buffPerkAbilityUpdate"/>
				<triggered_effect trigger="onSelfBuffUpdate" action="ModifyStats" stat="Health" operation="set" value="25000"/>
				<triggered_effect trigger="onSelfBuffUpdate" action="ModifyStats" stat="Food" operation="set" value="25000"/>
				<triggered_effect trigger="onSelfBuffUpdate" action="ModifyStats" stat="Water" operation="set" value="25000"/>
				<triggered_effect trigger="onSelfBuffUpdate" action="ModifyStats" stat="Stamina" operation="set" value="25000"/>
				<triggered_effect trigger="onSelfBuffStart" action="ModifyCVar" cvar="$armHurtCounter" operation="set" value="0"/>
				<triggered_effect trigger="onSelfBuffStart" action="ModifyCVar" cvar="$legHurtCounter" operation="set" value="0"/>
				<triggered_effect trigger="onSelfBuffStart" action="ModifyCVar" cvar="healAbrasionMult" operation="set" value="0"/>

				<triggered_effect trigger="onSelfBuffStack" action="RemoveBuff" buff="buffDrugSugarButts"/>
				<triggered_effect trigger="onSelfBuffStack" action="RemoveBuff" buff="buffDrugSugarButts"/>
				<triggered_effect trigger="onSelfBuffStart" action="ModifyCVar" cvar="$buffDrugSugarButtsDuration" operation="set" value="0"/>
				<triggered_effect trigger="onSelfBuffStart" action="RemoveBuff" buff="buffPumpkinCheesecake"/>
				<triggered_effect trigger="onSelfBuffStack" action="RemoveBuff" buff="buffPumpkinCheesecake"/>
				<triggered_effect trigger="onSelfBuffStart" action="ModifyCVar" cvar="$buffPumpkinCheesecakeDuration" operation="set" value="0"/>
				<triggered_effect trigger="onSelfBuffStart" action="RemoveBuff" buff="buffDrunkGrandpasAwesomeSauce"/>
				<triggered_effect trigger="onSelfBuffStart" action="RemoveBuff" buff="buffDrunkGrandpasAwesomeSauce"/>
				<triggered_effect trigger="onSelfBuffStart" action="ModifyCVar" cvar="$buffGrandpasAwesomeSauceDuration" operation="set" value="0"/>

				<triggered_effect trigger="onSelfBuffStart" action="ModifyCVar" cvar="$abrasionHealthMaxBlockage" operation="set" value="0"/>
				<triggered_effect trigger="onSelfBuffStart" action="ModifyCVar" cvar="$abrasionCounter" operation="set" value="0"/>
				<triggered_effect trigger="onSelfBuffStart" action="ModifyCVar" cvar="$buffDrugPainkillersDuration" operation="set" value="0"/>

				<triggered_effect trigger="onSelfBuffUpdate" action="GiveExp" exp="10000">
					<requirement name="CVarCompare" cvar="_expdeficit" operation="GTE" value="10000"/>
				</triggered_effect>
				<triggered_effect trigger="onSelfBuffUpdate" action="GiveExp" exp="2500">
					<requirement name="CVarCompare" cvar="_expdeficit" operation="GTE" value="2500"/>
				</triggered_effect>
				<triggered_effect trigger="onSelfBuffUpdate" action="GiveExp" exp="600">
					<requirement name="CVarCompare" cvar="_expdeficit" operation="GTE" value="600"/>
				</triggered_effect>
				<triggered_effect trigger="onSelfBuffUpdate" action="GiveExp" exp="150">
					<requirement name="CVarCompare" cvar="_expdeficit" operation="GTE" value="150"/>
				</triggered_effect>
				<triggered_effect trigger="onSelfBuffUpdate" action="GiveExp" exp="40">
					<requirement name="CVarCompare" cvar="_expdeficit" operation="GTE" value="40"/>
				</triggered_effect>
				<triggered_effect trigger="onSelfBuffUpdate" action="GiveExp" exp="10">
					<requirement name="CVarCompare" cvar="_expdeficit" operation="GT" value="0"/>
				</triggered_effect>
				<triggered_effect trigger="onSelfBuffStart" action="ModifyCVar" cvar="$buffDrugPainkillersDuration" operation="set" value="0"/>
			</effect_group>
		</buff>

		<buff name="OP!" name_key="op1" description_key="op1desc" remove_on_death="false" tooltip_key="optip" icon="ui_game_symbol_map_cursor">
			<stack_type value="replace"/>
			<duration value="0"/>
			<display_value value=".opDisplay"/>
			<display_value_format value="time"/>
			<effect_group>
				<triggered_effect trigger="onSelfBuffUpdate" action="ModifyCVar" cvar="$opDuration" operation="subtract" value="@$MetabolismDuration"/>

				<triggered_effect trigger="onSelfBuffUpdate" action="ModifyCVar" cvar=".opDisplay" operation="set" value="@$opDuration"/>
				<triggered_effect trigger="onSelfBuffUpdate" action="ModifyCVar" cvar=".opDisplay" operation="divide" value="@$MetabolismDuration"/>
			</effect_group>

			<effect_group>
				<requirement name="CVarCompare" cvar="$opDuration" operation="LTE" value="0"/>
				<triggered_effect trigger="onSelfBuffRemove" action="ModifyCVar" cvar=".opDisplay" operation="set" value="0"/>
				<triggered_effect trigger="onSelfBuffUpdate" action="ModifyCVar" cvar="$opDuration" operation="set" value="0"/>
				<triggered_effect trigger="onSelfBuffUpdate" action="RemoveBuff" buff="OP!"/>
			</effect_group>
			<effect_group>
				<passive_effect name="EntityDamage" operation="perc_add" value="3">
					<requirement name="HoldingItemHasTags" tags="ranged"/>
				</passive_effect>
				<passive_effect name="EntityDamage" operation="perc_add" value="3">
					<requirement name="HoldingItemHasTags" tags="perkBrawler"/>
				</passive_effect>
				<passive_effect name="AttributeLevel" tags="attPerception" operation="base_add" value="2"/>
				<passive_effect name="AttributeLevel" tags="attFortitude" operation="base_add" value="2"/>
				<passive_effect name="AttributeLevel" tags="attAgility" operation="base_add" value="2"/>
				<passive_effect name="AttributeLevel" tags="attIntellect" operation="base_add" value="2"/>
				<passive_effect name="AttributeLevel" tags="attStrength" operation="base_add" value="2"/>
				<triggered_effect trigger="onSelfBuffStart" action="AddBuff" buff="buffPerkAbilityUpdate"/>
				<triggered_effect trigger="onSelfBuffRemove" action="AddBuff" buff="buffPerkAbilityUpdate"/>
				<passive_effect name="PhysicalDamageResist" operation="base_add" value="6.5" tags="coredamageresist"/>
			</effect_group>

		</buff>

		<buff name="OP2!" name_key="op2" description_key="op2desc" remove_on_death="false" tooltip_key="optip" icon="ui_game_symbol_agility">
			<stack_type value="replace"/>
			<duration value="0"/>
			<display_value value=".op2Display"/>
			<display_value_format value="time"/>
			<effect_group>
				<triggered_effect trigger="onSelfBuffUpdate" action="ModifyCVar" cvar="$op2Duration" operation="subtract" value="@$MetabolismDuration"/>
				<triggered_effect trigger="onSelfBuffUpdate" action="ModifyCVar" cvar=".op2Display" operation="set" value="@$op2Duration"/>
				<triggered_effect trigger="onSelfBuffUpdate" action="ModifyCVar" cvar=".op2Display" operation="divide" value="@$MetabolismDuration"/>
			</effect_group>

			<effect_group>
				<requirement name="CVarCompare" cvar="$op2Duration" operation="LTE" value="0"/>
				<triggered_effect trigger="onSelfBuffRemove" action="ModifyCVar" cvar=".op2Display" operation="set" value="0"/>
				<triggered_effect trigger="onSelfBuffUpdate" action="ModifyCVar" cvar="$op2Duration" operation="set" value="0"/>
				<triggered_effect trigger="onSelfBuffUpdate" action="RemoveBuff" buff="OP2!"/>
			</effect_group>
			<effect_group>
				<passive_effect name="BarteringBuying" operation="base_add" value=".40"/>
				<passive_effect name="BarteringSelling" operation="base_add" value=".35"/>
				<passive_effect name="RunSpeed" operation="perc_add" value=".7"/>
				<passive_effect name="StaminaChangeOT" operation="perc_add" value="0.6">
					<requirement name="NotHasBuff" buff="buffHealWaterMax"/>
				</passive_effect>
				<passive_effect name="StaminaChangeOT" operation="perc_add" value="0.4">
					<requirement name="HasBuff" buff="buffHealWaterMax"/>
				</passive_effect>
			</effect_group>

		</buff>

		<buff name="OP3!" name_key="op3" description_key="op3desc" remove_on_death="false" tooltip_key="optip" icon="ui_game_symbol_defense">
			<stack_type value="replace"/>
			<duration value="0"/>
			<display_value value=".op3Display"/>
			<display_value_format value="time"/>
			<effect_group>
				<triggered_effect trigger="onSelfBuffUpdate" action="ModifyCVar" cvar="$op3Duration" operation="subtract" value="@$MetabolismDuration"/>
				<triggered_effect trigger="onSelfBuffUpdate" action="ModifyCVar" cvar=".op3Display" operation="set" value="@$op3Duration"/>
				<triggered_effect trigger="onSelfBuffUpdate" action="ModifyCVar" cvar=".op3Display" operation="divide" value="@$MetabolismDuration"/>
			</effect_group>
			<effect_group>
				<requirement name="CVarCompare" cvar="$op3Duration" operation="LTE" value="0"/>
				<triggered_effect trigger="onSelfBuffRemove" action="ModifyCVar" cvar=".op3Display" operation="set" value="0"/>
				<triggered_effect trigger="onSelfBuffUpdate" action="ModifyCVar" cvar="$op3Duration" operation="set" value="0"/>
				<triggered_effect trigger="onSelfBuffUpdate" action="RemoveBuff" buff="OP3!"/>

			</effect_group>
			<effect_group>
				<passive_effect name="WaterLossPerStaminaPointGained" operation="perc_subtract" value="0.3"/>
				<passive_effect name="PlayerExpGain" operation="perc_add" value=".5"/>
				<passive_effect name="BuffResistance" operation="base_add" value="2" tags="buffIllFoodPoisoning01,buffDysenteryCatch"/>
				<passive_effect name="BuffResistance" operation="base_add" value="2" tags="buffInfectionCatch,buffInfection01Main,buffInjuryBleeding,buffDrowning01,buffDrowning02,buffArmorShredding,buffLegSprainedFallTrigger,buffLegBroken,buffArmSprained"/>
				<passive_effect name="BuffResistance" operation="base_add" value="2" tags="buffArmBroken,buffInjuryStunned01,buffInjuryStunned02,buffInjuryStunned03,buffInjuryCrippled01,buffInjuryKnockdown01,buffInjuryKnockdown01,buffInjuryUnconscious,buffStayDownKO"/>
				<passive_effect name="BuffResistance" operation="base_add" value="2" tags="buffInjuryConcussion,buffShocked,buffBurningElement,buffBurningEnvironment,buffBurningFlamingArrow,buffBurningMolotov,buffBurning"/>
				<passive_effect name="CarryCapacity" operation="base_set" value="60"/>
				<passive_effect name="ElementalDamageResist" operation="base_add" value="200" tags="cold,heat,electrical"/>
				<passive_effect name="HyperthermalResist" operation="base_add" value="200"/>
				<passive_effect name="HypothermalResist" operation="base_add" value="200"/>
				<passive_effect name="JumpStrength" operation="base_add" value=".05"/>
				<passive_effect name="ExpDeficitPerDeathPercentage" operation="base_set" value="0"/>
				<passive_effect name="ExpDeficitMaxPercentage" operation="base_set" value="0"/>
			</effect_group>
		</buff>

		<buff name="buffuwu" name_key="uwu" description_key="uwu" remove_on_death="false" tooltip_key="uwu" icon="ui_game_symbol_add" icon_color="0,255,255">
			<stack_type value="replace"/>
			<duration value="0"/>
			<display_value value=".uwuDisplay"/>
			<display_value_format value="time"/>
			<effect_group>
				<triggered_effect trigger="onSelfBuffStart" action="RemoveBuff" buff="buffowo"/>
				<triggered_effect trigger="onSelfBuffStack" action="RemoveBuff" buff="buffowo"/>
				<triggered_effect trigger="onSelfBuffStart" action="ModifyCVar" cvar="$uwuDuration" operation="set" value="3600"/>
				<triggered_effect trigger="onSelfBuffStack" action="ModifyCVar" cvar="$uwuDuration" operation="set" value="3600"/>
				<triggered_effect trigger="onSelfBuffUpdate" action="ModifyCVar" cvar="$uwuDuration" operation="subtract" value="@$MetabolismDuration"/>
				<triggered_effect trigger="onSelfBuffUpdate" action="ModifyCVar" cvar=".uwuDisplay" operation="set" value="@$uwuDuration"/>
				<triggered_effect trigger="onSelfBuffUpdate" action="ModifyCVar" cvar=".uwuDisplay" operation="divide" value="@$MetabolismDuration"/>
				<triggered_effect trigger="onSelfBuffUpdate" action="RemoveBuff" buff="buffuwu">
					<requirement name="CVarCompare" cvar="$uwuDuration" operation="LTE" value="0"/>
				</triggered_effect>
				<triggered_effect trigger="onSelfBuffRemove" action="ModifyCVar" cvar=".uwuDisplay" operation="set" value="0"/>
			</effect_group>
			<effect_group>
				<passive_effect name="ElementalDamageResist" operation="base_add" value="500" tags="cold,heat,electrical"/>
				<passive_effect name="ElementalDamageResist" operation="base_add" value="500" tags="heat,electrical"/>
				<passive_effect name="CarryCapacity" operation="base_set" value="60"/>
				<passive_effect name="ExpDeficitPerDeathPercentage" operation="base_set" value="0"/>
				<passive_effect name="ExpDeficitMaxPercentage" operation="base_set" value="0"/>
				<passive_effect name="BuffResistance" operation="base_add" value="2" tags="buffIllFoodPoisoning01,buffDysenteryCatch"/>
				<passive_effect name="BuffResistance" operation="base_add" value="2" tags="buffInfectionCatch,buffInfection01Main,buffInjuryBleeding,buffDrowning01,buffDrowning02,buffArmorShredding,buffLegSprainedFallTrigger,buffLegBroken,buffArmSprained"/>
				<passive_effect name="BuffResistance" operation="base_add" value="2" tags="buffArmBroken,buffInjuryStunned01,buffInjuryStunned02,buffInjuryStunned03,buffInjuryCrippled01,buffInjuryKnockdown01,buffInjuryKnockdown01,buffInjuryUnconscious,buffStayDownKO"/>
				<passive_effect name="BuffResistance" operation="base_add" value="2" tags="buffInjuryConcussion,buffShocked,buffBurningElement,buffBurningEnvironment,buffBurningFlamingArrow,buffBurningMolotov,buffBurning"/>

				<triggered_effect trigger="onSelfBuffStart" action="RemoveAllNegativeBuffs"/>
				<triggered_effect trigger="onSelfBuffStack" action="RemoveAllNegativeBuffs"/>
				<triggered_effect trigger="onSelfBuffStart" action="ModifyStats" stat="Health" operation="set" value="2000"/>
				<triggered_effect trigger="onSelfBuffStack" action="ModifyStats" stat="Health" operation="set" value="2000"/>
				<triggered_effect trigger="onSelfBuffStart" action="ModifyStats" stat="Stamina" operation="set" value="2000"/>
				<triggered_effect trigger="onSelfBuffStack" action="ModifyStats" stat="Stamina" operation="set" value="2000"/>
				<triggered_effect trigger="onSelfBuffStart" action="ModifyStats" stat="Food" operation="set" value="2000"/>
				<triggered_effect trigger="onSelfBuffStart" action="ModifyStats" stat="Water" operation="set" value="2000"/>

				<triggered_effect trigger="onSelfBuffStart" action="ModifyCVar" cvar="$owoDuration" operation="set" value="0"/>
				<triggered_effect trigger="onSelfBuffStack" action="ModifyCVar" cvar="$owoDuration" operation="set" value="0"/>




				<triggered_effect trigger="onSelfBuffUpdate" action="GiveExp" exp="10000">
					<requirement name="CVarCompare" cvar="_expdeficit" operation="GTE" value="10000"/>
				</triggered_effect>
				<triggered_effect trigger="onSelfBuffUpdate" action="GiveExp" exp="2500">
					<requirement name="CVarCompare" cvar="_expdeficit" operation="GTE" value="2500"/>
				</triggered_effect>
				<triggered_effect trigger="onSelfBuffUpdate" action="GiveExp" exp="600">
					<requirement name="CVarCompare" cvar="_expdeficit" operation="GTE" value="600"/>
				</triggered_effect>
				<triggered_effect trigger="onSelfBuffUpdate" action="GiveExp" exp="150">
					<requirement name="CVarCompare" cvar="_expdeficit" operation="GTE" value="150"/>
				</triggered_effect>
				<triggered_effect trigger="onSelfBuffUpdate" action="GiveExp" exp="40">
					<requirement name="CVarCompare" cvar="_expdeficit" operation="GTE" value="40"/>
				</triggered_effect>
				<triggered_effect trigger="onSelfBuffUpdate" action="GiveExp" exp="10">
					<requirement name="CVarCompare" cvar="_expdeficit" operation="GT" value="0"/>
				</triggered_effect>
			</effect_group>

		</buff>

		<buff name="buffowo" name_key="òwó" description_key="Para balancer a todos en evento òwó" remove_on_death="false" tooltip_key="òwó" icon="ui_game_symbol_add" icon_color="255,0,0">
			<stack_type value="replace"/>
			<display_value_key value="òwó"/>
			<display_value value="xxx"/>
			<effect_group>
				<passive_effect name="AttributeLevel" tags="attPerception" operation="base_set" value="1"/>
				<passive_effect name="AttributeLevel" tags="attStrength" operation="base_set" value="1"/>
				<passive_effect name="AttributeLevel" tags="attFortitude" operation="base_set" value="1"/>
				<passive_effect name="AttributeLevel" tags="attAgility" operation="base_set" value="1"/>
				<passive_effect name="AttributeLevel" tags="attIntellect" operation="base_set" value="1"/>
				<passive_effect name="AttributeLevel" tags="special" operation="base_set" value="1"/>
				<triggered_effect trigger="onSelfBuffStart" action="RemoveAllNegativeBuffs"/>
				<triggered_effect trigger="onSelfBuffStack" action="RemoveAllNegativeBuffs"/>
				<passive_effect name="ExpDeficitPerDeathPercentage" operation="base_set" value="0"/>
				<passive_effect name="ExpDeficitMaxPercentage" operation="base_set" value="0"/>
				<passive_effect name="HealthMax" operation="base_set" value="150"/>
				<passive_effect name="StaminaMax" operation="base_set" value="150"/>
				<passive_effect name="CarryCapacity" operation="base_set" value="60"/>
				<passive_effect name="ElementalDamageResist" operation="base_add" value="500" tags="cold,heat,electrical"/>
				<passive_effect name="ElementalDamageResist" operation="base_add" value="500" tags="heat,electrical"/>
				<passive_effect name="HypothermalResist" operation="base_add" value="25"/>
				<passive_effect name="HyperthermalResist" operation="base_add" value="25"/>
				<passive_effect name="BuffResistance" operation="base_add" value="2" tags="buffLegSprainedFallTrigger,buffLegBroken,buffArmSprained"/>
				<passive_effect name="BuffResistance" operation="base_add" value="2" tags="buffArmBroken,buffInjuryCrippled01"/>

				<triggered_effect trigger="onSelfBuffStart" action="ModifyStats" stat="Health" operation="set" value="25000"/>
				<triggered_effect trigger="onSelfBuffStack" action="ModifyStats" stat="Health" operation="set" value="25000"/>
				<triggered_effect trigger="onSelfBuffStart" action="ModifyStats" stat="Stamina" operation="set" value="25000"/>
				<triggered_effect trigger="onSelfBuffStack" action="ModifyStats" stat="Stamina" operation="set" value="25000"/>
				<triggered_effect trigger="onSelfBuffStart" action="ModifyStats" stat="Food" operation="set" value="300"/>
				<triggered_effect trigger="onSelfBuffStart" action="ModifyStats" stat="Water" operation="set" value="300"/>

				<triggered_effect trigger="onSelfBuffStart" action="ModifyStats" stat="Food" operation="set" value="300"/>
				<triggered_effect trigger="onSelfBuffStack" action="ModifyStats" stat="Food" operation="set" value="300"/>
				<triggered_effect trigger="onSelfBuffStart" action="ModifyStats" stat="Water" operation="set" value="300"/>
				<triggered_effect trigger="onSelfBuffStack" action="ModifyStats" stat="Food" operation="set" value="300"/>

				<triggered_effect trigger="onSelfBuffStart" action="ModifyCVar" cvar="$buffchaleDuration" operation="set" value="0"/>
				<triggered_effect trigger="onSelfBuffStack" action="ModifyCVar" cvar="$buffchaleDuration" operation="set" value="0"/>
				<triggered_effect trigger="onSelfBuffStart" action="ModifyCVar" cvar="$opDuration" operation="set" value="0"/>
				<triggered_effect trigger="onSelfBuffStart" action="ModifyCVar" cvar="$op2Duration" operation="set" value="0"/>
				<triggered_effect trigger="onSelfBuffStart" action="ModifyCVar" cvar="$op3Duration" operation="set" value="0"/>
				<triggered_effect trigger="onSelfBuffStack" action="ModifyCVar" cvar="$opDuration" operation="set" value="0"/>
				<triggered_effect trigger="onSelfBuffStack" action="ModifyCVar" cvar="$op2Duration" operation="set" value="0"/>
				<triggered_effect trigger="onSelfBuffStack" action="ModifyCVar" cvar="$op3Duration" operation="set" value="0"/>
				<triggered_effect trigger="onSelfBuffStart" action="ModifyCVar" cvar="$uwuDuration" operation="set" value="0"/>
				<triggered_effect trigger="onSelfBuffStack" action="ModifyCVar" cvar="$uwuDuration" operation="set" value="0"/>
				<triggered_effect trigger="onSelfBuffStart" action="RemoveBuff" buff="buffFoodStaminaBonus"/>

				<triggered_effect trigger="onSelfBuffStart" action="ModifyCVar" cvar="$buffDrugVitaminsDuration" operation="set" value="0"/>
				<triggered_effect trigger="onSelfBuffStart" action="ModifyCVar" cvar="$buffDrugPainkillersDuration" operation="set" value="0"/>
				<triggered_effect trigger="onSelfBuffStart" action="ModifyCVar" cvar="$buffDrugSteroidsDuration" operation="set" value="0"/>
				<triggered_effect trigger="onSelfBuffStart" action="ModifyCVar" cvar="$buffDrugRecogDuration" operation="set" value="0"/>
				<triggered_effect trigger="onSelfBuffStart" action="ModifyCVar" cvar="$buffDrugFortBitesDuration" operation="set" value="0"/>
				<triggered_effect trigger="onSelfBuffStart" action="ModifyCVar" cvar="$buffDrugAtomJunkiesDuration" operation="set" value="0"/>
				<triggered_effect trigger="onSelfBuffStart" action="ModifyCVar" cvar="$buffDrugCovertCatsDuration" operation="set" value="0"/>
				<triggered_effect trigger="onSelfBuffStart" action="ModifyCVar" cvar="$buffDrugEyeKandyDuration" operation="set" value="0"/>
				<triggered_effect trigger="onSelfBuffStart" action="ModifyCVar" cvar="$buffDrugHackersDuration" operation="set" value="0"/>
				<triggered_effect trigger="onSelfBuffStart" action="ModifyCVar" cvar="$buffDrugHealthBarDuration" operation="set" value="0"/>
				<triggered_effect trigger="onSelfBuffStart" action="ModifyCVar" cvar="$buffDrugJailBreakersDuration" operation="set" value="0"/>
				<triggered_effect trigger="onSelfBuffStart" action="ModifyCVar" cvar="$buffDrugNerdTatsDuration" operation="set" value="0"/>
				<triggered_effect trigger="onSelfBuffStart" action="ModifyCVar" cvar="$buffDrugOhShitzDropsDuration" operation="set" value="0"/>
				<triggered_effect trigger="onSelfBuffStart" action="ModifyCVar" cvar="$buffDrugRockBustersDuration" operation="set" value="0"/>
				<triggered_effect trigger="onSelfBuffStart" action="ModifyCVar" cvar="$buffDrugSkullCrushersDuration" operation="set" value="0"/>
				<triggered_effect trigger="onSelfBuffStart" action="ModifyCVar" cvar="$buffDrugSugarButtsDuration" operation="set" value="0"/>
				<triggered_effect trigger="onSelfBuffStart" action="ModifyCVar" cvar="$buffShamChowderDuration" operation="set" value="0"/>
				<triggered_effect trigger="onSelfBuffStart" action="ModifyCVar" cvar="$buffPumpkinCheesecakeDuration" operation="set" value="0"/>
				<triggered_effect trigger="onSelfBuffStart" action="ModifyCVar" cvar="$buffRedTeaDuration" operation="set" value="0"/>
				<triggered_effect trigger="onSelfBuffStart" action="ModifyCVar" cvar="$buffRedTeaDuration" operation="set" value="0"/>
				<triggered_effect trigger="onSelfBuffStart" action="ModifyCVar" cvar="$buffYuccaJuiceSmoothieDuration" operation="set" value="0"/>
				<triggered_effect trigger="onSelfBuffStart" action="ModifyCVar" cvar="$buffMegaCrushDuration" operation="set" value="0"/>
				<triggered_effect trigger="onSelfBuffStart" action="ModifyCVar" cvar="$buffCoffeeDuration" operation="set" value="0"/>
				<triggered_effect trigger="onSelfBuffStart" action="ModifyCVar" cvar="$buffCoffeeBSDuration" operation="set" value="0"/>
				<triggered_effect trigger="onSelfBuffStart" action="ModifyCVar" cvar="$buffBeerDuration" operation="set" value="0"/>
				<triggered_effect trigger="onSelfBuffStart" action="ModifyCVar" cvar="$buffGrandpasMoonshineDuration" operation="set" value="0"/>
				<triggered_effect trigger="onSelfBuffStart" action="ModifyCVar" cvar="$buffGrandpasAwesomeSauceDuration" operation="set" value="0"/>
				<triggered_effect trigger="onSelfBuffStart" action="ModifyCVar" cvar="$buffGrandpasLearningElixirDuration" operation="set" value="0"/>
				<triggered_effect trigger="onSelfBuffStart" action="ModifyCVar" cvar="$foodAmountAdd" operation="set" value="0"/>
				<triggered_effect trigger="onSelfBuffStart" action="ModifyCVar" cvar="$waterAmountAdd" operation="set" value="0"/>
			</effect_group>
		</buff>

	</append>

	<!-- ////////////////////////////////////////////////////////////////////////////////////////////////////////////////////////////////////////////////////////////////// -->
	<!--  ///////////////////////////////////////////////////////////////VEHICULOS/////////////////////////////////////////////////////////////////////////////////////// -->
	<!-- ////////////////////////////////////////////////////////////////////////////////////////////////////////////////////////////////////////////////////////////////// -->

	<append xpath="/buffs/buff[@name='buffStatusCheck01']/effect_group">
		<triggered_effect trigger="onSelfBuffUpdate" action="AddBuff" buff="VehicleChecker2">
			<requirement name="NotHasBuff" buff="VehicleChecker2"/>
		</triggered_effect>
	</append>
	<append xpath="/buffs">
		<!-- ////////////////////////////////////////////////////////////////////////////////////////////////////////////////////////////////////////////////////////////////// -->
		<!--  ///////////////////////////////////////////////////////////////Checkers/////////////////////////////////////////////////////////////////////////////////////// -->
		<!-- ////////////////////////////////////////////////////////////////////////////////////////////////////////////////////////////////////////////////////////////////// -->
		<buff name="VehicleChecker2" hidden="true">
			<stack_type value="replace"/>
			<duration value="500"/>
			<update_rate value=".1"/>
			<effect_group>
				<!--  //////////////////////betsy//////////////////// -->
				<triggered_effect trigger="onSelfBuffUpdate" action="AddBuff" target="selfAOE" range="100" buff="betsyTCheck">
					<requirement name="EntityTagCompare" target="other" tags="btsT"/>
					<requirement name="NotHasBuff" target="other" buff="betsyTCheck"/>
				</triggered_effect>
				<!--  //////////////////////betsyMK//////////////////// -->
				<triggered_effect trigger="onSelfBuffUpdate" action="AddBuff" target="selfAOE" range="100" buff="betsyCheck">
					<requirement name="EntityTagCompare" target="other" tags="bts"/>
					<requirement name="NotHasBuff" target="other" buff="betsyCheck"/>
				</triggered_effect>
				<!--  //////////////////////spo4x4/////////////////// -->
				<triggered_effect trigger="onSelfBuffUpdate" action="AddBuff" target="selfAOE" range="100" buff="spo4x4Check">
					<requirement name="EntityTagCompare" target="other" tags="sp4x"/>
					<requirement name="NotHasBuff" target="other" buff="spo4x4Check"/>
				</triggered_effect>
				<!--  //////////////////////spogyro/////////////////// -->
				<triggered_effect trigger="onSelfBuffUpdate" action="AddBuff" target="selfAOE" range="100" buff="spogyroCheck">
					<requirement name="EntityTagCompare" target="other" tags="spGyr"/>
					<requirement name="NotHasBuff" target="other" buff="spogyroCheck"/>
				</triggered_effect>
			</effect_group>
		</buff>
		<!-- ////////////////////////////////////////////////////////////////////////////////////////////////////////////////////////////////////////////////////////////////// -->
		<!--  ///////////////////////////////////////////////////////////////Buffs///////////////////////////////////////////////////////////////////////////////////////////// -->
		<!-- ////////////////////////////////////////////////////////////////////////////////////////////////////////////////////////////////////////////////////////////////// -->

		<!--  //////////////////////Moto/////////////////////////// -->
		<buff name="betsyTCheck" hidden="true">
			<stack_type value="ignore"/>
			<stack_type value="ignore"/>
			<effect_group>
				<triggered_effect trigger="onSelfBuffStart" action="SetTransformActive" active="true" transform_path="headlight"/>
				<triggered_effect trigger="onSelfBuffStart" action="SetTransformActive" active="false" transform_path="headlight"/>
				<triggered_effect trigger="onSelfBuffStart" action="AttachPrefabToEntity" prefab="Entities/Traps/hubcapPrefab" local_offset="0,0.4,-0.45" local_rotation="0,0,180" parent_transform="Origin"/>

				<!--<triggered_effect trigger="onSelfBuffStart" action="AttachPrefabToEntity" prefab="Entities/OutdoorDecor/cowSkullPrefab" local_offset="0,.1,.5" local_rotation="45,0,0" parent_transform="Origin/handlebar_joint"/>-->
				<triggered_effect trigger="onSelfBuffStart" action="AttachPrefabToEntity" prefab="#Entities/LootContainers?weapon_bags_smallPrefab.prefab" local_offset="0,.9,-0.9" local_rotation="0,0,0" parent_transform="Origin"/>

				<triggered_effect trigger="onSelfBuffStart" action="AttachPrefabToEntity" prefab="#Other/Items?Weapons/Melee/Spear/spear_steel_Prefab.prefab" local_offset=".24,.58,0.9" local_rotation="90,0,0" parent_transform="Origin"/>
				<triggered_effect trigger="onSelfBuffStart" action="AttachParticleEffectToEntity" particle="#Other/Items?Weapons/Melee/Spear/spear_steel_Prefab.prefab" local_offset="-.24,.58,0.9" local_rotation="90,0,0" parent_transform="Origin"/>
				<triggered_effect trigger="onSelfBuffStart" action="AttachPrefabToEntity" prefab="#Entities/Vehicles?Car/motorPrefab.prefab" local_offset="0,.6,0" local_rotation="0,0,0" parent_transform="Origin"/>
				<triggered_effect trigger="onSelfBuffStart" action="AttachPrefabToEntity" prefab="#Other/Items?Weapons/Melee/Axe/steelAxePrefab.prefab" local_offset=".27,1,-.5" local_rotation="-30,0,0" parent_transform="Origin"/>
				<triggered_effect trigger="onSelfBuffStart" action="AttachParticleEffectToEntity" particle="#Other/Items?Weapons/Melee/Axe/steelAxePrefab.prefab" local_offset="-.27,1,-.5" local_rotation="-25,0,0" parent_transform="Origin"/>
			</effect_group>
		</buff>
		<!--  //////////////////////Betsy/////////////////////////// -->
		<buff name="betsyCheck" hidden="true">
			<stack_type value="ignore"/>
			<stack_type value="ignore"/>
			<effect_group>
				<triggered_effect trigger="onSelfBuffStart" action="SetTransformActive" active="true" transform_path="headlight"/>

				<!--<triggered_effect trigger="onSelfBuffStart" action="AttachParticleEffectToEntity" particle="p_torch_wall" local_offset=".15,.1,-.2" local_rotation="0,0,0" parent_transform="headlight"/>
				<triggered_effect trigger="onSelfBuffStart" action="AttachPrefabToEntity" prefab="particleeffects/p_torch_wall" local_offset="-.15,.1,-.2" local_rotation="0,0,0" parent_transform="headlight"/>-->

				<triggered_effect trigger="onSelfBuffStart" action="SetTransformActive" active="false" transform_path="headlight"/>

				<triggered_effect trigger="onSelfBuffStart" action="AttachPrefabToEntity" prefab="Entities/Traps/hubcapPrefab" local_offset="0,0.4,-0.45" local_rotation="0,0,180" parent_transform="Origin"/>


				<triggered_effect trigger="onSelfBuffStart" action="AttachParticleEffectToEntity" particle="p_torch_wall" local_offset="-.11,.75,-.8" local_rotation="0,0,0" parent_transform="Origin"/>
				<triggered_effect trigger="onSelfBuffStart" action="AttachPrefabToEntity" prefab="particleeffects/p_torch_wall" local_offset=".11,.75,-.8" local_rotation="0,0,0" parent_transform="Origin"/>

				<triggered_effect trigger="onSelfBuffStart" action="AttachPrefabToEntity" prefab="#Other/Items?Weapons/Ranged/RocketLauncher/rocketlauncherPrefab.prefab" local_offset="-.11,.75,-.2" local_rotation="0,0,0" parent_transform="Origin"/>
				<triggered_effect trigger="onSelfBuffStart" action="AttachParticleEffectToEntity" particle="#Other/Items?Weapons/Ranged/RocketLauncher/rocketlauncherPrefab.prefab" local_offset=".11,.75,-.2" local_rotation="0,0,0" parent_transform="Origin"/>

				<triggered_effect trigger="onSelfBuffStart" action="AttachPrefabToEntity" prefab="Entities/OutdoorDecor/cowSkullPrefab" local_offset="0,.1,.5" local_rotation="45,0,0" parent_transform="Origin/handlebar_joint"/>
				<triggered_effect trigger="onSelfBuffStart" action="AttachPrefabToEntity" prefab="#Entities/LootContainers?weapon_bags_smallPrefab.prefab" local_offset="0,.9,-0.9" local_rotation="0,0,0" parent_transform="Origin"/>

				<triggered_effect trigger="onSelfBuffStart" action="AttachPrefabToEntity" prefab="#Other/Items?Weapons/Melee/Spear/spear_steel_Prefab.prefab" local_offset=".24,.58,0.9" local_rotation="90,0,0" parent_transform="Origin"/>
				<triggered_effect trigger="onSelfBuffStart" action="AttachParticleEffectToEntity" particle="#Other/Items?Weapons/Melee/Spear/spear_steel_Prefab.prefab" local_offset="-.24,.58,0.9" local_rotation="90,0,0" parent_transform="Origin"/>
				<triggered_effect trigger="onSelfBuffStart" action="AttachPrefabToEntity" prefab="#Entities/Vehicles?Car/motorPrefab.prefab" local_offset="0,.6,0" local_rotation="0,0,0" parent_transform="Origin"/>
				<triggered_effect trigger="onSelfBuffStart" action="AttachParticleEffectToEntity" particle="torch02_firePrefab" local_offset=".15,-.9,1" local_rotation="90,0,180" parent_transform="Origin/handlebar_joint"/>
				<triggered_effect trigger="onSelfBuffStart" action="AttachPrefabToEntity" prefab="particleeffects/torch02_firePrefab" local_offset="-.15,-.9,1" local_rotation="90,0,180" parent_transform="Origin/handlebar_joint"/>
				<triggered_effect trigger="onSelfBuffStart" action="AttachPrefabToEntity" prefab="#Other/Items?Weapons/Melee/Axe/steelAxePrefab.prefab" local_offset=".27,1,-.5" local_rotation="-30,0,0" parent_transform="Origin"/>
				<triggered_effect trigger="onSelfBuffStart" action="AttachParticleEffectToEntity" particle="#Other/Items?Weapons/Melee/Axe/steelAxePrefab.prefab" local_offset="-.27,1,-.5" local_rotation="-25,0,0" parent_transform="Origin"/>

				<triggered_effect trigger="onSelfBuffUpdate" action="AddBuff" target="selfAOE" range="1.2" buff="buffBurningElement">
					<requirement name="EntityTagCompare" target="other" tags="zombie,enemy"/>
				</triggered_effect>
			</effect_group>


			<!--<effect_group>


				
				<triggered_effect trigger="onSelfBuffStart" action="AttachPrefabToEntity" prefab="Entities/Industrial/hoistChainPrefab" local_offset="0,0.6,0" local_rotation="90,0,0" parent_transform="Origin"/>
				<triggered_effect trigger="onSelfBuffStart" action="AttachPrefabToEntity" prefab="Entities/OutdoorDecor/cowSkullPrefab" local_offset="0,1.4,1" local_rotation="0,0,0" parent_transform="Origin"/>
				<triggered_effect trigger="onSelfBuffStart" action="AttachPrefabToEntity" prefab="#Other/Items?Weapons/Ranged/RocketLauncher/rocketlauncherPrefab.prefab" local_offset="-.1,.75,-.2" local_rotation="0,0,0" parent_transform="Origin"/>
				<triggered_effect trigger="onSelfBuffStart" action="AttachParticleEffectToEntity" particle="#Other/Items?Weapons/Ranged/RocketLauncher/rocketlauncherPrefab.prefab" local_offset=".1,.75,-.2" local_rotation="0,0,0" parent_transform="Origin"/>

				<triggered_effect trigger="onSelfBuffStart" action="AttachParticleEffectToEntity" particle="torch02_firePrefab" local_offset="0,.75,-1.2" local_rotation="90,0,0" parent_transform="Origin"/>
				<triggered_effect trigger="onSelfBuffStart" action="AttachPrefabToEntity" prefab="#Other/Items?Weapons/Melee/Spear/spear_steel_Prefab.prefab" local_offset=".24,.58,0.9" local_rotation="90,0,0" parent_transform="Origin"/>
				<triggered_effect trigger="onSelfBuffStart" action="AttachParticleEffectToEntity" particle="#Other/Items?Weapons/Melee/Spear/spear_steel_Prefab.prefab" local_offset="-.24,.58,0.9" local_rotation="90,0,0" parent_transform="Origin"/>
			</effect_group>-->
		</buff>
		<!--  //////////////////////4X4/////////////////////////////////// -->
		<buff name="spo4x4Check" hidden="true">
			<stack_type value="ignore"/>
			<effect_group>
				<triggered_effect trigger="onSelfBuffStart" action="SetTransformActive" active="true" transform_path="headlight"/>
				<triggered_effect trigger="onSelfBuffStart" action="AttachParticleEffectToEntity" particle="p_torch_wall" local_offset=".5,2,-1.15" local_rotation="0,0,0" parent_transform="headlight"/>
				<triggered_effect trigger="onSelfBuffStart" action="AttachPrefabToEntity" prefab="particleeffects/p_torch_wall" local_offset="-.5,2,-1.15" local_rotation="0,0,0" parent_transform="headlight"/>
				<triggered_effect trigger="onSelfBuffStart" action="AttachPrefabToEntity" prefab="Entities/Lighting/lanternPlayerPrefab" local_offset="0,1.1,.5" local_rotation="-14,0,0" parent_transform="headlight"/>
				<triggered_effect trigger="onSelfBuffStart" action="SetTransformActive" active="false" transform_path="headlight"/>

				<triggered_effect trigger="onSelfBuffStart" action="AttachPrefabToEntity" prefab="#Entities/LootContainers?loot_cratePrefab.prefab" local_offset="0,1.2,-2.4" local_rotation="0,0,0" parent_transform="Origin"/>
				<triggered_effect trigger="onSelfBuffStart" action="AttachPrefabToEntity" prefab="#Entities/Vehicles?Car/motorPrefab.prefab" local_offset="0,1.8,-1.6" local_rotation="0,0,0" parent_transform="Origin"/>
				<triggered_effect trigger="onSelfBuffStart" action="AttachPrefabToEntity" prefab="Entities/OutdoorDecor/cowSkullPrefab" local_offset="0,1.85,1.65" local_rotation="35,0,0" parent_transform="Origin"/>
				<triggered_effect trigger="onSelfBuffStart" action="AttachPrefabToEntity" prefab="#Other/Items?Weapons/Ranged/m60/m60Prefab.prefab" local_offset=".75,1.95,.2" local_rotation="0,0,0" parent_transform="Origin"/>
				<triggered_effect trigger="onSelfBuffStart" action="AttachParticleEffectToEntity" particle="#Other/Items?Weapons/Ranged/m60/m60Prefab.prefab" local_offset="-.75,1.95,.2" local_rotation="0,0,0" parent_transform="Origin"/>
				<triggered_effect trigger="onSelfBuffStart" action="AttachPrefabToEntity" prefab="#Other/Items?Weapons/Melee/Spear/spear_stone_Prefab.prefab" local_offset=".77,1.3,1" local_rotation="90,0,0" parent_transform="Origin"/>
				<triggered_effect trigger="onSelfBuffStart" action="AttachParticleEffectToEntity" particle="#Other/Items?Weapons/Melee/Spear/spear_stone_Prefab.prefab" local_offset="-.77,1.3,1" local_rotation="90,0,0" parent_transform="Origin"/>

			</effect_group>
		</buff>
		<!--  //////////////////////Gyro////////////////////////////////// -->
		<buff name="spogyroCheck" hidden="true">
			<stack_type value="ignore"/>
			<effect_group>
				<triggered_effect trigger="onSelfBuffStart" action="AttachParticleEffectToEntity" prefab="p_torch_wall" local_offset="0,0.3,1.5" local_rotation="0,0,0" parent_transform="Origin"/>
				<triggered_effect trigger="onSelfBuffStart" action="AttachPrefabToEntity" prefab="particleeffects/p_torch_wall" local_offset="0,0.3,1.5" local_rotation="0,0,0" parent_transform="Origin"/>
				<triggered_effect trigger="onSelfBuffStart" action="AttachPrefabToEntity" prefab="Entities/OutdoorDecor/cowSkullPrefab" local_offset="0,0.9,1.5" local_rotation="0,0,0" parent_transform="Origin"/>
				<triggered_effect trigger="onSelfBuffStart" action="AttachPrefabToEntity" prefab="Entities/Electrical/generatorPrefab" local_offset="0,0.7,0" local_rotation="0,90,0" parent_transform="Origin"/>
				<triggered_effect trigger="onSelfBuffStart" action="AttachPrefabToEntity" prefab="#Entities/LootContainers?metalToolBoxClosedPrefab.prefab" local_offset="0.2,0.7,-0.9" local_rotation="0,90,0" parent_transform="Origin"/>
				<triggered_effect trigger="onSelfBuffStart" action="AttachPrefabToEntity" prefab="#Entities/LootContainers?duffle01Prefab.prefab" local_offset="-0.2,0.7,-0.9" local_rotation="0,0,0" parent_transform="Origin"/>
				<triggered_effect trigger="onSelfBuffStart" action="AttachPrefabToEntity" prefab="Entities/Commercial/gunrackWallEmptyAPrefab" local_offset="0,0.7,-1" local_rotation="-90,0,0" parent_transform="Origin"/>
				<triggered_effect trigger="onSelfBuffStart" action="AttachPrefabToEntity" prefab="#Entities/Vehicles?Car/car_seat_uprightPrefab.prefab" local_offset="0.17,1,0.6" local_rotation="0,0,0" parent_transform="Origin"/>
				<triggered_effect trigger="onSelfBuffStart" action="AttachPrefabToEntity" prefab="Entities/Doors/jail_barsPrefab" local_offset="0.5,0.6,1" local_rotation="-20,0,90" parent_transform="Origin"/>
				<triggered_effect trigger="onSelfBuffStart" action="AttachPrefabToEntity" prefab="#Other/Items?Weapons/Melee/Spear/spear_steel_Prefab.prefab" local_offset=".24,.58,0.9" local_rotation="90,0,0" parent_transform="Origin"/>
				<triggered_effect trigger="onSelfBuffStart" action="AttachParticleEffectToEntity" particle="#Other/Items?Weapons/Melee/Spear/spear_steel_Prefab.prefab" local_offset="-.24,.58,0.9" local_rotation="90,0,0" parent_transform="Origin"/>
			</effect_group>
		</buff>

		<buff name="buffjump" name_key="jumpBuffName" description_key="buffjumpDesc" tooltip_key="buffjumpTooltip" icon="ui_game_symbol_twitch_fast" icon_color="0,255,255">
			<stack_type value="ignore"/>
			<display_value_key value="buffJumpNameShort"/>
			<display_value value="xxx"/>
			<effect_group>
				<passive_effect name="StaminaLoss" operation="perc_add" value="-.4" tags="jumping"/>
				<passive_effect name="JumpStrength" operation="base_set" value=".276"/>
				<passive_effect name="JumpStrength" operation="perc_add" value="-.39">
					<requirement name="ProgressionLevel" progression_name="perkParkour" operation="Equals" value="2"/>
				</passive_effect>
				<passive_effect name="JumpStrength" operation="perc_add" value="-.39">
					<requirement name="ProgressionLevel" progression_name="perkParkour" operation="Equals" value="3"/>
				</passive_effect>
				<passive_effect name="JumpStrength" operation="perc_add" value="-.75">
					<requirement name="ProgressionLevel" progression_name="perkParkour" operation="Equals" value="4"/>
				</passive_effect>
				<passive_effect name="JumpStrength" operation="perc_add" value="-.05">
					<requirement name="NotHasBuff" buff="AguaDivina"/>
				</passive_effect>

			</effect_group>
		</buff>

		<buff name="buffpvp" name_key="pvpBuffName" description_key="buffpvpDesc" tooltip_key="buffpvpTooltip" icon="ui_game_symbol_knife" icon_color="255,0,0 ">
			<stack_type value="ignore"/>
			<display_value_key value="buffPvpNameShort"/>
			<display_value value="xxx"/>
			<effect_group>
				<passive_effect name="PlayerExpGain" operation="perc_add" value=".5"/>
				<passive_effect name="LootGamestage" operation="base_add" value="5"/>
				<passive_effect name="LootGamestage" operation="perc_add" value=".5"/>
				<passive_effect name="ScavengingTime" operation="perc_subtract" value=".25"/>
				<triggered_effect trigger="onSelfEnteredGame" action="RemoveBuff" buff="buffpvp"/>
			</effect_group>			
			<effect_group>
				<requirement name="HasBuff" buff="PPBF"/>
				<passive_effect name="PlayerExpGain" operation="perc_add" value="-.25"/>
			</effect_group>
			<effect_group>
				<requirement name="HasBuff" buff="PPBF2"/>
				<passive_effect name="PlayerExpGain" operation="perc_add" value="-.375"/>
			</effect_group>
			<effect_group>
				<requirement name="HasBuff" buff="PPBF3"/>
				<passive_effect name="PlayerExpGain" operation="perc_add" value="-.375"/>
			</effect_group>
		</buff>
		<buff name="buffpvp2" name_key="pvpBuffName" description_key="buffpvpDesc" tooltip_key="buffpvpTooltip" icon="ui_game_symbol_knife" icon_color="255,0,0 ">
			<stack_type value="ignore"/>
			<display_value_key value="buffPvpNameShort"/>
			<display_value value="xxx"/>
			<effect_group>
				<triggered_effect trigger="onSelfEnteredGame" action="RemoveBuff" buff="buffpvp"/>
				<triggered_effect trigger="onSelfEnteredGame" action="RemoveBuff" buff="buffpvp2"/>
			</effect_group>
		</buff>
	</append>

</configs>
