<configs>
	<append xpath="/buffs/buff[@name='buffStatusCheck01']/effect_group">
		<triggered_effect trigger="onSelfBuffStart" action="AddBuff" buff="buffxpst"/>
		<triggered_effect trigger="onSelfBuffUpdate" action="RemoveBuff" buff="buffxpst">
			<requirement name="PlayerLevel" operation="GT" value="100"/>
		</triggered_effect>
	</append>
	<append xpath="buffs/buff[@name='buffStatusCheck01']/effect_group/triggered_effect[@trigger='onSelfFallImpact']">
		<requirement name="NotHasBuff" buff="AguaDivina"/>
		<requirement name="NotHasBuff" buff="buffHeal"/>
	</append>

	<append xpath="/buffs">
		<buff name="buffHeal" name_key="ProtectDN" description_key="INDNDesc" tooltip_key="ProtectDNDesc" icon="ui_game_symbol_add" icon_color="253,238,0">
			<stack_type value="replace"/>
			<duration value="3"/>
			<display_value_format value="time"/>

			<effect_group>
				<passive_effect name="HealthLoss" operation="base_set" value="0"/>
				<passive_effect name="HealthLoss" operation="perc_set" value="0"/>

				<passive_effect name="CarryCapacity" operation="base_set" value="60"/>
				<passive_effect name="ElementalDamageResist" operation="base_add" value="2000" tags="cold,heat,electrical"/>
				<passive_effect name="PhysicalDamageResist" operation="base_add" value="2000"/>
				<passive_effect name="PhysicalDamageResist" operation="base_add" value="2000" tags="coredamageresist"/>
				<passive_effect name="ElementalDamageResist" operation="base_add" value="2000" tags="heat,electrical"/>
				<passive_effect name="HypothermalResist" operation="base_add" value="100"/>
				<passive_effect name="HyperthermalResist" operation="base_add" value="100"/>
				<passive_effect name="HealthLoss" operation="perc_add" value="-1.2"/>
				<triggered_effect trigger="onSelfBuffUpdate" action="RemoveAllNegativeBuffs"/>
				<triggered_effect trigger="onSelfBuffUpdate" action="AddBuff" buff="buffPerkAbilityUpdate"/>
				<triggered_effect trigger="onSelfBuffRemove" action="AddBuff" buff="buffPerkAbilityUpdate"/>
				<triggered_effect trigger="onSelfBuffUpdate" action="ModifyStats" stat="Health" operation="set" value="25000"/>
				<triggered_effect trigger="onSelfBuffUpdate" action="ModifyStats" stat="Food" operation="set" value="25000"/>
				<triggered_effect trigger="onSelfBuffUpdate" action="ModifyStats" stat="Water" operation="set" value="25000"/>
				<triggered_effect trigger="onSelfBuffUpdate" action="ModifyStats" stat="Stamina" operation="set" value="25000"/>
				<triggered_effect trigger="onSelfBuffStart" action="ModifyCVar" cvar="$armHurtCounter" operation="set" value="0"/>
				<triggered_effect trigger="onSelfBuffStart" action="ModifyCVar" cvar="$legHurtCounter" operation="set" value="0"/>
				<triggered_effect trigger="onSelfBuffStart" action="ModifyCVar" cvar="healAbrasionMult" operation="set" value="0"/>
			</effect_group>
		</buff>

		<buff name="turretaugerdeco" hidden="true">
			<stack_type value="ignore"/>
			<effect_group>
				<triggered_effect trigger="onSelfBuffStart" action="SetTransformActive" active="false" parent_transform="Base" transform_path="BarrelMesh"/>
				<triggered_effect trigger="onSelfBuffStart" action="SetTransformActive" active="false" parent_transform="Gun" transform_path="turret_targeting"/>
			</effect_group>
		</buff>

		<buff name="buffxpst" name_key="buffxpstn" description_key="buffxpstdesc" icon="ui_game_symbol_star" remove_on_death="false" icon_color="0,255,255">
			<stack_type value="ignore"/>
			<effect_group>
				<passive_effect name="PlayerExpGain" operation="perc_add" value=".5"/>
			</effect_group>
		</buff>

		<buff name="AguaDivina" name_key="INDN" description_key="INDNDesc" tooltip_key="buffGodModeTooltip" icon="ui_game_symbol_add" icon_color="0,255,255">
			<stack_type value="replace"/>
			<duration value="0"/>
			<display_value value=".AguaDivinaDisplay"/>
			<display_value_format value="time"/>
			<effect_group>
				<triggered_effect trigger="onSelfBuffUpdate" action="ModifyCVar" cvar="$AguaDivinaDuration" operation="subtract" value="@$MetabolismDuration"/>
				<triggered_effect trigger="onSelfBuffUpdate" action="ModifyCVar" cvar=".AguaDivinaDisplay" operation="set" value="@$AguaDivinaDuration"/>
				<triggered_effect trigger="onSelfBuffUpdate" action="ModifyCVar" cvar=".AguaDivinaDisplay" operation="divide" value="@$MetabolismDuration"/>
			</effect_group>
			<effect_group>
				<requirement name="CVarCompare" cvar="$AguaDivinaDuration" operation="LTE" value="0"/>
				<triggered_effect trigger="onSelfBuffRemove" action="ModifyCVar" cvar=".AguaDivinaDisplay" operation="set" value="0"/>
				<triggered_effect trigger="onSelfBuffUpdate" action="ModifyCVar" cvar="$AguaDivinaDuration" operation="set" value="0"/>
				<triggered_effect trigger="onSelfBuffUpdate" action="RemoveBuff" buff="AguaDivina"/>
			</effect_group>
			<effect_group>

				<!-- pasivos de proteccion -->
				<passive_effect name="ElementalDamageResist" operation="base_add" value="2000" tags="cold,heat,electrical"/>
				<passive_effect name="PhysicalDamageResist" operation="base_add" value="2000"/>
				<passive_effect name="PhysicalDamageResist" operation="base_add" value="2000" tags="coredamageresist"/>
				<passive_effect name="ElementalDamageResist" operation="base_add" value="2000" tags="heat,electrical"/>
				<passive_effect name="HypothermalResist" operation="base_add" value="100"/>
				<passive_effect name="HyperthermalResist" operation="base_add" value="100"/>
				<!-- curacion inmediata -->
				<passive_effect name="HealthLoss" operation="base_set" value="0"/>
				<passive_effect name="HealthLoss" operation="perc_set" value="0"/>
				<passive_effect name="HealthLoss" operation="perc_add" value="-1.2"/>
				<triggered_effect trigger="onSelfBuffUpdate" action="ModifyStats" stat="Health" operation="set" value="25000"/>
				<triggered_effect trigger="onSelfBuffUpdate" action="ModifyStats" stat="Food" operation="set" value="25000"/>
				<triggered_effect trigger="onSelfBuffUpdate" action="ModifyStats" stat="Water" operation="set" value="25000"/>
				<triggered_effect trigger="onSelfBuffUpdate" action="ModifyStats" stat="Stamina" operation="set" value="25000"/>
				<!-- Remueve efectos negativos -->
				<triggered_effect trigger="onSelfBuffUpdate" action="RemoveAllNegativeBuffs"/>
				<triggered_effect trigger="onSelfBuffUpdate" action="AddBuff" buff="buffPerkAbilityUpdate"/>
				<triggered_effect trigger="onSelfBuffRemove" action="AddBuff" buff="buffPerkAbilityUpdate"/>
				<triggered_effect trigger="onSelfBuffStart" action="ModifyCVar" cvar="$armHurtCounter" operation="set" value="0"/>
				<triggered_effect trigger="onSelfBuffStart" action="ModifyCVar" cvar="$legHurtCounter" operation="set" value="0"/>
				<triggered_effect trigger="onSelfBuffStart" action="ModifyCVar" cvar="healAbrasionMult" operation="set" value="0"/>
				<triggered_effect trigger="onSelfBuffStart" action="ModifyCVar" cvar="$abrasionHealthMaxBlockage" operation="set" value="0"/>
				<triggered_effect trigger="onSelfBuffStart" action="ModifyCVar" cvar="$abrasionCounter" operation="set" value="0"/>
				<triggered_effect trigger="onSelfBuffStart" action="ModifyCVar" cvar="$buffDrugPainkillersDuration" operation="set" value="0"/>
				<triggered_effect trigger="onSelfBuffStack" action="ModifyCVar" cvar="$buffDrugPainkillersDuration" operation="set" value="0"/>
				<!--Balance de venta-->
				<triggered_effect trigger="onSelfBuffStart" action="RemoveBuff" buff="buffDrugSugarButts"/>
				<triggered_effect trigger="onSelfBuffStack" action="RemoveBuff" buff="buffDrugSugarButts"/>
				<triggered_effect trigger="onSelfBuffStart" action="ModifyCVar" cvar="$buffDrugSugarButtsDuration" operation="set" value="0"/>
				<triggered_effect trigger="onSelfBuffStack" action="ModifyCVar" cvar="$buffDrugSugarButtsDuration" operation="set" value="0"/>

				<triggered_effect trigger="onSelfBuffStart" action="RemoveBuff" buff="buffPumpkinCheesecake"/>
				<triggered_effect trigger="onSelfBuffStack" action="RemoveBuff" buff="buffPumpkinCheesecake"/>
				<triggered_effect trigger="onSelfBuffStart" action="ModifyCVar" cvar="$buffPumpkinCheesecakeDuration" operation="set" value="0"/>
				<triggered_effect trigger="onSelfBuffStack" action="ModifyCVar" cvar="$buffPumpkinCheesecakeDuration" operation="set" value="0"/>

				<triggered_effect trigger="onSelfBuffStart" action="RemoveBuff" buff="buffDrunkGrandpasAwesomeSauce"/>
				<triggered_effect trigger="onSelfBuffStack" action="RemoveBuff" buff="buffDrunkGrandpasAwesomeSauce"/>
				<triggered_effect trigger="onSelfBuffStack" action="ModifyCVar" cvar="$buffGrandpasAwesomeSauceDuration" operation="set" value="0"/>
				<triggered_effect trigger="onSelfBuffStart" action="ModifyCVar" cvar="$buffGrandpasAwesomeSauceDuration" operation="set" value="0"/>

				<triggered_effect trigger="onSelfBuffStart" action="RemoveBuff" buff="buffComenciant"/>
				<triggered_effect trigger="onSelfBuffStart" action="RemoveBuff" buff="mumySPBuff"/>
				<triggered_effect trigger="onSelfBuffStart" action="RemoveBuff" buff="juggerSPBuff"/>
				<triggered_effect trigger="onSelfBuffStart" action="RemoveBuff" buff="knightSPBuff"/>
				<triggered_effect trigger="onSelfBuffStart" action="RemoveBuff" buff="soldierSPBuff"/>
				<triggered_effect trigger="onSelfBuffStart" action="RemoveBuff" buff="buffuwu"/>

				<triggered_effect trigger="onSelfBuffStack" action="RemoveBuff" buff="buffComenciant"/>
				<triggered_effect trigger="onSelfBuffStack" action="RemoveBuff" buff="mumySPBuff"/>
				<triggered_effect trigger="onSelfBuffStack" action="RemoveBuff" buff="juggerSPBuff"/>
				<triggered_effect trigger="onSelfBuffStack" action="RemoveBuff" buff="knightSPBuff"/>
				<triggered_effect trigger="onSelfBuffStack" action="RemoveBuff" buff="soldierSPBuff"/>
				<triggered_effect trigger="onSelfBuffStack" action="RemoveBuff" buff="buffuwu"/>
				<!-- Remuve xp negativa -->
				<triggered_effect trigger="onSelfBuffUpdate" action="GiveExp" exp="10000">
					<requirement name="CVarCompare" cvar="_expdeficit" operation="GTE" value="10000"/>
				</triggered_effect>
				<triggered_effect trigger="onSelfBuffUpdate" action="GiveExp" exp="2500">
					<requirement name="CVarCompare" cvar="_expdeficit" operation="GTE" value="2500"/>
				</triggered_effect>
				<triggered_effect trigger="onSelfBuffUpdate" action="GiveExp" exp="600">
					<requirement name="CVarCompare" cvar="_expdeficit" operation="GTE" value="600"/>
				</triggered_effect>
				<triggered_effect trigger="onSelfBuffUpdate" action="GiveExp" exp="150">
					<requirement name="CVarCompare" cvar="_expdeficit" operation="GTE" value="150"/>
				</triggered_effect>
				<triggered_effect trigger="onSelfBuffUpdate" action="GiveExp" exp="40">
					<requirement name="CVarCompare" cvar="_expdeficit" operation="GTE" value="40"/>
				</triggered_effect>
				<triggered_effect trigger="onSelfBuffUpdate" action="GiveExp" exp="10">
					<requirement name="CVarCompare" cvar="_expdeficit" operation="GT" value="0"/>
				</triggered_effect>
			</effect_group>
		</buff>

		<buff name="OP!" name_key="op1" description_key="op1desc" remove_on_death="false" icon="ui_game_symbol_map_cursor" icon_color="124,0,0">
			<stack_type value="replace"/>
			<duration value="0"/>
			<display_value value=".opDisplay"/>
			<display_value_format value="time"/>
			<effect_group>
				<triggered_effect trigger="onSelfBuffUpdate" action="ModifyCVar" cvar="$opDuration" operation="subtract" value="@$MetabolismDuration"/>

				<triggered_effect trigger="onSelfBuffUpdate" action="ModifyCVar" cvar=".opDisplay" operation="set" value="@$opDuration"/>
				<triggered_effect trigger="onSelfBuffUpdate" action="ModifyCVar" cvar=".opDisplay" operation="divide" value="@$MetabolismDuration"/>
			</effect_group>

			<effect_group>
				<requirement name="CVarCompare" cvar="$opDuration" operation="LTE" value="0"/>
				<triggered_effect trigger="onSelfBuffRemove" action="ModifyCVar" cvar=".opDisplay" operation="set" value="0"/>
				<triggered_effect trigger="onSelfBuffUpdate" action="ModifyCVar" cvar="$opDuration" operation="set" value="0"/>
				<triggered_effect trigger="onSelfBuffUpdate" action="RemoveBuff" buff="OP!"/>
			</effect_group>
			<effect_group>
				<passive_effect name="EntityDamage" operation="perc_add" value="3">
					<requirement name="HoldingItemHasTags" tags="ranged"/>
				</passive_effect>
				<passive_effect name="EntityDamage" operation="perc_add" value="3">
					<requirement name="HoldingItemHasTags" tags="perkBrawler"/>
				</passive_effect>
				<!--<passive_effect name="PhysicalDamageResist" operation="base_add" value="6.5" tags="coredamageresist"/>-->
				<passive_effect name="AttributeLevel" tags="attPerception" operation="base_add" value="2"/>
				<passive_effect name="AttributeLevel" tags="attFortitude" operation="base_add" value="2"/>
				<passive_effect name="AttributeLevel" tags="attAgility" operation="base_add" value="2"/>
				<passive_effect name="AttributeLevel" tags="attIntellect" operation="base_add" value="2"/>
				<passive_effect name="AttributeLevel" tags="attStrength" operation="base_add" value="2"/>
				<triggered_effect trigger="onSelfBuffStart" action="AddBuff" buff="buffPerkAbilityUpdate"/>
				<triggered_effect trigger="onSelfBuffRemove" action="AddBuff" buff="buffPerkAbilityUpdate"/>
				<passive_effect name="GeneralDamageResist" operation="base_add" value="0.5"/>
			</effect_group>

		</buff>

		<buff name="OP2!" name_key="op2" description_key="op2desc" remove_on_death="false" icon="ui_game_symbol_agility" icon_color="0,124,0">
			<stack_type value="replace"/>
			<duration value="0"/>
			<display_value value=".op2Display"/>
			<display_value_format value="time"/>
			<effect_group>
				<triggered_effect trigger="onSelfBuffUpdate" action="ModifyCVar" cvar="$op2Duration" operation="subtract" value="@$MetabolismDuration"/>
				<triggered_effect trigger="onSelfBuffUpdate" action="ModifyCVar" cvar=".op2Display" operation="set" value="@$op2Duration"/>
				<triggered_effect trigger="onSelfBuffUpdate" action="ModifyCVar" cvar=".op2Display" operation="divide" value="@$MetabolismDuration"/>
			</effect_group>

			<effect_group>
				<requirement name="CVarCompare" cvar="$op2Duration" operation="LTE" value="0"/>
				<triggered_effect trigger="onSelfBuffRemove" action="ModifyCVar" cvar=".op2Display" operation="set" value="0"/>
				<triggered_effect trigger="onSelfBuffUpdate" action="ModifyCVar" cvar="$op2Duration" operation="set" value="0"/>
				<triggered_effect trigger="onSelfBuffUpdate" action="RemoveBuff" buff="OP2!"/>
			</effect_group>
			<effect_group>
				<passive_effect name="BarteringBuying" operation="base_add" value=".40"/>
				<passive_effect name="BarteringSelling" operation="base_add" value=".35"/>
				<passive_effect name="RunSpeed" operation="perc_add" value=".7"/>
				<passive_effect name="WalkSpeed" operation="perc_add" value=".5"/>
				<passive_effect name="StaminaChangeOT" operation="perc_add" value="0.6">
					<requirement name="NotHasBuff" buff="buffHealWaterMax"/>
				</passive_effect>
				<passive_effect name="StaminaChangeOT" operation="perc_add" value="0.4">
					<requirement name="HasBuff" buff="buffHealWaterMax"/>
				</passive_effect>
			</effect_group>

		</buff>

		<buff name="OP3!" name_key="op3" description_key="op3desc" remove_on_death="false" icon="ui_game_symbol_defense" icon_color="0,0,124">
			<stack_type value="replace"/>
			<duration value="0"/>
			<display_value value=".op3Display"/>
			<display_value_format value="time"/>
			<effect_group>
				<triggered_effect trigger="onSelfBuffUpdate" action="ModifyCVar" cvar="$op3Duration" operation="subtract" value="@$MetabolismDuration"/>
				<triggered_effect trigger="onSelfBuffUpdate" action="ModifyCVar" cvar=".op3Display" operation="set" value="@$op3Duration"/>
				<triggered_effect trigger="onSelfBuffUpdate" action="ModifyCVar" cvar=".op3Display" operation="divide" value="@$MetabolismDuration"/>
			</effect_group>
			<effect_group>
				<requirement name="CVarCompare" cvar="$op3Duration" operation="LTE" value="0"/>
				<triggered_effect trigger="onSelfBuffRemove" action="ModifyCVar" cvar=".op3Display" operation="set" value="0"/>
				<triggered_effect trigger="onSelfBuffUpdate" action="ModifyCVar" cvar="$op3Duration" operation="set" value="0"/>
				<triggered_effect trigger="onSelfBuffUpdate" action="RemoveBuff" buff="OP3!"/>

			</effect_group>
			<effect_group>
				<passive_effect name="WaterLossPerStaminaPointGained" operation="perc_subtract" value="0.3"/>
				<passive_effect name="PlayerExpGain" operation="perc_add" value=".6"/>
				<passive_effect name="BuffResistance" operation="base_add" value="2" tags="buffIllFoodPoisoning01,buffDysenteryCatch,buffInjuryAbrasion,buffFatigued,buffLegSprained,buffLaceration,buffAbrasionCatch"/>
				<passive_effect name="BuffResistance" operation="base_add" value="2" tags="buffInfectionCatch,buffInfection01Main,buffInjuryBleeding,buffDrowning01,buffDrowning02,buffArmorShredding,buffLegSprainedFallTrigger,buffLegBroken,buffArmSprained"/>
				<passive_effect name="BuffResistance" operation="base_add" value="2" tags="buffArmBroken,buffInjuryStunned01,buffInjuryStunned02,buffInjuryStunned03,buffInjuryCrippled01,buffInjuryKnockdown01,buffInjuryKnockdown01,buffInjuryUnconscious,buffStayDownKO"/>
				<passive_effect name="BuffResistance" operation="base_add" value="2" tags="buffInjuryConcussion,buffShocked,buffBurningElement,buffBurningEnvironment,buffBurningFlamingArrow,buffBurningMolotov,buffBurning"/>

				<passive_effect name="CarryCapacity" operation="base_set" value="60"/>
				<passive_effect name="ElementalDamageResist" operation="base_add" value="200" tags="cold,heat,electrical"/>
				<passive_effect name="HyperthermalResist" operation="base_add" value="200"/>
				<passive_effect name="HypothermalResist" operation="base_add" value="200"/>
				<passive_effect name="JumpStrength" operation="base_add" value=".05"/>
				<passive_effect name="ExpDeficitPerDeathPercentage" operation="base_set" value="0"/>
				<passive_effect name="ExpDeficitMaxPercentage" operation="base_set" value="0"/>
			</effect_group>
		</buff>

		<buff name="mumySPBuff" name_key="mumySPBuffName" description_key="mumySPBuffDesc" remove_on_death="false" tooltip_key="optip" icon="ui_game_symbol_defense" icon_color="0,255,255">
			<stack_type value="replace"/>
			<duration value="0"/>
			<display_value value=".mumyconsuDisplay"/>
			<display_value_format value="time"/>
			<effect_group>
				<triggered_effect trigger="onSelfBuffStart" action="ModifyCVar" cvar="$mumyconsuDuration" operation="set" value="1800"/>
				<triggered_effect trigger="onSelfBuffStack" action="ModifyCVar" cvar="$mumyconsuDuration" operation="set" value="1800"/>

				<triggered_effect trigger="onSelfBuffUpdate" action="ModifyCVar" cvar="$mumyconsuDuration" operation="subtract" value="@$MetabolismDuration"/>
				<triggered_effect trigger="onSelfBuffUpdate" action="ModifyCVar" cvar=".mumyconsuDisplay" operation="set" value="@$mumyconsuDuration"/>
				<triggered_effect trigger="onSelfBuffUpdate" action="ModifyCVar" cvar=".mumyconsuDisplay" operation="divide" value="@$MetabolismDuration"/>
			</effect_group>
			<effect_group>
				<requirement name="CVarCompare" cvar="$mumyconsuDuration" operation="LTE" value="0"/>
				<triggered_effect trigger="onSelfBuffRemove" action="ModifyCVar" cvar=".mumyconsuDisplay" operation="set" value="0"/>
				<triggered_effect trigger="onSelfBuffRemove" action="ModifyCVar" cvar="$mumyconsuDuration" operation="set" value="0"/>
				<triggered_effect trigger="onSelfBuffUpdate" action="RemoveBuff" buff="mumySPBuff"/>
			</effect_group>
			<effect_group>
				<passive_effect name="WaterLossPerStaminaPointGained" operation="perc_subtract" value="0.3"/>
				<passive_effect name="PlayerExpGain" operation="perc_add" value=".5"/>
				<passive_effect name="ExpDeficitPerDeathPercentage" operation="base_set" value="0"/>
				<passive_effect name="ExpDeficitMaxPercentage" operation="base_set" value="0"/>

				<triggered_effect trigger="onSelfBuffUpdate" action="GiveExp" exp="10000">
					<requirement name="CVarCompare" cvar="_expdeficit" operation="GTE" value="10000"/>
				</triggered_effect>
				<triggered_effect trigger="onSelfBuffUpdate" action="GiveExp" exp="2500">
					<requirement name="CVarCompare" cvar="_expdeficit" operation="GTE" value="2500"/>
				</triggered_effect>
				<triggered_effect trigger="onSelfBuffUpdate" action="GiveExp" exp="600">
					<requirement name="CVarCompare" cvar="_expdeficit" operation="GTE" value="600"/>
				</triggered_effect>
				<triggered_effect trigger="onSelfBuffUpdate" action="GiveExp" exp="150">
					<requirement name="CVarCompare" cvar="_expdeficit" operation="GTE" value="150"/>
				</triggered_effect>
				<triggered_effect trigger="onSelfBuffUpdate" action="GiveExp" exp="40">
					<requirement name="CVarCompare" cvar="_expdeficit" operation="GTE" value="40"/>
				</triggered_effect>
				<triggered_effect trigger="onSelfBuffUpdate" action="GiveExp" exp="10">
					<requirement name="CVarCompare" cvar="_expdeficit" operation="GT" value="0"/>
				</triggered_effect>
			</effect_group>

		</buff>
		<buff name="juggerSPBuff" name_key="juggerSPBuffName" description_key="juggerSPBuffDesc" remove_on_death="false" tooltip_key="optip" icon="ui_game_symbol_map_cursor" icon_color="0,255,255">
			<stack_type value="replace"/>
			<duration value="0"/>
			<display_value value=".juggerConsuDisplay"/>
			<display_value_format value="time"/>
			<effect_group>
				<triggered_effect trigger="onSelfBuffStart" action="ModifyCVar" cvar="$juggerConsuDuration" operation="set" value="600"/>
				<triggered_effect trigger="onSelfBuffStack" action="ModifyCVar" cvar="$juggerConsuDuration" operation="set" value="600"/>

				<triggered_effect trigger="onSelfBuffUpdate" action="ModifyCVar" cvar="$juggerConsuDuration" operation="subtract" value="@$MetabolismDuration"/>
				<triggered_effect trigger="onSelfBuffUpdate" action="ModifyCVar" cvar=".juggerConsuDisplay" operation="set" value="@$juggerConsuDuration"/>
				<triggered_effect trigger="onSelfBuffUpdate" action="ModifyCVar" cvar=".juggerConsuDisplay" operation="divide" value="@$MetabolismDuration"/>
			</effect_group>

			<effect_group>
				<requirement name="CVarCompare" cvar="$juggerConsuDuration" operation="LTE" value="0"/>
				<triggered_effect trigger="onSelfBuffRemove" action="ModifyCVar" cvar=".juggerConsuDisplay" operation="set" value="0"/>
				<triggered_effect trigger="onSelfBuffUpdate" action="ModifyCVar" cvar="$juggerConsuDuration" operation="set" value="0"/>
				<triggered_effect trigger="onSelfBuffUpdate" action="RemoveBuff" buff="juggerSPBuff"/>
			</effect_group>
			<effect_group>
				<passive_effect name="EntityDamage" operation="perc_add" value="1.5">
					<requirement name="HoldingItemHasTags" tags="ranged"/>
				</passive_effect>
				<passive_effect name="EntityDamage" operation="perc_add" value="1.5">
					<requirement name="HoldingItemHasTags" tags="perkBrawler"/>
				</passive_effect>
				<!--<passive_effect name="PhysicalDamageResist" operation="base_add" value="6.5" tags="coredamageresist"/>-->
				<passive_effect name="AttributeLevel" tags="attPerception" operation="base_add" value="1"/>
				<passive_effect name="AttributeLevel" tags="attFortitude" operation="base_add" value="1"/>
				<passive_effect name="AttributeLevel" tags="attAgility" operation="base_add" value="1"/>
				<passive_effect name="AttributeLevel" tags="attIntellect" operation="base_add" value="1"/>
				<passive_effect name="AttributeLevel" tags="attStrength" operation="base_add" value="1"/>
				<triggered_effect trigger="onSelfBuffStart" action="AddBuff" buff="buffPerkAbilityUpdate"/>
				<triggered_effect trigger="onSelfBuffRemove" action="AddBuff" buff="buffPerkAbilityUpdate"/>
			</effect_group>
		</buff>
		<buff name="knightSPBuff" name_key="knightSPBuffName" description_key="knightSPBuffDesc" remove_on_death="false" tooltip_key="optip" icon="ui_game_symbol_light_armor2" icon_color="0,255,255">
			<stack_type value="replace"/>
			<duration value="0"/>
			<display_value value=".knightConsu"/>
			<display_value_format value="time"/>
			<effect_group>
				<triggered_effect trigger="onSelfBuffStart" action="ModifyCVar" cvar="$knightConsuDuration" operation="set" value="600"/>
				<triggered_effect trigger="onSelfBuffStack" action="ModifyCVar" cvar="$knightConsuDuration" operation="set" value="600"/>

				<triggered_effect trigger="onSelfBuffUpdate" action="ModifyCVar" cvar="$knightConsuDuration" operation="subtract" value="@$MetabolismDuration"/>
				<triggered_effect trigger="onSelfBuffUpdate" action="ModifyCVar" cvar=".knightConsu" operation="set" value="@$knightConsuDuration"/>
				<triggered_effect trigger="onSelfBuffUpdate" action="ModifyCVar" cvar=".knightConsu" operation="divide" value="@$MetabolismDuration"/>
			</effect_group>

			<effect_group>
				<requirement name="CVarCompare" cvar="$knightConsuDuration" operation="LTE" value="0"/>
				<triggered_effect trigger="onSelfBuffRemove" action="ModifyCVar" cvar=".knightConsu" operation="set" value="0"/>
				<triggered_effect trigger="onSelfBuffUpdate" action="ModifyCVar" cvar="$knightConsuDuration" operation="set" value="0"/>
				<triggered_effect trigger="onSelfBuffUpdate" action="RemoveBuff" buff="knightSPBuff"/>
			</effect_group>
			<effect_group>>
				<!--<passive_effect name="PhysicalDamageResist" operation="base_add" value="6.5" tags="coredamageresist"/>-->
				<passive_effect name="AttributeLevel" tags="attPerception" operation="base_add" value="1"/>
				<passive_effect name="AttributeLevel" tags="attFortitude" operation="base_add" value="1"/>
				<passive_effect name="AttributeLevel" tags="attAgility" operation="base_add" value="1"/>
				<passive_effect name="AttributeLevel" tags="attIntellect" operation="base_add" value="1"/>
				<passive_effect name="AttributeLevel" tags="attStrength" operation="base_add" value="1"/>
				<passive_effect name="HypothermalResist" operation="base_add" value="30"/>
				<passive_effect name="HyperthermalResist" operation="base_add" value="30"/>
				<passive_effect name="GeneralDamageResist" operation="base_add" value="0.6"/>
				<triggered_effect trigger="onSelfBuffStart" action="AddBuff" buff="buffPerkAbilityUpdate"/>
				<triggered_effect trigger="onSelfBuffRemove" action="AddBuff" buff="buffPerkAbilityUpdate"/>
			</effect_group>

		</buff>
		<buff name="soldierSPBuff" name_key="soldierSPBuffName" description_key="soldierSPBuffDesc" remove_on_death="false" tooltip_key="optip" icon="ui_game_symbol_electric_power" icon_color="0,255,255">
			<stack_type value="replace"/>
			<duration value="0"/>
			<display_value value=".soldierConsuDisplay"/>
			<display_value_format value="time"/>
			<effect_group>
				<triggered_effect trigger="onSelfBuffStart" action="RemoveBuff" buff="buffComenciant"/>
				<triggered_effect trigger="onSelfBuffStack" action="RemoveBuff" buff="buffComenciant"/>

				<triggered_effect trigger="onSelfBuffStart" action="RemoveBuff" buff="buffDrugSugarButts"/>
				<triggered_effect trigger="onSelfBuffStack" action="RemoveBuff" buff="buffDrugSugarButts"/>
				<triggered_effect trigger="onSelfBuffStart" action="ModifyCVar" cvar="$buffDrugSugarButtsDuration" operation="set" value="0"/>
				<triggered_effect trigger="onSelfBuffStack" action="ModifyCVar" cvar="$buffDrugSugarButtsDuration" operation="set" value="0"/>

				<triggered_effect trigger="onSelfBuffStart" action="RemoveBuff" buff="buffPumpkinCheesecake"/>
				<triggered_effect trigger="onSelfBuffStack" action="RemoveBuff" buff="buffPumpkinCheesecake"/>
				<triggered_effect trigger="onSelfBuffStart" action="ModifyCVar" cvar="$buffPumpkinCheesecakeDuration" operation="set" value="0"/>
				<triggered_effect trigger="onSelfBuffStack" action="ModifyCVar" cvar="$buffPumpkinCheesecakeDuration" operation="set" value="0"/>

				<triggered_effect trigger="onSelfBuffStart" action="RemoveBuff" buff="buffDrunkGrandpasAwesomeSauce"/>
				<triggered_effect trigger="onSelfBuffStack" action="RemoveBuff" buff="buffDrunkGrandpasAwesomeSauce"/>
				<triggered_effect trigger="onSelfBuffStack" action="ModifyCVar" cvar="$buffGrandpasAwesomeSauceDuration" operation="set" value="0"/>
				<triggered_effect trigger="onSelfBuffStart" action="ModifyCVar" cvar="$buffGrandpasAwesomeSauceDuration" operation="set" value="0"/>

				<triggered_effect trigger="onSelfBuffStart" action="ModifyCVar" cvar="$soldierConsuDuration" operation="set" value="1800"/>
				<triggered_effect trigger="onSelfBuffStack" action="ModifyCVar" cvar="$soldierConsuDuration" operation="set" value="1800"/>

				<triggered_effect trigger="onSelfBuffUpdate" action="ModifyCVar" cvar="$soldierConsuDuration" operation="subtract" value="@$MetabolismDuration"/>
				<triggered_effect trigger="onSelfBuffUpdate" action="ModifyCVar" cvar=".soldierConsuDisplay" operation="set" value="@$soldierConsuDuration"/>
				<triggered_effect trigger="onSelfBuffUpdate" action="ModifyCVar" cvar=".soldierConsuDisplay" operation="divide" value="@$MetabolismDuration"/>
			</effect_group>

			<effect_group>
				<requirement name="CVarCompare" cvar="$soldierConsuDuration" operation="LTE" value="0"/>
				<triggered_effect trigger="onSelfBuffRemove" action="ModifyCVar" cvar=".soldierConsuDisplay" operation="set" value="0"/>
				<triggered_effect trigger="onSelfBuffUpdate" action="ModifyCVar" cvar="$soldierConsuDuration" operation="set" value="0"/>
				<triggered_effect trigger="onSelfBuffUpdate" action="RemoveBuff" buff="soldierSPBuff"/>
			</effect_group>

			<effect_group>

				<passive_effect name="BarteringBuying" operation="base_add" value=".35"/>
				<passive_effect name="BarteringSelling" operation="base_add" value=".35"/>
				<passive_effect name="RunSpeed" operation="perc_add" value=".6"/>
				<passive_effect name="WalkSpeed" operation="perc_add" value=".4"/>
				<passive_effect name="StaminaChangeOT" operation="perc_add" value="0.6">
					<requirement name="NotHasBuff" buff="buffHealWaterMax"/>
				</passive_effect>
				<passive_effect name="StaminaChangeOT" operation="perc_add" value="0.4">
					<requirement name="HasBuff" buff="buffHealWaterMax"/>
				</passive_effect>
			</effect_group>

		</buff>
		<buff name="buffuwu" name_key="uwu" description_key="uwu" remove_on_death="false" tooltip_key="uwu" icon="ui_game_symbol_add" icon_color="0,255,255">
			<stack_type value="replace"/>
			<duration value="0"/>
			<display_value value=".uwuDisplay"/>
			<display_value_format value="time"/>
			<effect_group>
				<triggered_effect trigger="onSelfBuffStart" action="ModifyCVar" cvar="$uwuDuration" operation="set" value="3600"/>
				<triggered_effect trigger="onSelfBuffStack" action="ModifyCVar" cvar="$uwuDuration" operation="set" value="3600"/>

				<triggered_effect trigger="onSelfBuffUpdate" action="ModifyCVar" cvar="$uwuDuration" operation="subtract" value="@$MetabolismDuration"/>
				<triggered_effect trigger="onSelfBuffUpdate" action="ModifyCVar" cvar=".uwuDisplay" operation="set" value="@$uwuDuration"/>
				<triggered_effect trigger="onSelfBuffUpdate" action="ModifyCVar" cvar=".uwuDisplay" operation="divide" value="@$MetabolismDuration"/>

				<triggered_effect trigger="onSelfBuffUpdate" action="RemoveBuff" buff="buffuwu">
					<requirement name="HasBuff" buff="OP3!"/>
				</triggered_effect>

			</effect_group>
			<effect_group>
				<triggered_effect trigger="onSelfBuffUpdate" action="RemoveBuff" buff="buffuwu">
					<requirement name="CVarCompare" cvar="$uwuDuration" operation="LTE" value="0"/>
				</triggered_effect>
				<triggered_effect trigger="onSelfBuffRemove" action="ModifyCVar" cvar=".uwuDisplay" operation="set" value="0"/>
				<triggered_effect trigger="onSelfBuffRemove" action="ModifyCVar" cvar="$uwuDuration" operation="set" value="0"/>
			</effect_group>
			<effect_group>
				<passive_effect name="ElementalDamageResist" operation="base_add" value="500" tags="cold,heat,electrical"/>
				<passive_effect name="ElementalDamageResist" operation="base_add" value="500" tags="heat,electrical"/>
				<passive_effect name="CarryCapacity" operation="base_set" value="60"/>
				<passive_effect name="ExpDeficitPerDeathPercentage" operation="base_set" value="0"/>
				<passive_effect name="ExpDeficitMaxPercentage" operation="base_set" value="0"/>
				<passive_effect name="BuffResistance" operation="base_add" value="2" tags="buffIllFoodPoisoning01,buffDysenteryCatch,buffInjuryAbrasion,buffFatigued,buffLegSprained,buffLaceration,buffAbrasionCatch"/>
				<passive_effect name="BuffResistance" operation="base_add" value="2" tags="buffInfectionCatch,buffInfection01Main,buffInjuryBleeding,buffDrowning01,buffDrowning02,buffArmorShredding,buffLegSprainedFallTrigger,buffLegBroken,buffArmSprained"/>
				<passive_effect name="BuffResistance" operation="base_add" value="2" tags="buffArmBroken,buffInjuryStunned01,buffInjuryStunned02,buffInjuryStunned03,buffInjuryCrippled01,buffInjuryKnockdown01,buffInjuryKnockdown01,buffInjuryUnconscious,buffStayDownKO"/>
				<passive_effect name="BuffResistance" operation="base_add" value="2" tags="buffInjuryConcussion,buffShocked,buffBurningElement,buffBurningEnvironment,buffBurningFlamingArrow,buffBurningMolotov,buffBurning"/>

				<triggered_effect trigger="onSelfBuffStart" action="RemoveAllNegativeBuffs"/>
				<triggered_effect trigger="onSelfBuffStack" action="RemoveAllNegativeBuffs"/>
				<triggered_effect trigger="onSelfBuffStart" action="ModifyStats" stat="Health" operation="set" value="2000"/>
				<triggered_effect trigger="onSelfBuffStack" action="ModifyStats" stat="Health" operation="set" value="2000"/>
				<triggered_effect trigger="onSelfBuffStart" action="ModifyStats" stat="Stamina" operation="set" value="2000"/>
				<triggered_effect trigger="onSelfBuffStack" action="ModifyStats" stat="Stamina" operation="set" value="2000"/>
				<triggered_effect trigger="onSelfBuffStart" action="ModifyStats" stat="Food" operation="set" value="2000"/>
				<triggered_effect trigger="onSelfBuffStart" action="ModifyStats" stat="Water" operation="set" value="2000"/>

				<triggered_effect trigger="onSelfBuffStart" action="ModifyCVar" cvar="$owoDuration" operation="set" value="0"/>
				<triggered_effect trigger="onSelfBuffStack" action="ModifyCVar" cvar="$owoDuration" operation="set" value="0"/>

				<triggered_effect trigger="onSelfBuffUpdate" action="GiveExp" exp="10000">
					<requirement name="CVarCompare" cvar="_expdeficit" operation="GTE" value="10000"/>
				</triggered_effect>
				<triggered_effect trigger="onSelfBuffUpdate" action="GiveExp" exp="2500">
					<requirement name="CVarCompare" cvar="_expdeficit" operation="GTE" value="2500"/>
				</triggered_effect>
				<triggered_effect trigger="onSelfBuffUpdate" action="GiveExp" exp="600">
					<requirement name="CVarCompare" cvar="_expdeficit" operation="GTE" value="600"/>
				</triggered_effect>
				<triggered_effect trigger="onSelfBuffUpdate" action="GiveExp" exp="150">
					<requirement name="CVarCompare" cvar="_expdeficit" operation="GTE" value="150"/>
				</triggered_effect>
				<triggered_effect trigger="onSelfBuffUpdate" action="GiveExp" exp="40">
					<requirement name="CVarCompare" cvar="_expdeficit" operation="GTE" value="40"/>
				</triggered_effect>
				<triggered_effect trigger="onSelfBuffUpdate" action="GiveExp" exp="10">
					<requirement name="CVarCompare" cvar="_expdeficit" operation="GT" value="0"/>
				</triggered_effect>
			</effect_group>

		</buff>

		<buff name="buffowo" name_key="òwó" description_key="Para balancer a todos en evento òwó" remove_on_death="false" tooltip_key="òwó" icon="ui_game_symbol_add" icon_color="255,0,0">
			<stack_type value="replace"/>
			<display_value_key value="òwó"/>
			<display_value value="xxx"/>
			<effect_group>
				<passive_effect name="AttributeLevel" tags="attPerception" operation="base_set" value="1"/>
				<passive_effect name="AttributeLevel" tags="attStrength" operation="base_set" value="1"/>
				<passive_effect name="AttributeLevel" tags="attFortitude" operation="base_set" value="1"/>
				<passive_effect name="AttributeLevel" tags="attAgility" operation="base_set" value="1"/>
				<passive_effect name="AttributeLevel" tags="attIntellect" operation="base_set" value="1"/>
				<passive_effect name="AttributeLevel" tags="special" operation="base_set" value="1"/>
				<triggered_effect trigger="onSelfBuffStart" action="RemoveAllNegativeBuffs"/>
				<triggered_effect trigger="onSelfBuffStack" action="RemoveAllNegativeBuffs"/>
				<passive_effect name="ExpDeficitPerDeathPercentage" operation="base_set" value="0"/>
				<passive_effect name="ExpDeficitMaxPercentage" operation="base_set" value="0"/>
				<passive_effect name="HealthMax" operation="base_set" value="150"/>
				<passive_effect name="StaminaMax" operation="base_set" value="150"/>
				<passive_effect name="CarryCapacity" operation="base_set" value="60"/>
				<passive_effect name="ElementalDamageResist" operation="base_add" value="500" tags="cold,heat,electrical"/>
				<passive_effect name="ElementalDamageResist" operation="base_add" value="500" tags="heat,electrical"/>
				<passive_effect name="HypothermalResist" operation="base_add" value="25"/>
				<passive_effect name="HyperthermalResist" operation="base_add" value="25"/>
				<passive_effect name="BuffResistance" operation="base_add" value="2" tags="buffLegSprainedFallTrigger,buffLegBroken,buffArmSprained"/>
				<passive_effect name="BuffResistance" operation="base_add" value="2" tags="buffArmBroken,buffInjuryCrippled01"/>

				<triggered_effect trigger="onSelfBuffStart" action="ModifyStats" stat="Health" operation="set" value="25000"/>
				<triggered_effect trigger="onSelfBuffStack" action="ModifyStats" stat="Health" operation="set" value="25000"/>
				<triggered_effect trigger="onSelfBuffStart" action="ModifyStats" stat="Stamina" operation="set" value="25000"/>
				<triggered_effect trigger="onSelfBuffStack" action="ModifyStats" stat="Stamina" operation="set" value="25000"/>
				<triggered_effect trigger="onSelfBuffStart" action="ModifyStats" stat="Food" operation="set" value="300"/>
				<triggered_effect trigger="onSelfBuffStart" action="ModifyStats" stat="Water" operation="set" value="300"/>

				<triggered_effect trigger="onSelfBuffStart" action="ModifyStats" stat="Food" operation="set" value="300"/>
				<triggered_effect trigger="onSelfBuffStack" action="ModifyStats" stat="Food" operation="set" value="300"/>
				<triggered_effect trigger="onSelfBuffStart" action="ModifyStats" stat="Water" operation="set" value="300"/>
				<triggered_effect trigger="onSelfBuffStack" action="ModifyStats" stat="Food" operation="set" value="300"/>

				<triggered_effect trigger="onSelfBuffStart" action="ModifyCVar" cvar="$buffchaleDuration" operation="set" value="0"/>
				<triggered_effect trigger="onSelfBuffStack" action="ModifyCVar" cvar="$buffchaleDuration" operation="set" value="0"/>
				<triggered_effect trigger="onSelfBuffStart" action="ModifyCVar" cvar="$opDuration" operation="set" value="0"/>
				<triggered_effect trigger="onSelfBuffStart" action="ModifyCVar" cvar="$op2Duration" operation="set" value="0"/>
				<triggered_effect trigger="onSelfBuffStart" action="ModifyCVar" cvar="$op3Duration" operation="set" value="0"/>
				<triggered_effect trigger="onSelfBuffStack" action="ModifyCVar" cvar="$opDuration" operation="set" value="0"/>
				<triggered_effect trigger="onSelfBuffStack" action="ModifyCVar" cvar="$op2Duration" operation="set" value="0"/>
				<triggered_effect trigger="onSelfBuffStack" action="ModifyCVar" cvar="$op3Duration" operation="set" value="0"/>
				<triggered_effect trigger="onSelfBuffStart" action="ModifyCVar" cvar="$uwuDuration" operation="set" value="0"/>
				<triggered_effect trigger="onSelfBuffStack" action="ModifyCVar" cvar="$uwuDuration" operation="set" value="0"/>
				<triggered_effect trigger="onSelfBuffStart" action="RemoveBuff" buff="buffFoodStaminaBonus"/>

				<triggered_effect trigger="onSelfBuffStart" action="ModifyCVar" cvar="$buffDrugVitaminsDuration" operation="set" value="0"/>
				<triggered_effect trigger="onSelfBuffStart" action="ModifyCVar" cvar="$buffDrugPainkillersDuration" operation="set" value="0"/>
				<triggered_effect trigger="onSelfBuffStart" action="ModifyCVar" cvar="$buffDrugSteroidsDuration" operation="set" value="0"/>
				<triggered_effect trigger="onSelfBuffStart" action="ModifyCVar" cvar="$buffDrugRecogDuration" operation="set" value="0"/>
				<triggered_effect trigger="onSelfBuffStart" action="ModifyCVar" cvar="$buffDrugFortBitesDuration" operation="set" value="0"/>
				<triggered_effect trigger="onSelfBuffStart" action="ModifyCVar" cvar="$buffDrugAtomJunkiesDuration" operation="set" value="0"/>
				<triggered_effect trigger="onSelfBuffStart" action="ModifyCVar" cvar="$buffDrugCovertCatsDuration" operation="set" value="0"/>
				<triggered_effect trigger="onSelfBuffStart" action="ModifyCVar" cvar="$buffDrugEyeKandyDuration" operation="set" value="0"/>
				<triggered_effect trigger="onSelfBuffStart" action="ModifyCVar" cvar="$buffDrugHackersDuration" operation="set" value="0"/>
				<triggered_effect trigger="onSelfBuffStart" action="ModifyCVar" cvar="$buffDrugHealthBarDuration" operation="set" value="0"/>
				<triggered_effect trigger="onSelfBuffStart" action="ModifyCVar" cvar="$buffDrugJailBreakersDuration" operation="set" value="0"/>
				<triggered_effect trigger="onSelfBuffStart" action="ModifyCVar" cvar="$buffDrugNerdTatsDuration" operation="set" value="0"/>
				<triggered_effect trigger="onSelfBuffStart" action="ModifyCVar" cvar="$buffDrugOhShitzDropsDuration" operation="set" value="0"/>
				<triggered_effect trigger="onSelfBuffStart" action="ModifyCVar" cvar="$buffDrugRockBustersDuration" operation="set" value="0"/>
				<triggered_effect trigger="onSelfBuffStart" action="ModifyCVar" cvar="$buffDrugSkullCrushersDuration" operation="set" value="0"/>
				<triggered_effect trigger="onSelfBuffStart" action="ModifyCVar" cvar="$buffDrugSugarButtsDuration" operation="set" value="0"/>
				<triggered_effect trigger="onSelfBuffStart" action="ModifyCVar" cvar="$buffShamChowderDuration" operation="set" value="0"/>
				<triggered_effect trigger="onSelfBuffStart" action="ModifyCVar" cvar="$buffPumpkinCheesecakeDuration" operation="set" value="0"/>
				<triggered_effect trigger="onSelfBuffStart" action="ModifyCVar" cvar="$buffRedTeaDuration" operation="set" value="0"/>
				<triggered_effect trigger="onSelfBuffStart" action="ModifyCVar" cvar="$buffRedTeaDuration" operation="set" value="0"/>
				<triggered_effect trigger="onSelfBuffStart" action="ModifyCVar" cvar="$buffYuccaJuiceSmoothieDuration" operation="set" value="0"/>
				<triggered_effect trigger="onSelfBuffStart" action="ModifyCVar" cvar="$buffMegaCrushDuration" operation="set" value="0"/>
				<triggered_effect trigger="onSelfBuffStart" action="ModifyCVar" cvar="$buffCoffeeDuration" operation="set" value="0"/>
				<triggered_effect trigger="onSelfBuffStart" action="ModifyCVar" cvar="$buffCoffeeBSDuration" operation="set" value="0"/>
				<triggered_effect trigger="onSelfBuffStart" action="ModifyCVar" cvar="$buffBeerDuration" operation="set" value="0"/>
				<triggered_effect trigger="onSelfBuffStart" action="ModifyCVar" cvar="$buffGrandpasMoonshineDuration" operation="set" value="0"/>
				<triggered_effect trigger="onSelfBuffStart" action="ModifyCVar" cvar="$buffGrandpasAwesomeSauceDuration" operation="set" value="0"/>
				<triggered_effect trigger="onSelfBuffStart" action="ModifyCVar" cvar="$buffGrandpasLearningElixirDuration" operation="set" value="0"/>
				<triggered_effect trigger="onSelfBuffStart" action="ModifyCVar" cvar="$foodAmountAdd" operation="set" value="0"/>
				<triggered_effect trigger="onSelfBuffStart" action="ModifyCVar" cvar="$waterAmountAdd" operation="set" value="0"/>
			</effect_group>
		</buff>
		<buff name="buffjump" name_key="jumpBuffName" description_key="buffjumpDesc" tooltip_key="buffjumpTooltip" icon="ui_game_symbol_twitch_fast" icon_color="0,255,255">
			<stack_type value="ignore"/>
			<display_value_key value="buffJumpNameShort"/>
			<display_value value="xxx"/>
			<effect_group>
				<passive_effect name="StaminaLoss" operation="perc_add" value="-.4" tags="jumping"/>
				<passive_effect name="JumpStrength" operation="base_set" value=".276"/>
				<passive_effect name="JumpStrength" operation="perc_add" value="-.39">
					<requirement name="ProgressionLevel" progression_name="perkParkour" operation="Equals" value="2"/>
				</passive_effect>
				<passive_effect name="JumpStrength" operation="perc_add" value="-.39">
					<requirement name="ProgressionLevel" progression_name="perkParkour" operation="Equals" value="3"/>
				</passive_effect>
				<passive_effect name="JumpStrength" operation="perc_add" value="-.75">
					<requirement name="ProgressionLevel" progression_name="perkParkour" operation="Equals" value="4"/>
				</passive_effect>
				<passive_effect name="JumpStrength" operation="perc_add" value="-.05">
					<requirement name="NotHasBuff" buff="AguaDivina"/>
				</passive_effect>

			</effect_group>
		</buff>
		<buff name="buffpvp" name_key="pvpBuffName" description_key="buffpvpDesc" tooltip_key="buffpvpTooltip" icon="ui_game_symbol_knife" icon_color="255,0,0 ">
			<stack_type value="ignore"/>
			<display_value_key value="buffPvpNameShort"/>
			<display_value value="xxx"/>
			<effect_group>
				<passive_effect name="PlayerExpGain" operation="perc_add" value=".5"/>
				<!--
				<passive_effect name="LootGamestage" operation="base_add" value="5"/>
				<passive_effect name="LootGamestage" operation="perc_add" value=".5"/>
				-->
				<passive_effect name="ScavengingTime" operation="perc_subtract" value=".25"/>
				<triggered_effect trigger="onSelfEnteredGame" action="RemoveBuff" buff="buffpvp"/>
			</effect_group>
			<effect_group>
				<requirement name="HasBuff" buff="PPBF"/>
				<passive_effect name="PlayerExpGain" operation="perc_add" value="-.25"/>
			</effect_group>
			<effect_group>
				<requirement name="HasBuff" buff="PPBF2"/>
				<passive_effect name="PlayerExpGain" operation="perc_add" value="-.375"/>
			</effect_group>
			<effect_group>
				<requirement name="HasBuff" buff="PPBF3"/>
				<passive_effect name="PlayerExpGain" operation="perc_add" value="-.375"/>
			</effect_group>
		</buff>
		<buff name="buffpvp2" name_key="pvpBuffName" description_key="buffpvpDesc" tooltip_key="buffpvpTooltip" icon="ui_game_symbol_knife" icon_color="255,0,0 ">
			<stack_type value="ignore"/>
			<display_value_key value="buffPvpNameShort"/>
			<display_value value="xxx"/>
			<effect_group>
				<triggered_effect trigger="onSelfEnteredGame" action="RemoveBuff" buff="buffpvp"/>
				<triggered_effect trigger="onSelfEnteredGame" action="RemoveBuff" buff="buffpvp2"/>
			</effect_group>
		</buff>

		<buff name="grandmaeNourish" name_key="grandmaeNourishName" description_key="TwitchBuff_NourishmentDesc" icon="ui_game_symbol_stomach" icon_color="175,175,255">
			<stack_type value="replace"/>
			<duration value="60"/>
			<display_value value=".TwitchNourishTimer"/>
			<display_value_format value="time"/>

			<effect_group>
				<passive_effect name="BuffBlink" operation="base_set" value="2" duration="0,3" tags="twitch_voteNourish"/>
				<triggered_effect trigger="onSelfBuffStart" action="ModifyCVar" cvar=".TwitchNourishTimer" operation="set" value="60"/>
				<triggered_effect trigger="onSelfBuffStack" action="ModifyCVar" cvar=".TwitchNourishTimer" operation="set" value="60"/>
				<triggered_effect trigger="onSelfBuffUpdate" action="ModifyCVar" cvar=".TwitchNourishTimer" operation="add" value="-1"/>
				<triggered_effect trigger="onSelfBuffRemove" action="ModifyCVar" cvar=".TwitchNourishTimer" operation="set" value="0"/>
				<triggered_effect trigger="onSelfEnteredGame" action="RemoveBuff" buff="twitch_voteNourish"/>

				<triggered_effect trigger="onSelfBuffUpdate" action="PlaySound" sound="twitch_good_buff_ended" play_in_head="true">
					<requirement name="CVarCompare" cvar=".TwitchNourishTimer" operation="LTE" value="0"/>
				</triggered_effect>
			</effect_group>
			<effect_group>
				<passive_effect name="WaterChangeOT" operation="base_set" value="3"/>
				<passive_effect name="FoodChangeOT" operation="base_set" value="3"/>
				<triggered_effect trigger="onSelfBuffUpdate" action="ModifyStats" stat="Health" operation="add" value="2"/>
			</effect_group>
		</buff>
		<buff name="buffUwuProfen" name_key="buffUwuProfenName" description_key="buffUwuProfenNameDesc" icon="ui_game_symbol_pills">
			<stack_type value="replace"/>
			<duration value="0"/>
			<display_value value=".buffUwuPainDisplay"/>
			<display_value_format value="time"/>
			<effect_group>
				<triggered_effect trigger="onSelfBuffUpdate" action="ModifyCVar" cvar="$buffUwuPainDuration" operation="subtract" value="@$MetabolismDuration"/>
				<triggered_effect trigger="onSelfBuffUpdate" action="ModifyCVar" cvar=".buffUwuPainDisplay" operation="set" value="@$buffUwuPainDuration"/>
				<triggered_effect trigger="onSelfBuffUpdate" action="ModifyCVar" cvar=".buffUwuPainDisplay" operation="divide" value="@$MetabolismDuration"/>
			</effect_group>
			<effect_group>
				<triggered_effect trigger="onSelfBuffUpdate" action="RemoveBuff" buff="buffUwuProfen">
					<requirement name="CVarCompare" cvar="$buffUwuPainDuration" operation="LTE" value="0"/>
				</triggered_effect>
				<triggered_effect trigger="onSelfBuffRemove" action="ModifyCVar" cvar=".buffUwuPainDisplay" operation="set" value="0"/>
				<triggered_effect trigger="onSelfBuffRemove" action="ModifyCVar" cvar="$buffUwuPainDuration" operation="set" value="0"/>
				<triggered_effect trigger="onSelfBuffRemove" action="ModifyCVar" cvar="$buffUwuPainHealed" operation="set" value="0"/>
			</effect_group>

			<effect_group>
				<requirement name="!HasBuff" buff="buffInjuryConcussion"/>
				<requirement name="CVarCompare" cvar="$buffUwuPainHealed" operation="Equals" value="0"/>
				<triggered_effect trigger="onSelfBuffUpdate" action="ModifyStats" stat="Health" operation="add" value="50"/>
				<triggered_effect trigger="onSelfBuffUpdate" action="ModifyCVar" cvar="$buffUwuPainHealed" operation="set" value="1"/>
			</effect_group>

			<effect_group>
				<passive_effect name="GeneralDamageResist" operation="base_add" value="0.15"/>
				<passive_effect name="WaterChangeOT" operation="base_subtract" value="0.218"/>
				<passive_effect name="BuffResistance" operation="base_add" value="1" tags="buffInjuryStunned01CHTrigger,buffInjuryStunned00,buffInjuryStunned01,buffInjuryStunned01Shotgun,buffInjuryStunned02,buffInjuryStunned02Shotgun,buffInjuryStunned03,buffInjuryStunned03Shotgun"/>
			</effect_group>
		</buff>
		<buff name="buffComenciant" name_key="buffComenciantName" description_key="buffComenciantDesc" icon="ui_game_symbol_coin">
			<stack_type value="replace"/>
			<duration value="0"/>
			<display_value value=".buffComecialDisplay"/>
			<display_value_format value="time"/>
			<effect_group>
				<triggered_effect trigger="onSelfBuffStart" action="RemoveBuff" buff="buffDrugSugarButts"/>
				<triggered_effect trigger="onSelfBuffStack" action="RemoveBuff" buff="buffDrugSugarButts"/>
				<triggered_effect trigger="onSelfBuffStart" action="ModifyCVar" cvar="$buffDrugSugarButtsDuration" operation="set" value="0"/>
				<triggered_effect trigger="onSelfBuffStack" action="ModifyCVar" cvar="$buffDrugSugarButtsDuration" operation="set" value="0"/>

				<triggered_effect trigger="onSelfBuffStart" action="RemoveBuff" buff="buffPumpkinCheesecake"/>
				<triggered_effect trigger="onSelfBuffStack" action="RemoveBuff" buff="buffPumpkinCheesecake"/>
				<triggered_effect trigger="onSelfBuffStart" action="ModifyCVar" cvar="$buffPumpkinCheesecakeDuration" operation="set" value="0"/>
				<triggered_effect trigger="onSelfBuffStack" action="ModifyCVar" cvar="$buffPumpkinCheesecakeDuration" operation="set" value="0"/>

				<triggered_effect trigger="onSelfBuffStart" action="RemoveBuff" buff="buffDrunkGrandpasAwesomeSauce"/>
				<triggered_effect trigger="onSelfBuffStack" action="RemoveBuff" buff="buffDrunkGrandpasAwesomeSauce"/>
				<triggered_effect trigger="onSelfBuffStack" action="ModifyCVar" cvar="$buffGrandpasAwesomeSauceDuration" operation="set" value="0"/>
				<triggered_effect trigger="onSelfBuffStart" action="ModifyCVar" cvar="$buffGrandpasAwesomeSauceDuration" operation="set" value="0"/>

				<triggered_effect trigger="onSelfBuffUpdate" action="ModifyCVar" cvar="$buffComecialDuration" operation="subtract" value="@$MetabolismDuration"/>
				<triggered_effect trigger="onSelfBuffUpdate" action="ModifyCVar" cvar=".buffComecialDisplay" operation="set" value="@$buffComecialDuration"/>
				<triggered_effect trigger="onSelfBuffUpdate" action="ModifyCVar" cvar=".buffComecialDisplay" operation="divide" value="@$MetabolismDuration"/>

				<triggered_effect trigger="onSelfBuffUpdate" action="RemoveBuff" buff="buffComenciant">
					<requirement name="CVarCompare" cvar="$buffComecialDuration" operation="LTE" value="0"/>
				</triggered_effect>
				<triggered_effect trigger="onSelfBuffRemove" action="ModifyCVar" cvar="buffComecialDuration" operation="set" value="0"/>
			</effect_group>
			<effect_group>
				<passive_effect name="BarteringBuying" operation="base_add" value=".35"/>
				<passive_effect name="BarteringSelling" operation="base_add" value=".30"/>
			</effect_group>
		</buff>
		<buff name="buffGrandmaTe" name_key="buffGrandmaTeName" description_key="buffGrandmaTeDesc" icon="ui_game_symbol_skills">
			<stack_type value="replace"/>
			<duration value="0"/>
			<display_value value=".buffGrandmasTeDisplay"/>
			<display_value_format value="time"/>
			<effect_group>
				<triggered_effect trigger="onSelfBuffUpdate" action="ModifyCVar" cvar="$buffGrandmasTeDuration" operation="subtract" value="@$MetabolismDuration"/>
				<triggered_effect trigger="onSelfBuffUpdate" action="ModifyCVar" cvar=".buffGrandmasTeDisplay" operation="set" value="@$buffGrandmasTeDuration"/>
				<triggered_effect trigger="onSelfBuffUpdate" action="ModifyCVar" cvar=".buffGrandmasTeDisplay" operation="divide" value="@$MetabolismDuration"/>
			</effect_group>
			<effect_group>
				<triggered_effect trigger="onSelfBuffUpdate" action="RemoveBuff" buff="buffGrandmaTe">
					<requirement name="CVarCompare" cvar="$buffGrandmasTeDuration" operation="LTE" value="0"/>
				</triggered_effect>
				<triggered_effect trigger="onSelfBuffRemove" action="ModifyCVar" cvar=".buffGrandmasTeDisplay" operation="set" value="0"/>
				<triggered_effect trigger="onSelfBuffRemove" action="ModifyCVar" cvar="$buffGrandmasTeDuration" operation="set" value="0"/>
			</effect_group>
			<effect_group>
				<display_value name="dRunSpeed" value="-.5"/>
				<passive_effect name="PlayerExpGain" operation="perc_add" value=".3"/>
				<passive_effect name="RunSpeed" operation="perc_subtract" value=".5"/>
				<passive_effect name="WalkSpeed" operation="perc_subtract" value=".5"/>
			</effect_group>
		</buff>
		<buff name="buffSupaCola" name_key="buffSupaColaName" description_key="drugRockBustersDesc" icon="ui_game_symbol_candy_rock_busters" icon_color="253,238,0">
			<stack_type value="replace"/>
			<duration value="0"/>
			<display_value value=".buffSupaColaDisplay"/>
			<display_value_format value="time"/>
			<effect_group>
				<triggered_effect trigger="onSelfBuffUpdate" action="ModifyCVar" cvar="$buffSupaColaDuration" operation="subtract" value="@$MetabolismDuration"/>
				<triggered_effect trigger="onSelfBuffUpdate" action="ModifyCVar" cvar=".buffSupaColaDisplay" operation="set" value="@$buffSupaColaDuration"/>
				<triggered_effect trigger="onSelfBuffUpdate" action="ModifyCVar" cvar=".buffSupaColaDisplay" operation="divide" value="@$MetabolismDuration"/>
			</effect_group>
			<effect_group>
				<triggered_effect trigger="onSelfBuffUpdate" action="RemoveBuff" buff="buffSupaCola">
					<requirement name="CVarCompare" cvar="$buffSupaColaDuration" operation="LTE" value="0"/>
				</triggered_effect>
				<triggered_effect trigger="onSelfBuffRemove" action="ModifyCVar" cvar=".buffSupaColaDisplay" operation="set" value="0"/>
				<triggered_effect trigger="onSelfBuffRemove" action="ModifyCVar" cvar="$buffSupaColaDuration" operation="set" value="0"/>
			</effect_group>
			<effect_group>
				<requirement name="HoldingItemHasTags" tags="perkMiner69r"/>
				<passive_effect name="HarvestCount" operation="perc_add" value=".35" tags="oreWoodHarvest"/>
				<passive_effect name="PlayerExpGain" operation="perc_add" value="-.1" tags="Harvesting"/>
				<passive_effect name="PlayerExpGain" operation="perc_add" value=".05" tags="Harvesting">
					<requirement name="HasBuff" buff="PPBF"/>
				</passive_effect>
				<passive_effect name="PlayerExpGain" operation="perc_add" value=".07" tags="Harvesting">
					<requirement name="HasBuff" buff="PPBF2"/>
				</passive_effect>
			</effect_group>
			<effect_group>
				<passive_effect name="StaminaChangeOT" operation="perc_add" value="0.25">
					<requirement name="!HasBuff" buff="buffHealWaterMax"/>
				</passive_effect>
				<passive_effect name="StaminaChangeOT" operation="perc_add" value="0.1">
					<requirement name="HasBuff" buff="buffHealWaterMax"/>
				</passive_effect>
				<passive_effect name="HyperthermalResist" operation="base_add" value="15"/>
			</effect_group>
		</buff>
		<buff name="buffAdrenaline" name_key="buffAdrenalineName" description_key="LETS GOOOOO!" icon="ui_game_symbol_pills">
			<stack_type value="replace"/>
			<duration value="0"/>
			<display_value value=".buffAdrenalineDisplay"/>
			<display_value_format value="time"/>
			<effect_group>
				<triggered_effect trigger="onSelfBuffUpdate" action="ModifyCVar" cvar="$buffAdrenalineDuration" operation="subtract" value="@$MetabolismDuration"/>
				<triggered_effect trigger="onSelfBuffUpdate" action="ModifyCVar" cvar=".buffAdrenalineDisplay" operation="set" value="@$buffAdrenalineDuration"/>
				<triggered_effect trigger="onSelfBuffUpdate" action="ModifyCVar" cvar=".buffAdrenalineDisplay" operation="divide" value="@$MetabolismDuration"/>
			</effect_group>
			<effect_group>
				<triggered_effect trigger="onSelfBuffUpdate" action="RemoveBuff" buff="buffAdrenaline">
					<requirement name="CVarCompare" cvar="$buffAdrenalineDuration" operation="LTE" value="0"/>
				</triggered_effect>
				<triggered_effect trigger="onSelfBuffRemove" action="ModifyCVar" cvar=".buffAdrenalineDisplay" operation="set" value="0"/>
				<triggered_effect trigger="onSelfBuffRemove" action="ModifyCVar" cvar="$buffAdrenalineDuration" operation="set" value="0"/>
				<triggered_effect trigger="onSelfBuffRemove" action="ModifyCVar" cvar="$buffDrugPainkillersHealed" operation="set" value="0"/>
				<triggered_effect trigger="onSelfBuffRemove" action="ModifyStats" stat="Health" operation="add" value="-20"/>
			</effect_group>
			<effect_group>
				<requirement name="!HasBuff" buff="buffInjuryConcussion"/>
				<requirement name="CVarCompare" cvar="$buffDrugPainkillersHealed" operation="Equals" value="0"/>
				<triggered_effect trigger="onSelfBuffUpdate" action="ModifyStats" stat="Health" operation="add" value="40"/>
				<triggered_effect trigger="onSelfBuffUpdate" action="ModifyCVar" cvar="$buffDrugPainkillersHealed" operation="set" value="1"/>
			</effect_group>

			<effect_group>
				<passive_effect name="CarryCapacity" operation="base_set" value="60"/>
				<passive_effect name="RunSpeed" operation="perc_add" value=".2"/>
				<passive_effect name="WalkSpeed" operation="perc_add" value=".2"/>
				<passive_effect name="GeneralDamageResist" operation="base_add" value="0.2"/>
				<passive_effect name="WaterChangeOT" operation="base_subtract" value="0.218"/>
				<passive_effect name="BuffResistance" operation="base_add" value="1" tags="buffInjuryStunned01CHTrigger,buffInjuryStunned00,buffInjuryStunned01,buffInjuryStunned01Shotgun,buffInjuryStunned02,buffInjuryStunned02Shotgun,buffInjuryStunned03,buffInjuryStunned03Shotgun"/>
			</effect_group>
		</buff>

		<buff name="buffRadiationGamma" name_key="buffRadiation03Name" description_key="buffRadiation03Desc" tooltip_key="buffRadiation03Tooltip" icon="ui_game_symbol_radiation" icon_color="255,0,0" icon_blink="true">
			<damage_type value="radiation"/>
			<stack_type value="ignore"/>
			<duration value="5"/>
			<update_rate value="1"/>
			<effect_group>
				<passive_effect name="HealthChangeOT" operation="base_subtract" duration="0,10" value="1,1"/>
				<passive_effect name="HealthChangeOT" operation="base_subtract" duration="10,50" value="1,30"/>
				<passive_effect name="HealthChangeOT" operation="base_subtract" duration="50,1000" value="40,1000"/>

				<triggered_effect trigger="onSelfBuffUpdate" action="ModifyCVar" cvar="RadiationSignal" operation="add" value="1"/>
				<triggered_effect trigger="onSelfBuffUpdate" action="ModifyCVar" cvar="RadiationSignal" operation="set" value="0">
					<requirement name="CVarCompare" cvar="RadiationSignal" operation="Equals" value="2"/>
				</triggered_effect>
				<triggered_effect trigger="onSelfBuffUpdate" action="ModifyCVar" cvar="RadiationSignal" operation="set" value="0"/>

				<triggered_effect trigger="onSelfBuffUpdate" action="ModifyScreenEffect" intensity="1" fade=".7" effect_name="Hot">
					<requirement name="CVarCompare" cvar="RadiationSignal" operation="Equals" value="1"/>
				</triggered_effect>
				<triggered_effect trigger="onSelfBuffUpdate" action="ModifyScreenEffect" intensity="0" fade=".7" effect_name="Hot">
					<requirement name="CVarCompare" cvar="RadiationSignal" operation="Equals" value="0"/>
				</triggered_effect>

				<triggered_effect trigger="onSelfBuffRemove" action="ModifyScreenEffect" intensity="0" fade="1" effect_name="Hot"/>

				<triggered_effect trigger="onSelfBuffStart" action="ModifyScreenEffect" effect_name="Radiation" intensity=".6" fade="2"/>
				<triggered_effect trigger="onSelfDied" action="ModifyScreenEffect" effect_name="Radiation" intensity="0" fade="0"/>
				<triggered_effect trigger="onSelfBuffRemove" action="ModifyScreenEffect" effect_name="Radiation" intensity="0" fade="2"/>
			</effect_group>
		</buff>

		<!-- Snufkin weapon buffs -->
		<buff name="WakeUpVulture" hidden="true">
			<stack_type value="ignore"/>
			<duration value=".1"/>
			<effect_group>
				<triggered_effect trigger="onSelfBuffStart" action="AddBuff" target="selfAOE" range="100" buff="buffShocked">
					<requirement name="EntityTagCompare" target="other" tags="vulture"/>
				</triggered_effect>
			</effect_group>
		</buff>
		<buff name="VampiredisplayC" icon="ui_game_symbol_skull" icon_color="255,0,255" icon_blink="true">
			<stack_type value="ignore"/>
			<display_value value="$vampirecharge"/>
			<effect_group>
				<triggered_effect trigger="onSelfBuffStart" action="RemoveBuff" buff="VampiredisplayA"/>
				<triggered_effect trigger="onSelfBuffStart" action="RemoveBuff" buff="VampiredisplayB"/>
				<triggered_effect trigger="onSelfBuffStart" action="PlaySound" sound="x12on"/>
				<triggered_effect trigger="onSelfBuffStart" action="ModifyCVar" cvar="$vampirecharge" operation="set" value="10"/>
				<triggered_effect trigger="onSelfBuffStart" action="ModifyScreenEffect" effect_name="Dead" intensity="1" fade=".25"/>
				<triggered_effect trigger="onSelfBuffStart" action="ModifyScreenEffect" effect_name="Vibrant" intensity="0.5" fade=".25"/>
				<triggered_effect trigger="onSelfBuffRemove" action="PlaySound" sound="x12off"/>
				<triggered_effect trigger="onSelfBuffRemove" action="ModifyScreenEffect" effect_name="Vibrant" intensity="0" fade=".25"/>
				<triggered_effect trigger="onSelfBuffRemove" action="ModifyScreenEffect" effect_name="Dead" intensity="0" fade=".25"/>


				<passive_effect name="HealthSteal" operation="base_add" value=".5"/>
				<passive_effect name="WalkSpeed" operation="perc_add" value="0.5"/>
				<passive_effect name="RunSpeed" operation="perc_add" value="0.5"/>
				<passive_effect name="CrouchSpeed" operation="perc_add" value="0.5"/>
			</effect_group>
		</buff>
		<buff name="VampiredisplayB" icon="ui_game_symbol_skull" icon_color="0,255,0" icon_blink="true">
			<stack_type value="ignore"/>
			<display_value value="$vampirecharge"/>
			<effect_group>
				<triggered_effect trigger="onSelfBuffStart" action="RemoveBuff" buff="VampiredisplayA"/>
				<triggered_effect trigger="onSelfBuffStart" action="RemoveBuff" buff="VampiredisplayC"/>
				<triggered_effect trigger="onSelfBuffStart" action="PlaySound" sound="x12ready"/>
			</effect_group>
		</buff>
		<buff name="VampiredisplayA" icon="ui_game_symbol_skull" icon_color="100,100,100" icon_blink="false">
			<stack_type value="ignore"/>
			<display_value value="$vampirecharge"/>
			<effect_group>
				<triggered_effect trigger="onSelfBuffStart" action="RemoveBuff" buff="VampiredisplayB"/>
				<triggered_effect trigger="onSelfBuffStart" action="RemoveBuff" buff="VampiredisplayC"/>
			</effect_group>
		</buff>
		<buff name="chargevampire" hidden="true">
			<stack_type value="ignore"/>
			<update_rate value=".1"/>
			<effect_group>
				<triggered_effect trigger="onSelfBuffUpdate" action="ModifyCVar" cvar="$vampirecharge" operation="add" value="-.1">
					<requirement name="CVarCompare" cvar="$effectvampire" operation="Equals" value="1"/>
					<requirement name="CVarCompare" cvar="$vampirecharge" operation="GT" value="0"/>
				</triggered_effect>
				<triggered_effect trigger="onSelfBuffUpdate" action="ModifyCVar" cvar="$vampirecharge" operation="set" value="0">
					<requirement name="CVarCompare" cvar="$vampirecharge" operation="LT" value="0"/>
				</triggered_effect>
				<triggered_effect trigger="onSelfBuffUpdate" action="ModifyCVar" cvar="$effectvampire" operation="set" value="0">
					<requirement name="CVarCompare" cvar="$vampirecharge" operation="LTE" value="0"/>
				</triggered_effect>
				<triggered_effect trigger="onSelfBuffUpdate" action="AddBuff" buff="VampiredisplayA">
					<requirement name="CVarCompare" cvar="$effectvampire" operation="Equals" value="0"/>
					<requirement name="CVarCompare" cvar="$vampirecharge" operation="LT" value="20"/>
				</triggered_effect>
				<triggered_effect trigger="onSelfBuffUpdate" action="AddBuff" buff="VampiredisplayB">
					<requirement name="CVarCompare" cvar="$effectvampire" operation="Equals" value="0"/>
					<requirement name="CVarCompare" cvar="$vampirecharge" operation="GTE" value="20"/>
				</triggered_effect>
				<triggered_effect trigger="onSelfBuffUpdate" action="AddBuff" buff="VampiredisplayC">
					<requirement name="CVarCompare" cvar="$effectvampire" operation="Equals" value="1"/>
				</triggered_effect>

				<triggered_effect trigger="onSelfBuffRemove" action="RemoveBuff" buff="VampiredisplayA"/>
				<triggered_effect trigger="onSelfBuffRemove" action="RemoveBuff" buff="VampiredisplayB"/>
				<triggered_effect trigger="onSelfBuffRemove" action="RemoveBuff" buff="VampiredisplayC"/>
				<triggered_effect trigger="onSelfBuffRemove" action="ModifyCVar" cvar="$vampirecharge" operation="set" value="0"/>
				<triggered_effect trigger="onSelfBuffRemove" action="ModifyCVar" cvar="$effectvampire" operation="set" value="0"/>
			</effect_group>
		</buff>
		<buff name="BalrogdisplayC" icon="ui_game_symbol_skull" icon_color="255,0,255" icon_blink="true">
			<stack_type value="ignore"/>
			<display_value value="$balrogcharge"/>
			<effect_group>
				<triggered_effect trigger="onSelfBuffStart" action="RemoveBuff" buff="BalrogdisplayA"/>
				<triggered_effect trigger="onSelfBuffStart" action="RemoveBuff" buff="BalrogdisplayB"/>
			</effect_group>
		</buff>
		<buff name="BalrogdisplayB" icon="ui_game_symbol_skull" icon_color="0,255,0" icon_blink="true">
			<stack_type value="ignore"/>
			<display_value value="$balrogcharge"/>
			<effect_group>
				<triggered_effect trigger="onSelfBuffStart" action="RemoveBuff" buff="BalrogdisplayA"/>
				<triggered_effect trigger="onSelfBuffStart" action="PlaySound" sound="bucketfill_water" play_in_head="true"/>
			</effect_group>
		</buff>
		<buff name="BalrogdisplayA" icon="ui_game_symbol_skull" icon_color="100,100,100" icon_blink="false">
			<stack_type value="ignore"/>
			<display_value value="$balrogcharge"/>
			<effect_group>
				<triggered_effect trigger="onSelfBuffStart" action="RemoveBuff" buff="BalrogdisplayB"/>
				<triggered_effect trigger="onSelfBuffStart" action="RemoveBuff" buff="BalrogdisplayC"/>
			</effect_group>
		</buff>
		<buff name="chargebalrog" hidden="true">
			<stack_type value="ignore"/>
			<update_rate value=".1"/>
			<effect_group>
				<triggered_effect trigger="onSelfBuffUpdate" action="ModifyCVar" cvar="$balrogcharge" operation="add" value="-.1">
					<requirement name="CVarCompare" cvar="$effectbalrog" operation="Equals" value="1"/>
					<requirement name="CVarCompare" cvar="$balrogcharge" operation="GT" value="0"/>
				</triggered_effect>
				<triggered_effect trigger="onSelfBuffUpdate" action="ModifyCVar" cvar="$balrogcharge" operation="set" value="0">
					<requirement name="CVarCompare" cvar="$balrogcharge" operation="LT" value="0"/>
				</triggered_effect>
				<triggered_effect trigger="onSelfBuffUpdate" action="ModifyCVar" cvar="$effectbalrog" operation="set" value="0">
					<requirement name="CVarCompare" cvar="$balrogcharge" operation="LTE" value="0"/>
				</triggered_effect>
			</effect_group>
		</buff>
		<buff name="CrimsondisplayB" icon="ui_game_symbol_skull" icon_color="255,0,0" icon_blink="true">
			<stack_type value="ignore"/>
			<display_value value="$crimsonburst"/>
			<effect_group>
				<triggered_effect trigger="onSelfBuffStart" action="RemoveBuff" buff="CrimsondisplayA"/>
				<triggered_effect trigger="onSelfBuffStart" action="PlaySound" sound="bucketfill_water" play_in_head="true"/>
			</effect_group>
		</buff>
		<buff name="CrimsondisplayA" icon="ui_game_symbol_skull" icon_color="100,100,100" icon_blink="false">
			<stack_type value="ignore"/>
			<display_value value="$crimsonburst"/>
			<effect_group>
				<triggered_effect trigger="onSelfBuffStart" action="RemoveBuff" buff="CrimsondisplayB"/>
			</effect_group>
		</buff>
		<buff name="X12displayC" icon="ui_game_symbol_skull" icon_color="255,0,255" icon_blink="true">
			<stack_type value="ignore"/>
			<display_value value="$chargeX12"/>
			<effect_group>
				<triggered_effect trigger="onSelfBuffStart" action="RemoveBuff" buff="X12displayA"/>
				<triggered_effect trigger="onSelfBuffStart" action="RemoveBuff" buff="X12displayB"/>
				<triggered_effect trigger="onSelfBuffRemove" action="PlaySound" sound="x12off"/>
			</effect_group>
		</buff>
		<buff name="X12displayB" icon="ui_game_symbol_skull" icon_color="0,255,0" icon_blink="true">
			<stack_type value="ignore"/>
			<display_value value="$chargeX12"/>
			<effect_group>
				<triggered_effect trigger="onSelfBuffStart" action="RemoveBuff" buff="X12displayA"/>
				<triggered_effect trigger="onSelfBuffStart" action="RemoveBuff" buff="X12displayC"/>
				<triggered_effect trigger="onSelfBuffStart" action="PlaySound" sound="x12ready"/>
			</effect_group>
		</buff>
		<buff name="X12displayA" icon="ui_game_symbol_skull" icon_color="100,100,100" icon_blink="false">
			<stack_type value="ignore"/>
			<display_value value="$chargeX12"/>
			<effect_group>
				<triggered_effect trigger="onSelfBuffStart" action="RemoveBuff" buff="X12displayB"/>
				<triggered_effect trigger="onSelfBuffStart" action="RemoveBuff" buff="X12displayC"/>
			</effect_group>
		</buff>
		<buff name="chargeX12" hidden="true">
			<stack_type value="ignore"/>
			<update_rate value=".1"/>
			<effect_group>
				<triggered_effect trigger="onSelfKilledOther" action="ModifyCVar" cvar="$chargeX12" operation="add" value="1">
					<requirement name="CVarCompare" cvar="$effectx12" operation="Equals" value="0"/>
					<requirement name="CVarCompare" cvar="$chargeX12" operation="LTE" value="19"/>
				</triggered_effect>
				<triggered_effect trigger="onSelfBuffUpdate" action="ModifyCVar" cvar="$chargeX12" operation="add" value="-.1">
					<requirement name="CVarCompare" cvar="$effectx12" operation="Equals" value="1"/>
					<requirement name="CVarCompare" cvar="$chargeX12" operation="GT" value="0"/>
				</triggered_effect>
				<triggered_effect trigger="onSelfBuffUpdate" action="ModifyCVar" cvar="$chargeX12" operation="set" value="0">
					<requirement name="CVarCompare" cvar="$chargeX12" operation="LT" value="0"/>
				</triggered_effect>
				<triggered_effect trigger="onSelfBuffUpdate" action="ModifyCVar" cvar="$effectx12" operation="set" value="0">
					<requirement name="CVarCompare" cvar="$chargeX12" operation="LTE" value="0"/>
				</triggered_effect>
				<triggered_effect trigger="onSelfBuffUpdate" action="AddBuff" buff="X12displayA">
					<requirement name="CVarCompare" cvar="$effectx12" operation="Equals" value="0"/>
					<requirement name="CVarCompare" cvar="$chargeX12" operation="LT" value="20"/>
				</triggered_effect>
				<triggered_effect trigger="onSelfBuffUpdate" action="AddBuff" buff="X12displayB">
					<requirement name="CVarCompare" cvar="$effectx12" operation="Equals" value="0"/>
					<requirement name="CVarCompare" cvar="$chargeX12" operation="GTE" value="20"/>
				</triggered_effect>
				<triggered_effect trigger="onSelfBuffUpdate" action="AddBuff" buff="X12displayC">
					<requirement name="CVarCompare" cvar="$effectx12" operation="Equals" value="1"/>
				</triggered_effect>
				<triggered_effect trigger="onSelfBuffUpdate" action="ModifyScreenEffect" effect_name="Vibrant" intensity=".5" fade="0">
					<requirement name="CVarCompare" cvar="$effectx12" operation="Equals" value="1"/>
				</triggered_effect>
				<triggered_effect trigger="onSelfBuffUpdate" action="ModifyScreenEffect" effect_name="Vibrant" intensity="0" fade="0">
					<requirement name="CVarCompare" cvar="$effectx12" operation="Equals" value="0"/>
				</triggered_effect>
				<triggered_effect trigger="onSelfBuffUpdate" action="ModifyCVar" cvar="$spreadx12" operation="set" value="0.2">
					<requirement name="CVarCompare" cvar="$effectx12" operation="Equals" value="1"/>
				</triggered_effect>
				<triggered_effect trigger="onSelfBuffUpdate" action="ModifyCVar" cvar="$spreadx12" operation="set" value="1">
					<requirement name="CVarCompare" cvar="$effectx12" operation="Equals" value="0"/>
				</triggered_effect>
				<triggered_effect trigger="onSelfBuffRemove" action="RemoveBuff" buff="X12displayA"/>
				<triggered_effect trigger="onSelfBuffRemove" action="RemoveBuff" buff="X12displayB"/>
				<triggered_effect trigger="onSelfBuffRemove" action="RemoveBuff" buff="X12displayC"/>
			</effect_group>
		</buff>
		<buff name="chargeVulcan" hidden="true">
			<stack_type value="ignore"/>
			<update_rate value=".1"/>
			<effect_group>
				<triggered_effect trigger="onSelfBuffUpdate" action="ModifyCVar" cvar="$chargeV" operation="add" value="-.15">
					<requirement name="CVarCompare" cvar="$vulcanCharging" operation="Equals" value="0"/>
					<requirement name="CVarCompare" cvar="$chargeV" operation="GTE" value="0"/>
				</triggered_effect>
				<triggered_effect trigger="onSelfBuffUpdate" action="ModifyCVar" cvar="$chargeV" operation="add" value=".15">
					<requirement name="CVarCompare" cvar="$vulcanCharging" operation="GTE" value="1"/>
					<requirement name="CVarCompare" cvar="$chargeV" operation="LTE" value="2"/>
				</triggered_effect>
				<triggered_effect trigger="onSelfBuffRemove" action="ModifyCVar" cvar="$chargeV" operation="set" value="0"/>
				<triggered_effect trigger="onSelfBuffRemove" action="ModifyCVar" cvar="$vulcanCharging" operation="set" value="0"/>
			</effect_group>
		</buff>
		<buff name="buffrailguncharging" hidden="true">
			<stack_type value="ignore"/>
			<update_rate value=".1"/>
			<effect_group>
				<triggered_effect trigger="onSelfBuffStart" action="ModifyCVar" cvar="$charge" operation="set" value="0.95"/>
				<triggered_effect trigger="onSelfBuffUpdate" action="ModifyCVar" cvar="$charge" operation="add" value="-.05">
					<requirement name="CVarCompare" cvar="$charge" operation="GT" value="0"/>
				</triggered_effect>
				<triggered_effect trigger="onSelfBuffStart" action="ModifyCVar" cvar="$chargeB" operation="set" value="1">
					<requirement name="RequirementItemTier" operation="Equals" value="1"/>
				</triggered_effect>
				<triggered_effect trigger="onSelfBuffStart" action="ModifyCVar" cvar="$chargeB" operation="set" value="1.1">
					<requirement name="RequirementItemTier" operation="Equals" value="2"/>
				</triggered_effect>
				<triggered_effect trigger="onSelfBuffStart" action="ModifyCVar" cvar="$chargeB" operation="set" value="1.2">
					<requirement name="RequirementItemTier" operation="Equals" value="3"/>
				</triggered_effect>
				<triggered_effect trigger="onSelfBuffStart" action="ModifyCVar" cvar="$chargeB" operation="set" value="1.3">
					<requirement name="RequirementItemTier" operation="Equals" value="4"/>
				</triggered_effect>
				<triggered_effect trigger="onSelfBuffStart" action="ModifyCVar" cvar="$chargeB" operation="set" value="1.4">
					<requirement name="RequirementItemTier" operation="Equals" value="5"/>
				</triggered_effect>
				<triggered_effect trigger="onSelfBuffStart" action="ModifyCVar" cvar="$chargeB" operation="set" value="1.5">
					<requirement name="RequirementItemTier" operation="Equals" value="6"/>
				</triggered_effect>
				<triggered_effect trigger="onSelfBuffUpdate" action="ModifyCVar" cvar="$chargeB" operation="add" value="-0.05">
					<requirement name="CVarCompare" cvar="$chargeB" operation="GT" value="0"/>
				</triggered_effect>
				<triggered_effect trigger="onSelfBuffUpdate" action="PlaySound" sound="laserrifle_charged">
					<requirement name="CVarCompare" cvar="$chargeB" operation="LT" value="0.1"/>
					<requirement name="CVarCompare" cvar="$chargeB" operation="GTE" value="-0.5"/>
				</triggered_effect>
			</effect_group>
		</buff>


	</append>

	<!-- ////////////////////////////////////////////////////////////////////////////////////////////////////////////////////////////////////////////////////////////////// -->
	<!--  ///////////////////////////////////////////////////////////////VEHICULOS/////////////////////////////////////////////////////////////////////////////////////// -->
	<!-- ////////////////////////////////////////////////////////////////////////////////////////////////////////////////////////////////////////////////////////////////// -->

	<!---->
	<append xpath="/buffs/buff[@name='buffStatusCheck01']/effect_group">
		<triggered_effect trigger="onSelfBuffUpdate" action="AddBuff" buff="VehicleChecker2">
			<requirement name="NotHasBuff" buff="VehicleChecker2"/>
		</triggered_effect>
	</append>
	<append xpath="/buffs">
		<!-- ////////////////////////////////////////////////////////////////////////////////////////////////////////////////////////////////////////////////////////////////// -->
		<!--  ///////////////////////////////////////////////////////////////Checkers/////////////////////////////////////////////////////////////////////////////////////// -->
		<!-- ////////////////////////////////////////////////////////////////////////////////////////////////////////////////////////////////////////////////////////////////// -->
		<buff name="VehicleChecker2" hidden="true">
			<stack_type value="replace"/>
			<duration value="500"/>
			<update_rate value=".1"/>
			<effect_group>
				<!--  //////////////////////betsy//////////////////// -->
				<triggered_effect trigger="onSelfBuffUpdate" action="AddBuff" target="selfAOE" range="100" buff="betsyTCheck">
					<requirement name="EntityTagCompare" target="other" tags="btsT"/>
					<requirement name="NotHasBuff" target="other" buff="betsyTCheck"/>
				</triggered_effect>
				<!--  //////////////////////betsyMK//////////////////// -->
				<triggered_effect trigger="onSelfBuffUpdate" action="AddBuff" target="selfAOE" range="100" buff="betsyCheck">
					<requirement name="EntityTagCompare" target="other" tags="bts"/>
					<requirement name="NotHasBuff" target="other" buff="betsyCheck"/>
				</triggered_effect>
				<!--  //////////////////////spo4x4/////////////////// -->
				<triggered_effect trigger="onSelfBuffUpdate" action="AddBuff" target="selfAOE" range="100" buff="spo4x4Check">
					<requirement name="EntityTagCompare" target="other" tags="sp4x"/>
					<requirement name="NotHasBuff" target="other" buff="spo4x4Check"/>
				</triggered_effect>
				<!--  //////////////////////spogyro/////////////////// -->
				<triggered_effect trigger="onSelfBuffUpdate" action="AddBuff" target="selfAOE" range="100" buff="spogyroCheck">
					<requirement name="EntityTagCompare" target="other" tags="spGyr"/>
					<requirement name="NotHasBuff" target="other" buff="spogyroCheck"/>
				</triggered_effect>
			</effect_group>
		</buff>
		<!-- ////////////////////////////////////////////////////////////////////////////////////////////////////////////////////////////////////////////////////////////////// -->
		<!--  ///////////////////////////////////////////////////////////////Buffs///////////////////////////////////////////////////////////////////////////////////////////// -->
		<!-- ////////////////////////////////////////////////////////////////////////////////////////////////////////////////////////////////////////////////////////////////// -->

		<!--  //////////////////////Moto/////////////////////////// -->
		<buff name="betsyTCheck" hidden="true">
			<stack_type value="ignore"/>
			<stack_type value="ignore"/>
			<effect_group>
				<triggered_effect trigger="onSelfBuffStart" action="SetTransformActive" active="true" transform_path="headlight"/>
				<triggered_effect trigger="onSelfBuffStart" action="SetTransformActive" active="false" transform_path="headlight"/>
				<triggered_effect trigger="onSelfBuffStart" action="AttachPrefabToEntity" prefab="Entities/Traps/hubcapPrefab" local_offset="0,0.4,-0.45" local_rotation="0,0,180" parent_transform="Origin"/>


				<triggered_effect trigger="onSelfBuffStart" action="AttachPrefabToEntity" prefab="@:Entities/LootContainers/weapon_bags_smallPrefab.prefab" local_offset="0,.9,-0.9" local_rotation="0,0,0" parent_transform="Origin"/>

				<triggered_effect trigger="onSelfBuffStart" action="AttachPrefabToEntity" prefab="@:Other/Items/Weapons/Melee/Spear/spear_steel_Prefab.prefab" local_offset=".24,.58,0.9" local_rotation="90,0,0" parent_transform="Origin"/>
				<triggered_effect trigger="onSelfBuffStart" action="AttachParticleEffectToEntity" particle="@:Other/Items/Weapons/Melee/Spear/spear_steel_Prefab.prefab" local_offset="-.24,.58,0.9" local_rotation="90,0,0" parent_transform="Origin"/>
				<triggered_effect trigger="onSelfBuffStart" action="AttachPrefabToEntity" prefab="@:Entities/Vehicles/Car/motorPrefab.prefab" local_offset="0,.6,0" local_rotation="0,0,0" parent_transform="Origin"/>
				<triggered_effect trigger="onSelfBuffStart" action="AttachPrefabToEntity" prefab="@:Other/Items/Weapons/Melee/Axe/steelAxePrefab.prefab" local_offset=".27,1,-.5" local_rotation="-30,0,0" parent_transform="Origin"/>
				<triggered_effect trigger="onSelfBuffStart" action="AttachParticleEffectToEntity" particle="@:Other/Items/Weapons/Melee/Axe/steelAxePrefab.prefab" local_offset="-.27,1,-.5" local_rotation="-25,0,0" parent_transform="Origin"/>
			</effect_group>
		</buff>
		<!--  //////////////////////Betsy/////////////////////////// -->
		<buff name="betsyCheck" hidden="true">
			<stack_type value="ignore"/>
			<stack_type value="ignore"/>
			<effect_group>
				<triggered_effect trigger="onSelfBuffStart" action="SetTransformActive" active="true" transform_path="headlight"/>
				<triggered_effect trigger="onSelfBuffStart" action="SetTransformActive" active="false" transform_path="headlight"/>
				<triggered_effect trigger="onSelfBuffStart" action="AttachPrefabToEntity" prefab="Entities/Traps/hubcapPrefab" local_offset="0,0.4,-0.45" local_rotation="0,0,180" parent_transform="Origin"/>


				<triggered_effect trigger="onSelfBuffStart" action="AttachParticleEffectToEntity" particle="p_torch_wall" local_offset="-.11,.75,-.8" local_rotation="0,0,0" parent_transform="Origin"/>
				<triggered_effect trigger="onSelfBuffStart" action="AttachPrefabToEntity" prefab="particleeffects/p_torch_wall" local_offset=".11,.75,-.8" local_rotation="0,0,0" parent_transform="Origin"/>

				<triggered_effect trigger="onSelfBuffStart" action="AttachPrefabToEntity" prefab="@:Other/Items/Weapons/Ranged/RocketLauncher/rocketlauncherPrefab.prefab" local_offset="-.11,.75,-.2" local_rotation="0,0,0" parent_transform="Origin"/>
				<triggered_effect trigger="onSelfBuffStart" action="AttachParticleEffectToEntity" particle="@:Other/Items/Weapons/Ranged/RocketLauncher/rocketlauncherPrefab.prefab" local_offset=".11,.75,-.2" local_rotation="0,0,0" parent_transform="Origin"/>

				<triggered_effect trigger="onSelfBuffStart" action="AttachPrefabToEntity" prefab="Entities/OutdoorDecor/cowSkullPrefab" local_offset="0,.1,.5" local_rotation="45,0,0" parent_transform="Origin/handlebar_joint"/>
				<triggered_effect trigger="onSelfBuffStart" action="AttachPrefabToEntity" prefab="@:Entities/LootContainers/weapon_bags_smallPrefab.prefab" local_offset="0,.9,-0.9" local_rotation="0,0,0" parent_transform="Origin"/>

				<triggered_effect trigger="onSelfBuffStart" action="AttachPrefabToEntity" prefab="@:Other/Items/Weapons/Melee/Spear/spear_steel_Prefab.prefab" local_offset=".24,.58,0.9" local_rotation="90,0,0" parent_transform="Origin"/>
				<triggered_effect trigger="onSelfBuffStart" action="AttachParticleEffectToEntity" particle="@:Other/Items/Weapons/Melee/Spear/spear_steel_Prefab.prefab" local_offset="-.24,.58,0.9" local_rotation="90,0,0" parent_transform="Origin"/>
				<triggered_effect trigger="onSelfBuffStart" action="AttachPrefabToEntity" prefab="@:Entities/Vehicles/Car/motorPrefab.prefab" local_offset="0,.6,0" local_rotation="0,0,0" parent_transform="Origin"/>
				<triggered_effect trigger="onSelfBuffStart" action="AttachParticleEffectToEntity" particle="torch02_firePrefab" local_offset=".15,-.9,1" local_rotation="90,0,180" parent_transform="Origin/handlebar_joint"/>
				<triggered_effect trigger="onSelfBuffStart" action="AttachPrefabToEntity" prefab="particleeffects/torch02_firePrefab" local_offset="-.15,-.9,1" local_rotation="90,0,180" parent_transform="Origin/handlebar_joint"/>
				<triggered_effect trigger="onSelfBuffStart" action="AttachPrefabToEntity" prefab="@:Other/Items/Weapons/Melee/Axe/steelAxePrefab.prefab" local_offset=".27,1,-.5" local_rotation="-30,0,0" parent_transform="Origin"/>
				<triggered_effect trigger="onSelfBuffStart" action="AttachParticleEffectToEntity" particle="@:Other/Items/Weapons/Melee/Axe/steelAxePrefab.prefab" local_offset="-.27,1,-.5" local_rotation="-25,0,0" parent_transform="Origin"/>

				<triggered_effect trigger="onSelfBuffUpdate" action="AddBuff" target="selfAOE" range="1.2" buff="buffBurningElement">
					<requirement name="EntityTagCompare" target="other" tags="zombie,enemy"/>
				</triggered_effect>
			</effect_group>
		</buff>
		<!--  //////////////////////4X4/////////////////////////////////// -->
		<buff name="spo4x4Check" hidden="true">
			<stack_type value="ignore"/>
			<effect_group>
				<triggered_effect trigger="onSelfBuffStart" action="SetTransformActive" active="true" transform_path="headlight"/>
				<triggered_effect trigger="onSelfBuffStart" action="AttachParticleEffectToEntity" particle="p_torch_wall" local_offset=".5,2,-1.15" local_rotation="0,0,0" parent_transform="headlight"/>
				<triggered_effect trigger="onSelfBuffStart" action="AttachPrefabToEntity" prefab="particleeffects/p_torch_wall" local_offset="-.5,2,-1.15" local_rotation="0,0,0" parent_transform="headlight"/>
				<triggered_effect trigger="onSelfBuffStart" action="AttachPrefabToEntity" prefab="Entities/Lighting/lanternPlayerPrefab" local_offset="0,1.1,.5" local_rotation="-14,0,0" parent_transform="headlight"/>
				<triggered_effect trigger="onSelfBuffStart" action="SetTransformActive" active="false" transform_path="headlight"/>

				<triggered_effect trigger="onSelfBuffStart" action="AttachPrefabToEntity" prefab="@:Entities/LootContainers/loot_cratePrefab.prefab" local_offset="0,1.2,-2.4" local_rotation="0,0,0" parent_transform="Origin"/>
				<triggered_effect trigger="onSelfBuffStart" action="AttachPrefabToEntity" prefab="@:Entities/Vehicles/Car/motorPrefab.prefab" local_offset="0,1.8,-1.6" local_rotation="0,0,0" parent_transform="Origin"/>
				<triggered_effect trigger="onSelfBuffStart" action="AttachPrefabToEntity" prefab="Entities/OutdoorDecor/cowSkullPrefab" local_offset="0,1.85,1.65" local_rotation="35,0,0" parent_transform="Origin"/>
				<triggered_effect trigger="onSelfBuffStart" action="AttachPrefabToEntity" prefab="@:Other/Items/Weapons/Ranged/MachineGun/m60MachinegunPrefab.prefab" local_offset=".75,1.95,.2" local_rotation="0,0,0" parent_transform="Origin"/>
				<triggered_effect trigger="onSelfBuffStart" action="AttachParticleEffectToEntity" particle="@:Other/Items/Weapons/Ranged/MachineGun/m60MachinegunPrefab.prefab" local_offset="-.75,1.95,.2" local_rotation="0,0,0" parent_transform="Origin"/>
				<triggered_effect trigger="onSelfBuffStart" action="AttachPrefabToEntity" prefab="@:Other/Items/Weapons/Melee/Spear/spear_stone_Prefab.prefab" local_offset=".77,1.3,1" local_rotation="90,0,0" parent_transform="Origin"/>
				<triggered_effect trigger="onSelfBuffStart" action="AttachParticleEffectToEntity" particle="@:Other/Items/Weapons/Melee/Spear/spear_stone_Prefab.prefab" local_offset="-.77,1.3,1" local_rotation="90,0,0" parent_transform="Origin"/>

			</effect_group>
		</buff>
		<!--  //////////////////////Gyro////////////////////////////////// -->
		<buff name="spogyroCheck" hidden="true">
			<stack_type value="ignore"/>
			<effect_group>
				<triggered_effect trigger="onSelfBuffStart" action="AttachParticleEffectToEntity" prefab="p_torch_wall" local_offset="0,0.3,1.5" local_rotation="0,0,0" parent_transform="Origin"/>
				<triggered_effect trigger="onSelfBuffStart" action="AttachPrefabToEntity" prefab="particleeffects/p_torch_wall" local_offset="0,0.3,1.5" local_rotation="0,0,0" parent_transform="Origin"/>
				<triggered_effect trigger="onSelfBuffStart" action="AttachPrefabToEntity" prefab="Entities/OutdoorDecor/cowSkullPrefab" local_offset="0,0.9,1.5" local_rotation="0,0,0" parent_transform="Origin"/>
				<triggered_effect trigger="onSelfBuffStart" action="AttachPrefabToEntity" prefab="Entities/Electrical/generatorPrefab" local_offset="0,0.7,0" local_rotation="0,90,0" parent_transform="Origin"/>
				<triggered_effect trigger="onSelfBuffStart" action="AttachPrefabToEntity" prefab="@:Entities/LootContainers/metalToolBoxClosedPrefab.prefab" local_offset="0.2,0.7,-0.9" local_rotation="0,90,0" parent_transform="Origin"/>
				<triggered_effect trigger="onSelfBuffStart" action="AttachPrefabToEntity" prefab="@:Entities/LootContainers/duffle01Prefab.prefab" local_offset="-0.2,0.7,-0.9" local_rotation="0,0,0" parent_transform="Origin"/>
				<triggered_effect trigger="onSelfBuffStart" action="AttachPrefabToEntity" prefab="Entities/Commercial/gunrackWallEmptyAPrefab" local_offset="0,0.7,-1" local_rotation="-90,0,0" parent_transform="Origin"/>
				<triggered_effect trigger="onSelfBuffStart" action="AttachPrefabToEntity" prefab="@:Entities/Vehicles/Car/car_seat_uprightPrefab.prefab" local_offset="0.17,1,0.6" local_rotation="0,0,0" parent_transform="Origin"/>
				<triggered_effect trigger="onSelfBuffStart" action="AttachPrefabToEntity" prefab="Entities/Doors/jail_barsPrefab" local_offset="0.5,0.6,1" local_rotation="-20,0,90" parent_transform="Origin"/>
				<triggered_effect trigger="onSelfBuffStart" action="AttachPrefabToEntity" prefab="@:Other/Items/Weapons/Melee/Spear/spear_steel_Prefab.prefab" local_offset=".24,.58,0.9" local_rotation="90,0,0" parent_transform="Origin"/>
				<triggered_effect trigger="onSelfBuffStart" action="AttachParticleEffectToEntity" particle="@:Other/Items/Weapons/Melee/Spear/spear_steel_Prefab.prefab" local_offset="-.24,.58,0.9" local_rotation="90,0,0" parent_transform="Origin"/>
			</effect_group>
		</buff>
	</append>
</configs>
