<configs>

	<!-- ▼▲▼▲▼▲▼▲▼▲▼▲▼▲▼▲▼▲ Max lvl 450 change ▼▲▼▲▼▲▼▲▼▲▼▲▼▲▼▲▼▲ -->
		<set xpath="/entity_classes/entity_class[@name='playerMale']/effect_group/requirement[contains(@name, 'PlayerLevel')]/@value">450</set>
	<!-- ▼▲▼▲▼▲▼▲▼▲▼▲▼▲▼▲▼▲▼▲▼▲▼▲▼▲▼▲▼▲▼▲▼▲▼▲▼▲▼▲▼▲▼▲▼▲▼▲▼▲▼▲▼▲▼▲ -->

	<!-- ▼▲▼▲▼▲▼▲▼▲▼▲▼▲▼▲▼▲ Zombies Loot bag duration ▼▲▼▲▼▲▼▲▼▲▼▲▼▲▼▲▼▲ -->
		<set xpath="/entity_classes/entity_class[contains(@name, 'EntityLoot')]/property[contains(@name, 'TimeStayAfterDeath')]/@value">2100</set>
		<set xpath="/entity_classes/entity_class[@name='Backpack']/property[contains(@name, 'TimeStayAfterDeath')]/@value">10800</set>
	<!-- ▼▲▼▲▼▲▼▲▼▲▼▲▼▲▼▲▼▲▼▲▼▲▼▲▼▲▼▲▼▲▼▲▼▲▼▲▼▲▼▲▼▲▼▲▼▲▼▲▼▲▼▲▼▲▼▲▼▲▼▲▼▲▼ -->


	<!-- ▼▲▼▲▼▲▼▲▼▲▼▲▼▲▼▲▼▲ New player Items ▼▲▼▲▼▲▼▲▼▲▼▲▼▲▼▲▼▲ -->
		<append xpath="/entity_classes/entity_class[@name='playerMale']/property[@name='ItemsOnEnterGame.GameModeSurvivalMP']/@value">,SPWK</append>
		<append xpath="/entity_classes/entity_class[@name='playerMale']/property[@name='ItemsOnEnterGame.GameModeSurvival']/@value">,SPWK</append>
		<append xpath="/entity_classes/entity_class[@name='playerMale']/property[@name='ItemsOnEnterGame.GameModeSurvivalSP']/@value">,SPWK</append>
	<!-- ▼▲▼▲▼▲▼▲▼▲▼▲▼▲▼▲▼▲▼▲▼▲▼▲▼▲▼▲▼▲▼▲▼▲▼▲▼▲▼▲▼▲▼▲▼▲▼▲▼▲▼▲▼▲ -->
	<!-- ▼▲▼▲▼▲▼▲▼▲▼▲▼▲▼▲▼▲ Add drops to chickens ▼▲▼▲▼▲▼▲▼▲▼▲▼▲▼▲▼▲ -->
		<append xpath="/entity_classes/entity_class[@name='animalChicken']">    
			<drop event="Harvest" name="foodEgg" tag="butcherHarvest" count="1"/>    
			<drop event="Harvest" name="foodRawChicken" count="0" tool_category="Butcher"/>
			<drop event="Harvest" name="foodRawChicken" tag="butcherHarvest" count="10"/>
			<drop event="Harvest" name="foodRawChicken" count="2" tag="WasteTreasuresCompleteHarvest"/>
		</append>
	<!-- ▼▲▼▲▼▲▼▲▼▲▼▲▼▲▼▲▼▲▼▲▼▲▼▲▼▲▼▲▼▲▼▲▼▲▼▲▼▲▼▲▼▲▼▲▼▲▼▲▼▲▼▲▼▲ -->

	<!-- ▼▲▼▲▼▲▼▲▼▲▼▲▼▲▼▲▼▲ Junk turrets deco by Snufkin ▼▲▼▲▼▲▼▲▼▲▼▲▼▲▼▲▼▲ -->
		<append xpath="/entity_classes/entity_class[@name='junkTurretGun']">
			<effect_group>
				<triggered_effect trigger="onSelfFirstSpawn" action="AttachPrefabToEntity" local_offset=".01,0,.05" local_rotation="0,180,-90" prefab="@:Other/Items/Mods/Sides/side_attachment_flashlightPrefab.prefab" parent_transform="Muzzle" />
				<triggered_effect trigger="onSelfFirstSpawn" action="SetTransformActive" active="true" parent_transform="Muzzle" transform_path="lightSource"/>
			</effect_group>
		</append>
		<!-- Junk Turret Sledge -->
		<append xpath="/entity_classes/entity_class[@name='junkTurretSledge']">
			<effect_group>
				<triggered_effect trigger="onSelfFirstSpawn" action="AttachPrefabToEntity" local_offset=".01,0,.05" local_rotation="0,0,-90" prefab="@:Other/Items/Mods/Sides/side_attachment_flashlightPrefab.prefab" parent_transform="Head" />
				<triggered_effect trigger="onSelfFirstSpawn" action="SetTransformActive" active="true" parent_transform="Head" transform_path="lightSource"/>
			</effect_group>
		</append>
	<!-- ▼▲▼▲▼▲▼▲▼▲▼▲▼▲▼▲▼▲▼▲▼▲▼▲▼▲▼▲▼▲▼▲▼▲▼▲▼▲▼▲▼▲▼▲▼▲▼▲▼▲▼▲▼▲ -->

	<append xpath="/entity_classes">
	<!-- ▼▲▼▲▼▲▼▲▼▲▼▲▼▲▼▲▼▲ New Turret ▼▲▼▲▼▲▼▲▼▲▼▲▼▲▼▲▼▲ -->
		<entity_class name="junkTurretLegend">
			<property name="Tags" value="turret,turretRanged,deployed,noMedBuffs"/>
			<property name="Class" value="EntityTurret"/>
			<property name="Parent" value="NPC"/>
			<property name="Prefab" value="@:Other/Items/Weapons/Ranged/JunkTurret/junkTurret_Prefab.prefab"/>
			<property name="ModelType" value="Standard"/>
			<property name="SurfaceCategory" value="metal"/>
			<property name="IgnoreTrigger" value="true"/>
			<property name="LootListAlive" value="0"/>
			<property name="IsEnemyEntity" value="false"/>
			<property name="WakeUpTime" value="0.5"/>
			<property name="FallAsleepTime" value="10"/>
			<property name="YawRange" value="90"/>
			<!--  horizontal swivel range. Keep under 180.  -->
			<property name="PitchRange" value="85"/>
			<property name="TurnSpeed" value="30"/>
			<property name="MaxDistance" value="30"/>
			<property name="RaySpread" value="5"/>
			<property name="BurstRoundCount" value="1"/>
			<property name="BurstFireRate" value="1"/>
			<property name="CooldownTime" value="1"/>
			<property name="OvershootTime" value="0"/>
			<property name="MaxOwnerDistance" value="30"/>
			<property name="TargetingSound" value="turret_retarget_lp"/>
			<property name="OverheatSound" value="turret_overheat_lp"/>
			<property name="WakeUpSound" value="turret_windup"/>
			<property name="FireSound" value="junkturret_fire"/>
			<property name="ParticlesMuzzleFire" value="gunfire_junkturret"/>
			<!--  <property name="ParticlesMuzzleSmoke" value="nozzlesmokeuzi"/>  -->
			<property name="TimeStayAfterDeath" value="0"/>
			<property name="Explosion.ParticleIndex" value="6"/>
			<property name="Explosion.RadiusBlocks" value="1"/>
			<property name="Explosion.RadiusEntities" value="1"/>
			<property name="RotateToGround" value="true"/>
			<property name="Faction" value="none"/>
			<!-- <property name="MapIcon" value="ui_game_symbol_electric_turret"/> -->
			<property name="NavObject" value="junk_turret"/>
			<property name="TrackerIcon" value="ui_game_symbol_assemble"/>
			<effect_group name="Base Effects">
				<triggered_effect trigger="onSelfFirstSpawn" action="AttachPrefabToEntity" prefab="@:Other/Items/Weapons/Ranged/m60/m60MachinegunPrefab.prefabb" local_offset="0.01,0,0.09" local_rotation="180,0,90" parent_transform="Muzzle"/>

				<triggered_effect trigger="onSelfFirstSpawn" action="AttachPrefabToEntity" local_offset=".01,0,.05" local_rotation="0,180,-90" prefab="@:Other/Items/Mods/Sides/side_attachment_flashlightPrefab.prefab" parent_transform="Muzzle"/>
				<triggered_effect trigger="onSelfFirstSpawn" action="SetTransformActive" active="true" parent_transform="Muzzle" transform_path="lightSource"/>
				<passive_effect name="HealthMax" operation="base_set" value="500"/>
				<passive_effect name="StaminaMax" operation="base_set" value="500"/>
				<passive_effect name="WaterMax" operation="base_set" value="500"/>
			</effect_group>
		</entity_class>
	<!-- ▼▲▼▲▼▲▼▲▼▲▼▲▼▲▼▲▼▲▼▲▼▲▼▲▼▲▼▲▼▲▼▲▼▲▼▲▼▲▼▲▼▲▼▲▼▲▼▲ -->

	<!-- ▼▲▼▲▼▲▼▲▼▲▼▲▼▲▼▲▼▲ New Vehicles ▼▲▼▲▼▲▼▲▼▲▼▲▼▲▼▲▼▲ -->	
		<!--
		<entity_class name="MiniJeep">
			<property name="Class" value="EntityVJeep"/>
			<property name="Tags" value="vehicle,usesGas"/>
			<property name="Parent" value="Cars"/>
			<property name="SizeScale" value=".4"/>
			<property name="Prefab" value="@:Entities/Vehicles/jeep_Prefab.prefab"/>
			<property name="ModelType" value="Standard"/>
			<property name="SurfaceCategory" value="metal"/>
			<property name="IgnoreTrigger" value="true"/>
			<property name="LootListAlive" value="vehicle4x4Truck"/>
			<property name="IsEnemyEntity" value="false"/>
			<property name="Explosion.ParticleIndex" value="6"/>
			<property name="Explosion.RadiusBlocks" value="5"/>
			<property name="Explosion.RadiusEntities" value="5"/>
			<property name="Explosion.BlockDamage" value="100"/>
			<property name="Explosion.EntityDamage" value="100"/>
			<property name="RotateToGround" value="true"/>
			<property name="Faction" value="none"/>
			<property name="MapIcon" value="ui_game_symbol_4x4"/>
			<property name="NavObject" value="4x4" />
		</entity_class>
		-->

		<entity_class name="Betsy">
			<property name="Tags" value="vehicle,usesGas,bts"/>
			<property name="Class" value="EntityMotorcycle"/>
			<property name="Parent" value="Cars"/>
			<property name="Prefab" value="@:Entities/Vehicles/motorcycle_Prefab.prefab"/>
			<property name="ModelType" value="Standard"/>
			<property name="SurfaceCategory" value="metal"/>
			<property name="IgnoreTrigger" value="true"/>
			<property name="LootListAlive" value="betsyStorage"/>
			<property name="IsEnemyEntity" value="false"/>
			<property name="Explosion.ParticleIndex" value="6"/>
			<property name="Explosion.RadiusBlocks" value="4"/>
			<property name="Explosion.RadiusEntities" value="4"/>
			<property name="Explosion.BlockDamage" value="50"/>
			<property name="Explosion.EntityDamage" value="50"/>
			<property name="RotateToGround" value="true"/>
			<property name="Faction" value="none"/>
			<property name="MapIcon" value="ui_game_symbol_motorcycle"/>
			<property name="NavObject" value="motorcycle"/>
		</entity_class>
		<entity_class name="Betsy2">
			<property name="Tags" value="vehicle,bts"/>
			<property name="Class" value="EntityVBlimp"/>
			<property name="Parent" value="Cars"/>
			<property name="Prefab" value="@:Entities/Vehicles/motorcycle_Prefab.prefab"/>
			<property name="ModelType" value="Standard"/>
			<property name="SurfaceCategory" value="metal"/>
			<property name="IgnoreTrigger" value="true"/>
			<property name="LootListAlive" value="betsyStorage"/>
			<property name="IsEnemyEntity" value="false"/>
			<property name="Explosion.ParticleIndex" value="6"/>
			<property name="Explosion.RadiusBlocks" value="4"/>
			<property name="Explosion.RadiusEntities" value="4"/>
			<property name="Explosion.BlockDamage" value="50"/>
			<property name="Explosion.EntityDamage" value="50"/>
			<property name="RotateToGround" value="true"/>
			<property name="Faction" value="none"/>
			<property name="MapIcon" value="ui_game_symbol_motorcycle"/>
			<property name="NavObject" value="motorcycle"/>
		</entity_class>
		<entity_class name="SPOMoto">
			<property name="Tags" value="vehicle,btsT"/>
			<property name="Class" value="EntityMotorcycle"/>
			<property name="Parent" value="Cars"/>
			<property name="Prefab" value="@:Entities/Vehicles/motorcycle_Prefab.prefab"/>
			<property name="ModelType" value="Standard"/>
			<property name="SurfaceCategory" value="metal"/>
			<property name="IgnoreTrigger" value="true"/>
			<property name="LootListAlive" value="sPOStorage"/>
			<property name="IsEnemyEntity" value="false"/>
			<property name="Explosion.ParticleIndex" value="6"/>
			<property name="Explosion.RadiusBlocks" value="4"/>
			<property name="Explosion.RadiusEntities" value="4"/>
			<property name="Explosion.BlockDamage" value="50"/>
			<property name="Explosion.EntityDamage" value="50"/>
			<property name="RotateToGround" value="true"/>
			<property name="Faction" value="none"/>
			<property name="MapIcon" value="ui_game_symbol_motorcycle"/>
			<property name="NavObject" value="motorcycle"/>
		</entity_class>		
		<entity_class name="SPO4x4">
			<property name="Tags" value="vehicle,sp4x"/>
			<property name="Class" value="EntityVJeep"/>
			<property name="Parent" value="Cars"/>
			<property name="Prefab" value="@:Entities/Vehicles/jeep_Prefab.prefab"/>
			<property name="ModelType" value="Standard"/>
			<property name="SurfaceCategory" value="metal"/>
			<property name="IgnoreTrigger" value="true"/>
			<property name="LootListAlive" value="betsyStorage"/>
			<property name="IsEnemyEntity" value="false"/>
			<property name="Explosion.ParticleIndex" value="6"/>
			<property name="Explosion.ParticleIndex" value="6"/>
			<property name="Explosion.RadiusBlocks" value="5"/>
			<property name="Explosion.RadiusEntities" value="5"/>
			<property name="Explosion.BlockDamage" value="100"/>
			<property name="Explosion.EntityDamage" value="100"/>
			<property name="RotateToGround" value="true"/>
			<property name="Faction" value="none"/>
			<property name="MapIcon" value="ui_game_symbol_4x4"/>
			<property name="NavObject" value="4x4"/>
		</entity_class>
		<entity_class name="SPOGyro">
			<property name="Tags" value="vehicle,spGyr"/>
			<property name="Class" value="EntityVGyroCopter"/>
			<property name="Parent" value="Cars"/>
			<property name="Prefab" value="@:Entities/Vehicles/gyrocopter_Prefab.prefab"/>
			<property name="ModelType" value="Standard"/>
			<property name="SurfaceCategory" value="metal"/>
			<property name="IgnoreTrigger" value="true"/>
			<property name="LootListAlive" value="sPOStorage"/>
			<property name="IsEnemyEntity" value="false"/>
			<property name="Explosion.ParticleIndex" value="6"/>
			<property name="Explosion.RadiusBlocks" value="3"/>
			<property name="Explosion.RadiusEntities" value="3"/>
			<property name="Explosion.BlockDamage" value="30"/>
			<property name="Explosion.EntityDamage" value="30"/>
			<property name="RotateToGround" value="true"/>
			<property name="Faction" value="none"/>
			<property name="MapIcon" value="ui_game_symbol_gyrocopter"/>
			<property name="NavObject" value="gyrocopter"/>
		</entity_class>
		<!--
			<entity_class name="betsy4">
				<property name="Tags" value="vehicle,bts"/>
				<property name="Class" value="EntityMotorcycle"/>
				<property name="Parent" value="Cars"/>
				<property name="Prefab" value="@:Entities/Vehicles/motorcycle_Prefab.prefab"/>
				<property name="ModelType" value="Standard"/>
				<property name="SurfaceCategory" value="metal"/>
				<property name="IgnoreTrigger" value="true"/>
				<property name="LootListAlive" value="200"/>
				<property name="IsEnemyEntity" value="false"/>
				<property name="Explosion.ParticleIndex" value="6"/>
				<property name="Explosion.RadiusBlocks" value="4"/>
				<property name="Explosion.RadiusEntities" value="4"/>
				<property name="Explosion.BlockDamage" value="50"/>
				<property name="Explosion.EntityDamage" value="50"/>
				<property name="RotateToGround" value="true"/>
				<property name="Faction" value="none"/>
				<property name="MapIcon" value="ui_game_symbol_motorcycle"/>
				<property name="NavObject" value="motorcycle"/>
			</entity_class>
		-->
	<!-- ▼▲▼▲▼▲▼▲▼▲▼▲▼▲▼▲▼▲▼▲▼▲▼▲▼▲▼▲▼▲▼▲▼▲▼▲▼▲▼▲▼▲▼▲▼▲▼▲▼▲ -->	
	</append>
</configs>
