<MalenEI>	
    <set xpath="/materials/material[@id='MresourceScrapBrassSmall']/property[@name='Experience']/@value">0</set>
	<append xpath="/materials">
	<!-- ▼▲▼▲▼▲▼▲▼▲▼▲▼▲▼▲▼▲ New Stainless Steal ▼▲▼▲▼▲▼▲▼▲▼▲▼▲▼▲▼▲ -->
		<material id="MstainlessSteel">
			<property name="damage_category" value="metal"/>
			<property name="surface_category" value="metal"/>
			<property name="forge_category" value="iron"/>
			<property name="Hardness" type="float" value="1"/>
			<property name="stepsound" value="metal"/>
			<property name="stability_glue" value="300"/>
			<property name="Mass" type="int" value="20"/>
			<property name="explosionresistance" value="1.75"/>
			<property name="MaxDamage" value="20000"/>
			<property name="Experience" value="80"/>
		</material>
	<!-- ▼▲▼▲▼▲▼▲▼▲▼▲▼▲▼▲▼▲▼▲▼▲▼▲▼▲▼▲▼▲▼▲▼▲▼▲▼▲▼▲▼▲▼▲▼▲▼▲▼▲▼▲▼▲▼▲▼ -->
	<!-- ▼▲▼▲▼▲▼▲▼▲▼▲▼▲▼▲▼▲ New materials for Advance forge ▼▲▼▲▼▲▼▲▼▲▼▲▼▲▼▲▼▲ --> 
		 <material id="MresourceSilverNugget">
            <property name="damage_category" value="metal"/>
            <property name="surface_category" value="metal"/>
            <property name="Experience" value="160"/>
            <property name="forge_category" value="silver"/>
        </material>
        <material id="MresourceGoldNugget">
            <property name="damage_category" value="metal"/>
            <property name="surface_category" value="metal"/>
            <property name="Experience" value="240"/>
            <property name="forge_category" value="gold"/>
        </material>
        <material id="MresourceDiamondNugget">
            <property name="damage_category" value="metal"/>
            <property name="surface_category" value="metal"/>
            <property name="Experience" value="320"/>
            <property name="forge_category" value="diamon"/>
        </material>
         <material id="MresourcePractoniumNugget">
            <property name="damage_category" value="metal"/>
            <property name="surface_category" value="metal"/>
            <property name="Experience" value="240"/>
            <property name="forge_category" value="practo"/>
        </material>
		<material id="plaMould">
            <property name="damage_category" value="metal"/>
            <property name="surface_category" value="metal"/>
            <property name="Experience" value="240"/>
            <property name="forge_category" value="platinM"/>
        </material>
		<material id="praMould">
            <property name="damage_category" value="metal"/>
            <property name="surface_category" value="metal"/>
            <property name="Experience" value="240"/>
            <property name="forge_category" value="practoM"/>
        </material>
	<!-- ▼▲▼▲▼▲▼▲▼▲▼▲▼▲▼▲▼▲▼▲▼▲▼▲▼▲▼▲▼▲▼▲▼▲▼▲▼▲▼▲▼▲▼▲▼▲▼▲▼▲▼▲▼▲▼▲▼ -->
	</append>
	
	<!--
		<set xpath="/materials/material[@id='MstainlessSteel']/property[@name='Experience']/@value">80</set>
	-->
</MalenEI>
