<MalenCD>
    <append xpath="/blocks/block[@name='keystoneBlock']">
        <property name="Class" value="LandClaim"/>
        <property name="CreativeMode" value="Player"/>
        <property name="Material" value="Msteel"/>
        <property name="DisplayType" value="blockHardened"/>
        <property name="Texture" value="189"/>
        <property name="Weight" value="0"/>
        <property name="SortOrder2" value="0050"/>
        <!--  SortShape  -->
        <property class="RepairItems">
            <property name="resourceRockSmall" value="10"/>
        </property>
        <property name="IndexName" value="lpblock"/>
        <drop event="Destroy" count="0"/>
        <property name="Stacknumber" value="1"/>
        <property name="TakeDelay" value="30"/>
        <property name="Group" value="Building,advBuilding"/>
        <property name="EconomicValue" value="1"/>
        <property name="SellableToTrader" value="false"/>
        <property name="ActivationDistance" value="25"/>
        <property name="FilterTags" value="fbuilding"/>
        <property name="DisplayInfo" value="Custom"/>
        <property name="UseGlobalUV" value="Local"/>
        <!--  players want to see the flag rotated correctly  -->
        <property class="UpgradeBlock">
            <property name="ToBlock" value="woodMaster"/>
            <property name="Item" value="CD"/>
            <property name="ItemCount" value="1"/>
            <property name="UpgradeHitCount" value="1"/>
        </property>
    </append>
    
    <append xpath="/blocks">
        <block name="iDBterrAsphalt">
			<property name="CreativeMode" value="Dev"/>
			<property name="Material" value="Mbedrock"/>
			<property name="Shape" value="Terrain"/>
			<property name="Mesh" value="terrain"/>
			<property name="Texture" value="10"/>  
            <property name="Map.Color" value="204,177,131"/>   
			<property name="ImposterExclude" value="true"/>
			<drop event="Destroy" count="0"/>
			<property name="CanMobsSpawnOn" value="false"/>
			<property name="FilterTags" value="MC_outdoor,SC_terrain"/>
			<property name="DisplayType" value="blockTerrain"/>
			<property name="CustomIcon" value="terrStone"/>
            <property name="StabilityFull" value="true"/>            
			<!--
                <property name="Texture" value="1"/>
            <property name="Texture" value="10"/>  
            <property name="Map.Color" value="204,177,131"/>               
            -->
		</block>        
        <block name="iDBSecStorage">
			<property name="CreativeMode" value="Player"/>
			<property name="ItemTypeIcon" value="lock"/>
			<property name="CustomIcon" value="cntHardenedChestSecure"/>			
			<property name="Stacknumber" value="100"/>	
			<property name="CustomIconTint" value="30,30,30"/>		
			<property name="Shape" value="ModelEntity"/>
			<property name="Path" value="solid"/>
			<property name="Model" value="@:Entities/LootContainers/tier4LootChestPrefab.prefab"/>			
			<property name="Place" value="TowardsPlacerInverted"/>
			<property name="DescriptionKey" value="cntStorageGenericDesc"/>
			<property name="Tags" value="door"/>
			<property name="Class" value="SecureLoot"/>
			<property name="LootList" value="storageCrate"/>
			<property name="Material" value="Mbedrock"/>
			<property name="MaxDamage" value="10000"/>
			<property name="PassThroughDamage" value="false"/>
			<property name="Texture" value="62,64,64,64,64,64"/>
			<property name="UseGlobalUV" value="L,L,L,L,L,L"/>
			<drop event="Destroy" count="0"/>
			<property name="Group" value="Building,advBuilding"/>
			<property name="EconomicValue" value="690"/>
			<property name="FilterTags" value="floot"/>
            <property class="UpgradeBlock">
				<property name="ToBlock" value="cntHardenedChestSecure"/>
				<property name="Item" value="CD"/>
				<property name="ItemCount" value="1"/>
				<property name="UpgradeHitCount" value="1"/>
			</property>
		</block>
        <block name="eventMetalCatwalkTrap">
            <property name="Extends" value="metalCatwalk"/>
            <property name="Model" value="Plate" />
            <property name="CustomIcon" value="shapePlate"/>

            <property name="StabilityFull" value="true"/>

            <property name="CustomIconTint" value="ff8000"/>
            <property name="CreativeMode" value="Dev"/>
            <property name="Class" value="TrapDoor"/>
            <property name="Material" value="Mspecial"/>
            <property name="BuffsWhenWalkedOn" value="hfEventRoom"/>            
            <property name="FallDamage" value=".5"/>
            <property name="TriggerDelay" value="0.25"/>
            <property name="TriggerSound" value="stepmetalbigcreak"/>
            <property name="DescriptionKey" value="looseBoardsTrapBlock1x1Desc"/>
            <drop event="Fall" count="0" prob="0"/>
            <property name="ShowModelOnFall" value="true"/>
        </block>
        
        <!--Dev Special Shapes Invensible Dev Blocks-->
        <block name="iDB_stainlessSteelBlock">
            <property name="Group" value="Building,advBuilding"/>
            <property name="DescriptionKey" value="stainlessSteelBlockGroupDesc"/>
            <property name="DisplayType" value="blockHardened"/>
            <property name="StabilityFull" value="true"/>
            <!--  <property name="ImposterExchange" value="imposterBlock" param1="77"/>  -->
            <property name="CreativeMode" value="Player"/>
            <drop event="Harvest" name="resourceScrapIron" count="15" tag="allHarvest"/>
            <drop event="Destroy" count="0"/>
            <drop event="Fall" name="scrapMetalPile" count="1" prob="0.75" stick_chance="1"/>
             

            <property name="EconomicBundleSize" value="1"/>
            <property name="SellableToTrader" value="false"/>
            <property name="FilterTags" value="fbuilding,fsteel"/>

            <property name="Material" value="Mbedrock"/>
            <property name="ItemTypeIcon" value="star"/>
            <property name="CustomIcon" value="shapeCube"/>
            <property name="CustomIconTint" value="10,10,10"/>

            <property name="CreativeMode" value="Player"/>
            
            <!--<property name="BuffsWhenWalkedOn" value="hfBossRoom"/>-->
            <property name="Texture" value="62"/>
            <property class="UpgradeBlock">
                <property name="ToBlock" value="woodMaster"/>
                <property name="Item" value="CD"/>
                <property name="ItemCount" value="1"/>
                <property name="UpgradeHitCount" value="1"/>
            </property>
        </block>
        <block name="iDB_stainlessSteelPlate">
            <property name="Extends" value="iDB_stainlessSteelBlock"/>
            <property name="CreativeMode" value="Player"/>
            <property name="Shape" value="New"/>
            <property name="CustomIcon" value="shapePlate"/>
            <property name="Model" value="Plate"/>
            
            <property name="Texture" value="580"/>
            <!--  SortShape  -->
        </block>
        <block name="iDB_steelSheet">
			<property name="CustomIcon" value="glassBusinessSheet"/>
			<property name="CustomIconTint" value="434B4D"/>
			<property name="DisplayType" value="blockHardened"/>
			<property name="DescriptionKey" value="scrapIronGroupDesc"/>
			<property name="Material" value="Mbedrock"/>
			<property name="Shape" value="New"/>
			<property name="Model" value="billboard"/>
			<!-- <property name="HandleFace" value="South"/> -->
			<property name="SortOrder2" value="0181"/>

            <property name="WaterFlow" value="permitted"/>
			<property name="StabilitySupport" value="false"/>
            <property name="BuffsWhenWalkedOn" value="hfBossRoom"/>

			<property name="FallDamage" value=".5"/>
			<!-- SortShape -->
			<property name="SortOrder1" value="40e0"/>
			<property name="Place" value="TowardsPlacerInverted"/>
			<!--<property name="Texture" value="62"/>-->
			<property name="Texture" value="191"/>
			<property class="UpgradeBlock">
				<property name="ToBlock" value="frameShapes:cube"/>
				<property name="Item" value="CD"/>
				<property name="ItemCount" value="1"/>
				<property name="UpgradeHitCount" value="1"/>
			</property>

			<drop event="Destroy" name="resourceScrapIron" count="50,90"/>
		</block>
        <block name="iDB_stainlessSteelPlateHalfTriangle">
            <property name="Extends" value="iDB_stainlessSteelBlock"/>
            <property name="CustomIcon" value="shapePlateHalfTriangle"/>
            <property name="CreativeMode" value="Player"/>
            <property name="Shape" value="New"/>
            <property name="Model" value="plate_half_triangle"/>
            <property name="Texture" value="580"/>
            <!--  SortShape  -->
        </block>

        <block name="invD_stainlessSteelBlock">
            <property name="Group" value="Building,advBuilding"/>
            <property name="DescriptionKey" value="stainlessSteelBlockGroupDesc"/>
            <property name="DisplayType" value="blockHardened"/>
            <!--  <property name="ImposterExchange" value="imposterBlock" param1="77"/>  -->
            <property name="CreativeMode" value="Player"/>
            <drop event="Harvest" name="resourceScrapIron" count="15" tag="allHarvest"/>
            <drop event="Destroy" count="0"/>
            <drop event="Fall" name="scrapMetalPile" count="1" prob="0.75" stick_chance="1"/>

            <property name="EconomicBundleSize" value="1"/>
            <property name="SellableToTrader" value="false"/>
            <property name="FilterTags" value="fbuilding,fsteel"/>

            <property name="Material" value="Mbedrock"/>
            <property name="ItemTypeIcon" value="star"/>
            <property name="CustomIcon" value="shapeCube"/>
            <property name="CustomIconTint" value="10,10,10"/>

            <property name="CreativeMode" value="Player"/>
            
            <!--<property name="BuffsWhenWalkedOn" value="hfBossRoom"/>-->
            <property name="Texture" value="62"/>
            <property class="UpgradeBlock">
                <property name="ToBlock" value="woodMaster"/>
                <property name="Item" value="CD"/>
                <property name="ItemCount" value="1"/>
                <property name="UpgradeHitCount" value="1"/>
            </property>
        </block>
        <block name="invD_stainlessSteelPlate">
            <property name="Extends" value="invD_stainlessSteelBlock"/>
            <property name="CreativeMode" value="Player"/>
            <property name="Shape" value="New"/>
            <property name="CustomIcon" value="shapePlate"/>
            <property name="Model" value="Plate"/>

            <property name="Texture" value="580"/>
            <!--  SortShape  -->
        </block>
        <block name="invD_steelSheet">
			<property name="CustomIcon" value="glassBusinessSheet"/>
			<property name="CustomIconTint" value="434B4D"/>
			<property name="DisplayType" value="blockHardened"/>
			<property name="DescriptionKey" value="scrapIronGroupDesc"/>
			<property name="Material" value="Mbedrock"/>
			<property name="Shape" value="New"/>
			<property name="Model" value="billboard"/>
			<!-- <property name="HandleFace" value="South"/> -->
			<property name="SortOrder2" value="0181"/>

			<property name="StabilitySupport" value="false"/>
            <property name="BuffsWhenWalkedOn" value="hfBossRoom"/>

			<property name="FallDamage" value=".5"/>
			<!-- SortShape -->
			<property name="SortOrder1" value="40e0"/>
			<property name="Place" value="TowardsPlacerInverted"/>
			<!--<property name="Texture" value="62"/>-->
			<property name="Texture" value="191"/>
			<property class="UpgradeBlock">
				<property name="ToBlock" value="frameShapes:cube"/>
				<property name="Item" value="CD"/>
				<property name="ItemCount" value="1"/>
				<property name="UpgradeHitCount" value="1"/>
			</property>

			<drop event="Destroy" name="resourceScrapIron" count="50,90"/>
		</block>
        <block name="INVD_stainlessSteelPlateHalfTriangle">
            <property name="Extends" value="invD_stainlessSteelBlock"/>
            <property name="CustomIcon" value="shapePlateHalfTriangle"/>
            <property name="CreativeMode" value="Player"/>
            <property name="Shape" value="New"/>
            <property name="Model" value="plate_half_triangle"/>
            <property name="Texture" value="580"/>
            <!--  SortShape  -->
        </block>

        

        <!--
        <block name="INVD_metalSignLetter_i">
            <property name="Extends" value="metalSignLetter_a"/>
            <property name="ItemTypeIcon" value="star"/>
            <property name="CreativeMode" value="Player"/>
            <property name="CustomIcon" value="metalSignLetter_i"/>
            <property name="CustomIconTint" value="10,10,10"/>
            <property name="Model" value="font_i"/>
            <property name="Material" value="Mbedrock"/>
            <property class="UpgradeBlock">
                <property name="ToBlock" value="woodMaster"/>
                <property name="Item" value="CD"/>
                <property name="ItemCount" value="1"/>
                <property name="UpgradeHitCount" value="1"/>
            </property>
        </block>
        <block name="INVD_metalSignLetter_t">
            <property name="Extends" value="INVD_metalSignLetter_i"/>
            <property name="CustomIcon" value="metalSignLetter_t"/>
            <property name="Model" value="font_t"/>
        </block>        
        <block name="INVD_metalSignLetter_cross">
            <property name="Extends" value="INVD_metalSignLetter_i"/>
            <property name="CustomIcon" value="metalSignLetter_cross"/>
            <property name="Model" value="font_cross"/>
        </block>
        -->

        <!--
        <block name="iDB_metalSignLetter_i">
            <property name="Extends" value="metalSignLetter_a"/>
            <property name="ItemTypeIcon" value="star"/>
            <property name="CreativeMode" value="Player"/>
            <property name="CustomIcon" value="metalSignLetter_i"/>
            <property name="CustomIconTint" value="10,10,10"/>
            <property name="Model" value="font_i"/>
            <property name="Material" value="Mbedrock"/>
            <property class="UpgradeBlock">
                <property name="ToBlock" value="woodMaster"/>
                <property name="Item" value="CD"/>
                <property name="ItemCount" value="1"/>
                <property name="UpgradeHitCount" value="1"/>
            </property>
        </block>
        <block name="iDB_metalSignLetter_t">
            <property name="Extends" value="INVD_metalSignLetter_i"/>
            <property name="CustomIcon" value="metalSignLetter_t"/>
            <property name="Model" value="font_t"/>
        </block>        
        <block name="iDB_metalSignLetter_cross">
            <property name="Extends" value="INVD_metalSignLetter_i"/>
            <property name="CustomIcon" value="metalSignLetter_cross"/>
            <property name="Model" value="font_cross"/>
        </block>
        -->
        <!--    
        <block name="invD_metalSignLetter_i">
            <property name="Extends" value="metalSignLetter_a"/>
            <property name="ItemTypeIcon" value="star"/>
            <property name="CreativeMode" value="Player"/>
            <property name="CustomIcon" value="metalSignLetter_i"/>
            <property name="CustomIconTint" value="10,10,10"/>
            <property name="Model" value="font_i"/>
            <property name="Material" value="Mbedrock"/>
            <property class="UpgradeBlock">
                <property name="ToBlock" value="woodMaster"/>
                <property name="Item" value="CD"/>
                <property name="ItemCount" value="1"/>
                <property name="UpgradeHitCount" value="1"/>
            </property>
        </block>
        <block name="invD_metalSignLetter_t">
            <property name="Extends" value="INVD_metalSignLetter_i"/>
            <property name="CustomIcon" value="metalSignLetter_t"/>
            <property name="Model" value="font_t"/>
        </block>        
        <block name="invD_metalSignLetter_cross">
            <property name="Extends" value="INVD_metalSignLetter_i"/>
            <property name="CustomIcon" value="metalSignLetter_cross"/>
            <property name="Model" value="font_cross"/>
        </block>
        -->

        <block name="INVD_StairsFilledRailingLeft">
            <property name="Extends" value="invD_stainlessSteelBlock"/>
            <property name="CreativeMode" value="Player"/>
            <property name="Shape" value="New"/>
            <property name="DisplayType" value="blockMulti"/>
            <property name="MultiBlockDim" value="1,2,1"/>
            <property name="CustomIcon" value="woodStairsFilledRailingLeft"/>
            <property name="Model" value="Stairs_filled_railing_left"/>

            <property name="Texture" value="580"/>
            <!--  SortShape  -->
        </block>
        <block name="INVD_FilledRailingRight">
            <property name="Extends" value="invD_stainlessSteelBlock"/>
            <property name="CreativeMode" value="Player"/>
            <property name="Shape" value="New"/>
            <property name="DisplayType" value="blockMulti"/>
            <property name="MultiBlockDim" value="1,2,1"/>
            <property name="CustomIcon" value="woodStairsFilledRailingRight"/>
            <property name="Model" value="Stairs_filled_railing_right"/>

            <property name="Texture" value="580"/>
            <!--  SortShape  -->
        </block>
        <block name="INVD_StairsFilledVertical">
            <property name="Extends" value="invD_stainlessSteelBlock"/>
            <property name="CreativeMode" value="Player"/>
            <property name="Shape" value="New"/>
            <property name="CustomIcon" value="woodStairs25"/>
            <property name="Model" value="StairsFilledVerticalUV"/>

            <property name="Texture" value="580"/>
            <!--  SortShape  -->
        </block>        
        <block name="InvDevStairsRailing">
			<property name="Shape" value="New"/>
			<property name="Model" value="stairs_railing"/>
			<property name="Place" value="TowardsPlacerInverted"/>
			<property name="CustomIcon" value="shapeStairsRailing"/>
			<property name="DescriptionKey" value="scrapIronGroupDesc"/>
			<property name="ShapeCategories" value="Stairs"/>
			<property name="DisplayType" value="blockHardened"/>
			<property name="Material" value="Mbedrock"/>
			<property name="MaterialHitpointMultiplier" value="1"/>
			<property name="UseGlobalUV" value="Local"/>
			<property name="StabilitySupport" value="false"/>
			<property name="MultiBlockDim" value="1,2,1"/>
			<property name="Collide" value="movement,melee,bullet,arrow,rocket"/>
			<property name="Texture" value="191"/>
			<drop event="Destroy" name="resourceScrapIron" count="50,90"/>
		</block>
        <block name="INVD_stainlessSteelRamp">
            <property name="Extends" value="invD_stainlessSteelBlock"/>
            <property name="CreativeMode" value="Player"/>
            <property name="CustomIcon" value="stainlessSteelRamp"/>
            <property name="Shape" value="New"/>
            <property name="Model" value="ramp"/>
            <property name="Place" value="TowardsPlacerInverted"/>
        </block>
        <block name="INVD_Bars">
            <property name="CustomIcon" value="ironBarsCentered"/>
            <property name="CustomIconTint" value="10,10,10"/>
            <property name="DisplayType" value="blockHardened"/>
            <property name="Material" value="Mbedrock"/>
            <property name="ItemTypeIcon" value="star"/>
            <property name="Shape" value="New"/>
            <property name="LightOpacity" value="0"/>
            <property name="Texture" value="580"/>
            <property name="UseGlobalUV" value="Local"/>
            <property name="Model" value="iron_bars"/>
            <property name="ImposterExcludeAndStop" value="true"/>
            <property name="Place" value="TowardsPlacer"/>
            <property name="OnlySimpleRotations" value="false"/>
            <property name="Collide" value="movement,melee,rocket"/>
            <!--  -rocket  -->
            <property class="RepairItems">
                <property name="resourceForgedSteel" value="10"/>
            </property>
            <drop event="Harvest" name="resourceScrapIron" count="96" tag="allHarvest"/>
            <drop event="Destroy" count="0"/>
            <drop event="Fall" name="scrapMetalPile" count="1" prob="0.75" stick_chance="1"/>
            <property name="Group" value="Building,advBuilding"/>
            <property name="EconomicValue" value="10"/>
            <property name="DescriptionKey" value="ironBarsDesc"/>
            <property name="FilterTags" value="fdecor,fother,fwindows,fdoors"/>
            <property name="SortOrder1" value="7060"/>
            <property name="SortOrder2" value="0061"/>
            <!--  SortDoors  -->
        </block>

        <block name="iDB_StairsFilledRailingLeft">
            <property name="Extends" value="iDB_stainlessSteelBlock"/>
            <property name="CreativeMode" value="Player"/>
            <property name="Shape" value="New"/>
            <property name="DisplayType" value="blockMulti"/>
            <property name="MultiBlockDim" value="1,2,1"/>
            <property name="CustomIcon" value="woodStairsFilledRailingLeft"/>
            <property name="Model" value="Stairs_filled_railing_left"/>
            <property name="Texture" value="580"/>
            <!--  SortShape  -->
        </block>
        <block name="iDB_FilledRailingRight">
            <property name="Extends" value="iDB_stainlessSteelBlock"/>
            <property name="CreativeMode" value="Player"/>
            <property name="Shape" value="New"/>
            <property name="DisplayType" value="blockMulti"/>
            <property name="MultiBlockDim" value="1,2,1"/>
            <property name="CustomIcon" value="woodStairsFilledRailingRight"/>
            <property name="Model" value="Stairs_filled_railing_right"/>

            <property name="Texture" value="580"/>
            <!--  SortShape  -->
        </block>
        <block name="iDB_StairsFilledVertical">
            <property name="Extends" value="iDB_stainlessSteelBlock"/>
            <property name="CreativeMode" value="Player"/>
            <property name="Shape" value="New"/>
            <property name="CustomIcon" value="woodStairs25"/>
            <property name="Model" value="StairsFilledVerticalUV"/>

            <property name="Texture" value="580"/>
            <!--  SortShape  -->
        </block>        
        <block name="iDB_StairsRailing">
			<property name="Shape" value="New"/>
			<property name="Model" value="stairs_railing"/>
			<property name="Place" value="TowardsPlacerInverted"/>
			<property name="CustomIcon" value="shapeStairsRailing"/>
			<property name="DescriptionKey" value="scrapIronGroupDesc"/>
			<property name="ShapeCategories" value="Stairs"/>
			<property name="DisplayType" value="blockHardened"/>
			<property name="Material" value="Mbedrock"/>
			<property name="MaterialHitpointMultiplier" value="1"/>
			<property name="UseGlobalUV" value="Local"/>
			<property name="StabilitySupport" value="false"/>
			<property name="MultiBlockDim" value="1,2,1"/>
			<property name="Collide" value="movement,melee,bullet,arrow,rocket"/>
			<property name="Texture" value="191"/>
			<drop event="Destroy" name="resourceScrapIron" count="50,90"/>
		</block>
        <block name="iDB_stainlessSteelRamp">
            <property name="Extends" value="iDB_stainlessSteelBlock"/>
            <property name="CreativeMode" value="Player"/>
            <property name="CustomIcon" value="stainlessSteelRamp"/>
            <property name="Shape" value="New"/>
            <property name="Model" value="ramp"/>
            <property name="Place" value="TowardsPlacerInverted"/>
        </block>
        <block name="iDB_Bars">
            <property name="CustomIcon" value="ironBarsCentered"/>
            <property name="CustomIconTint" value="10,10,10"/>
            <property name="DisplayType" value="blockHardened"/>
            <property name="Material" value="Mbedrock"/>
            <property name="ItemTypeIcon" value="star"/>
            <property name="Shape" value="New"/>
            <property name="LightOpacity" value="0"/>
            <property name="Texture" value="580"/>
            <property name="UseGlobalUV" value="Local"/>
            <property name="Model" value="iron_bars"/>
            <property name="ImposterExcludeAndStop" value="true"/>
            <property name="Place" value="TowardsPlacer"/>
            <property name="OnlySimpleRotations" value="false"/>
            <property name="Collide" value="movement,melee,rocket"/>
            <!--  -rocket  -->
            <property class="RepairItems">
                <property name="resourceForgedSteel" value="10"/>
            </property>
            <drop event="Harvest" name="resourceScrapIron" count="96" tag="allHarvest"/>
            <drop event="Destroy" count="0"/>
            <drop event="Fall" name="scrapMetalPile" count="1" prob="0.75" stick_chance="1"/>
            <property name="Group" value="Building,advBuilding"/>
            <property name="EconomicValue" value="10"/>
            <property name="DescriptionKey" value="ironBarsDesc"/>
            <property name="FilterTags" value="fdecor,fother,fwindows,fdoors"/>
            <property name="SortOrder1" value="7060"/>
            <property name="SortOrder2" value="0061"/>
            <!--  SortDoors  -->
        </block>
        <!---->

        <!-- Dev Doors-->
        <block name="invDevRollUpDoor3x3White">
            <property name="Extends" value="rollUpDoor3x3White"/>
            <property name="CustomIcon" value="rollUpDoor3x3White"/>
            <property name="Material" value="Mbedrock"/>
            <property name="StabilitySupport" value="false"/>
            <property class="UpgradeBlock">
				<property name="ToBlock" value="rollUpDoor3x3White"/>
				<property name="Item" value="CD"/>
				<property name="ItemCount" value="1"/>
				<property name="UpgradeHitCount" value="1"/>
			</property>
        </block>
        <block name="invDevRollUpDoor3x3Black">
            <property name="Extends" value="rollUpDoor3x3White"/>            
            <property name="Material" value="Mbedrock"/>
            <property name="CustomIcon" value="rollUpDoor3x3White"/>
            <property name="CustomIconTint" value="000000"/>
            <property name="TintColor" value="000000"/>
            <property name="StabilitySupport" value="false"/>
            <property class="UpgradeBlock">
				<property name="ToBlock" value="rollUpDoor3x3White"/>
				<property name="Item" value="CD"/>
				<property name="ItemCount" value="1"/>
				<property name="UpgradeHitCount" value="1"/>
			</property>
        </block>
        <block name="invDevrollUpDoor5x4White">
            <property name="Extends" value="rollUpDoor5x4White"/>   
            <property name="CustomIcon" value="rollUpDoor5x4White"/>          
            <property name="Material" value="Mbedrock"/>
            <property name="StabilitySupport" value="false"/>
            <property class="UpgradeBlock">
				<property name="ToBlock" value="rollUpDoor5x4White"/>
				<property name="Item" value="CD"/>
				<property name="ItemCount" value="1"/>
				<property name="UpgradeHitCount" value="1"/>
			</property>
        </block>
        <block name="invDevRollUpDoor5x4Black">
            <property name="Extends" value="invDevrollUpDoor5x4White"/> 
            <property name="CustomIconTint" value="000000"/>
            <property name="TintColor" value="000000"/>
            <property name="StabilitySupport" value="false"/>
            <property class="UpgradeBlock">
				<property name="ToBlock" value="rollUpDoor5x4White"/>
				<property name="Item" value="CD"/>
				<property name="ItemCount" value="1"/>
				<property name="UpgradeHitCount" value="1"/>
			</property>
        </block>
        
        <block name="invDevRollUpDoor7x4White">
            <property name="Extends" value="rollUpDoor7x4White"/>   
            <property name="CustomIcon" value="rollUpDoor7x4White"/>
            <property name="Material" value="Mbedrock"/>            
            <property name="StabilitySupport" value="false"/>
            <property class="UpgradeBlock">
				<property name="ToBlock" value="rollUpDoor7x4White"/>
				<property name="Item" value="CD"/>
				<property name="ItemCount" value="1"/>
				<property name="UpgradeHitCount" value="1"/>
			</property>
        </block>
        <block name="invDevRollUpDoor7x4Black">
            <property name="Extends" value="rollUpDoor7x4White"/>   
            <property name="CustomIcon" value="rollUpDoor7x4White"/>
            <property name="CustomIconTint" value="000000"/>
            <property name="TintColor" value="000000"/>
            <property name="Material" value="Mbedrock"/>            
            <property name="StabilitySupport" value="false"/>
            <property class="UpgradeBlock">
				<property name="ToBlock" value="rollUpDoor7x4White"/>
				<property name="Item" value="CD"/>
				<property name="ItemCount" value="1"/>
				<property name="UpgradeHitCount" value="1"/>
			</property>
        </block>

        <block name="iDBRollUpDoor3x3White">
            <property name="Extends" value="rollUpDoor3x3White"/>
            <property name="CustomIcon" value="rollUpDoor3x3White"/>
            <property name="Material" value="Mbedrock"/>
            <property name="StabilitySupport" value="false"/>
            <property class="UpgradeBlock">
				<property name="ToBlock" value="rollUpDoor3x3White"/>
				<property name="Item" value="CD"/>
				<property name="ItemCount" value="1"/>
				<property name="UpgradeHitCount" value="1"/>
			</property>
        </block>
        <block name="iDBRollUpDoor3x3Black">
            <property name="Extends" value="rollUpDoor3x3White"/>            
            <property name="Material" value="Mbedrock"/>
            <property name="CustomIcon" value="rollUpDoor3x3White"/>
            <property name="CustomIconTint" value="000000"/>
            <property name="TintColor" value="000000"/>
            <property name="StabilitySupport" value="false"/>
            <property class="UpgradeBlock">
				<property name="ToBlock" value="rollUpDoor3x3White"/>
				<property name="Item" value="CD"/>
				<property name="ItemCount" value="1"/>
				<property name="UpgradeHitCount" value="1"/>
			</property>
        </block>
        <block name="iDBrollUpDoor5x4White">
            <property name="Extends" value="rollUpDoor5x4White"/>   
            <property name="CustomIcon" value="rollUpDoor5x4White"/>          
            <property name="Material" value="Mbedrock"/>
            <property name="StabilitySupport" value="false"/>
            <property class="UpgradeBlock">
				<property name="ToBlock" value="rollUpDoor5x4White"/>
				<property name="Item" value="CD"/>
				<property name="ItemCount" value="1"/>
				<property name="UpgradeHitCount" value="1"/>
			</property>
        </block>
        <block name="iDBRollUpDoor5x4Black">
            <property name="Extends" value="iDBrollUpDoor5x4White"/>   
            <property name="CustomIconTint" value="000000"/>
            <property name="TintColor" value="000000"/>
        </block>
        <block name="iDBRollUpDoor5x4BlackLobby">
            <property name="Extends" value="iDBRollUpDoor5x4Black"/>              
            <property name="StabilitySupport" value="true"/>
        </block>
        <block name="iDBRollUpDoor7x4White">
            <property name="Extends" value="rollUpDoor7x4White"/>   
            <property name="CustomIcon" value="rollUpDoor7x4White"/>
            <property name="Material" value="Mbedrock"/>            
            <property name="StabilitySupport" value="false"/>
            <property class="UpgradeBlock">
				<property name="ToBlock" value="rollUpDoor7x4White"/>
				<property name="Item" value="CD"/>
				<property name="ItemCount" value="1"/>
				<property name="UpgradeHitCount" value="1"/>
			</property>
        </block>
        <block name="iDBRollUpDoor7x4Black">
            <property name="Extends" value="iDBRollUpDoor7x4White"/>
            <property name="CustomIconTint" value="000000"/>
            <property name="TintColor" value="000000"/>          
        </block>
        
        <block name="invDevVaultDoor03">
            <property name="CustomIcon" value="vaultDoor01"/>

            <property name="Material" value="Mbedrock"/>      

            <!-- Class -->
            <property name="Class" value="DoorSecure"/>
            <property name="OpenSound" value="open_door_vault"/>
            <property name="CloseSound" value="close_door_vault"/>
            <property name="IndexName" value="TraderOnOff"/>
            <!-- UI_Info -->
            <property name="DisplayType" value="blockHardenedMulti"/>
            <property name="DescriptionKey" value="doorGroupDesc"/>
            <property name="Stacknumber" value="500"/>
            <!-- Visual -->           
            <property name="Shape" value="ModelEntity"/>
            <property name="Model" value="Entities/Doors/vaultDoor/vaultDoorPrefab"/>
            <property name="ModelOffset" value="0,0,0"/>
            <property name="MultiBlockDim" value="1,2,1"/>
            <property name="ImposterExchange" value="imposterBlock" param1="77"/>
            <property name="LightOpacity" value="1"/>
            <property name="WaterFlow" value="permitted"/>
            <!-- Placement -->
            <property name="Place" value="Door"/>
            <property name="PlaceEverywhere" value="true"/>
            <property name="AllowAllRotations" value="true"/>
            <property name="StabilitySupport" value="false"/>
            <!-- Value -->
            <property name="SellableToTrader" value="false"/>
            <!-- Interaction -->
            <property name="MaxDamage" value="15000"/>
            <property name="StartDamage" value="0"/>
            <property name="PassThroughDamage" value="true"/>
            <property name="Stage2Health" value="1"/>
            <property name="MeshDamage" value="
                Door/DMG0, 15000,
                Door/DMG1, 10000,
                Door/DMG2, 5000,
                -, 1
                "/>
            <property class="RepairItems">
                <property name="resourceForgedSteel" value="11"/>
            </property>
            <property class="RepairItemsMeshDamage">
                <property name="resourceForgedSteel" value="1"/>
            </property>
            <drop event="Harvest" name="terrStone" count="0" tool_category="Disassemble"/>
            <drop event="Harvest" name="resourceScrapIron" count="96" tag="allHarvest"/>
            <drop event="Destroy" count="0"/>
            <drop event="Fall" name="scrapMetalPile" count="1" prob="0.75" stick_chance="1"/>
            <!-- Sorting -->
            <property name="SortOrder1" value="B303"/>
            <property name="SortOrder2" value="000"/>
            <property name="Group" value="Building,advBuilding"/>
            <property name="Tags" value="door"/>
            <property name="BlockTag" value="Door"/>
            <property name="FilterTags" value="MC_building,SC_doors,A21_NEW"/>

            <property class="UpgradeBlock">
				<property name="ToBlock" value="vaultDoor01"/>
				<property name="Item" value="CD"/>
				<property name="ItemCount" value="1"/>
				<property name="UpgradeHitCount" value="1"/>
			</property>
            
        </block>
        <block name="invDevVaultHatch_v3">
            <property name="Extends" value="vaultHatch01"/>
            <property name="CustomIcon" value="vaultHatch01"/>
            <property name="Material" value="Mbedrock"/>
            <property name="SortOrder1" value="A000"/>
	        <property name="SortOrder2" value="0000"/>
            <property class="UpgradeBlock">
				<property name="ToBlock" value="vaultHatch01"/>
				<property name="Item" value="CD"/>
				<property name="ItemCount" value="1"/>
				<property name="UpgradeHitCount" value="1"/>
			</property>   
        </block>      
        <block name="invScrapHatch_v2">
			<property name="Extends" value="ironHatchWhite"/>
            <property name="CustomIcon" value="ironHatchWhite"/>
	        <property name="CustomIconTint" value="6A6A6A"/>
            <property name="TintColor" value="6A6A6A"/>
            <property name="SortOrder2" value="0008"/>
			<property name="Material" value="Mbedrock"/>
			<property class="UpgradeBlock">
				<property name="ToBlock" value="ironHatchWhite"/>
				<property name="Item" value="CD"/>
				<property name="ItemCount" value="1"/>
				<property name="UpgradeHitCount" value="1"/>
			</property>
		</block>       
        <block name="invWoodHatch1_v2">
			<property name="Extends" value="woodHatch"/>
            <property name="CustomIcon" value="woodHatch"/>            
            <property name="Material" value="Mbedrock"/>
			<property class="UpgradeBlock">
				<property name="ToBlock" value="woodHatch"/>
				<property name="Item" value="CD"/>
				<property name="ItemCount" value="1"/>
				<property name="UpgradeHitCount" value="1"/>
			</property>
		</block>

        <block name="iDBVaultDoor01">
            <property name="Extends" value="vaultDoor01"/>
            <property name="CustomIcon" value="vaultDoor01"/>
            <property name="Material" value="Mbedrock"/>
            <property name="AllowAllRotations" value="true"/>
            <property name="StabilitySupport" value="false"/>            
            <property name="MaxDamage" value="30000"/>
            <property name="MeshDamage" value="
                Door/DMG0, 30000,
                Door/DMG1, 10000,
                Door/DMG2, 5000,
                -, 1
                "/>
                <property class="UpgradeBlock">
				<property name="ToBlock" value="vaultDoor01"/>
				<property name="Item" value="CD"/>
				<property name="ItemCount" value="1"/>
				<property name="UpgradeHitCount" value="1"/>
			</property>            
        </block>
        <block name="iDBVaultHatch01">
            <property name="Extends" value="vaultHatch01"/>\
            <property name="Material" value="Mbedrock"/>
            <property name="CustomIcon" value="vaultHatch01"/>           
            <property name="MaxDamage" value="30000"/>
            <property name="SortOrder1" value="B334"/>
            <property name="SortOrder2" value="0000"/>
            <!-- build restriction -->
            <property class="UpgradeBlock">
				<property name="ToBlock" value="vaultHatch01"/>
				<property name="Item" value="CD"/>
				<property name="ItemCount" value="1"/>
				<property name="UpgradeHitCount" value="1"/>
			</property>   
        </block>
        <block name="iDBWoodHatch">
			<property name="Extends" value="woodHatch"/>
            <property name="CustomIcon" value="woodHatch"/>            
            <property name="Material" value="Mbedrock"/>
			<property class="UpgradeBlock">
				<property name="ToBlock" value="woodHatch"/>
				<property name="Item" value="CD"/>
				<property name="ItemCount" value="1"/>
				<property name="UpgradeHitCount" value="1"/>
			</property>
            <property name="MaxDamage" value="30000"/>
            <property name="MeshDamage" value="
                Door/DMG0, 40000,
                Door/DMG1, 3000,
                -, 1
                "/>
		</block> 
        <block name="iDBIronHatchWhite">
			<property name="Extends" value="ironHatchWhite"/>
            <property name="CustomIcon" value="ironHatchWhite"/>
	        <property name="CustomIconTint" value="6A6A6A"/>
            <property name="TintColor" value="6A6A6A"/>
            <property name="SortOrder2" value="0008"/>
			<property name="Material" value="Mbedrock"/>
            <property name="MaxDamage" value="30000"/>
            <property name="MeshDamage" value="
                Door/DMG0, 40000,
                Door/DMG1, 3000,
                -, 1
                "/>
			<property class="UpgradeBlock">
				<property name="ToBlock" value="ironHatchWhite"/>
				<property name="Item" value="CD"/>
				<property name="ItemCount" value="1"/>
				<property name="UpgradeHitCount" value="1"/>
			</property>
		</block>
		
        <block name="invDevgarageDoorMetal_v1">
            <property name="Extends" value="ironGarageDoorWhite"/>
            <property name="CustomIcon" value="ironGarageDoorWhite"/>
            <property name="CustomIconTint" value="373737"/>
            <property name="TintColor" value="373737"/>
            <property name="SortOrder2" value="0009"/>
            <property name="Material" value="Mbedrock"/>
            <property class="UpgradeBlock">
				<property name="ToBlock" value="ironGarageDoorWhite"/>
				<property name="Item" value="CD"/>
				<property name="ItemCount" value="1"/>
				<property name="UpgradeHitCount" value="1"/>
			</property>            
        </block> 
        <block name="invDevgarageDoorHouse3x3">
            <property name="Extends" value="woodenGarageDoor3x3White"/> 
            <property name="CustomIcon" value="woodenGarageDoor3x3White"/>
            <property name="Material" value="Mbedrock"/>
            <property name="CreativeMode" value="Dev"/>
            <property name="SortOrder1" value="A000"/>
            <property name="SortOrder2" value="0000"/>
            <property class="UpgradeBlock">
				<property name="ToBlock" value="woodenGarageDoor3x3White"/>
				<property name="Item" value="CD"/>
				<property name="ItemCount" value="1"/>
				<property name="UpgradeHitCount" value="1"/>
			</property> 
        </block>
        <block name="invDevgarageDoorHouseBrown3x3">			
			<property name="Extends" value="invDevgarageDoorHouse3x3"/>
            <property name="CustomIcon" value="woodenGarageDoor3x3White"/>                      
            <property name="CustomIconTint" value="5E5146"/>
            <property name="TintColor" value="5E5146"/>
            <property name="Material" value="Mbedrock"/>           
            
		</block>            
        <block name="invDevgarageDoorHousePlayer">
            <property name="Extends" value="woodenGarageDoor5x3White"/>
            <property name="CustomIcon" value="woodenGarageDoor5x3White"/>
			<property name="Material" value="Mbedrock"/>
            <property name="MaxDamage" value="30000"/>
            <property name="CreativeMode" value="Dev"/>
            <property name="StabilitySupport" value="false"/>

            <property class="UpgradeBlock">
				<property name="ToBlock" value="woodenGarageDoor5x3White"/>
				<property name="Item" value="CD"/>
				<property name="ItemCount" value="1"/>
				<property name="UpgradeHitCount" value="1"/>
			</property>
        </block>
        
        
        <block name="invDevCellarDoorDoubleSteel">
            <property name="Extends" value="cellarDoorDoubleSteel"/>
            <property name="Material" value="Mbedrock"/>
            <property name="CustomIcon" value="cellarDoorDoubleSteel"/>
              <property name="SortOrder2" value="A000"/>
    
            <property name="Material" value="Mbedrock"/>
            <property class="UpgradeBlock">
				<property name="ToBlock" value="cellarDoorDoubleSteel"/>
				<property name="Item" value="CD"/>
				<property name="ItemCount" value="1"/>
				<property name="UpgradeHitCount" value="1"/>
			</property>  
        </block>        
        <block name="invDevMetalReinforcedWoodDrawBridge">
            <property name="Extends" value="metalReinforcedWoodDrawBridge"/>            
            <property name="Material" value="Mbedrock"/>
            <property name="CustomIcon" value="metalReinforcedWoodDrawBridge"/>
            <property class="UpgradeBlock">
				<property name="ToBlock" value="metalReinforcedWoodDrawBridge"/>
				<property name="Item" value="CD"/>
				<property name="ItemCount" value="1"/>
				<property name="UpgradeHitCount" value="1"/>
			</property>            
        </block>
        <block name="invDevManholeHatch">
            <property name="CustomIcon" value="manholeHatch"/>
            <property name="Extends" value="manholeHatch"/>     
            <property name="Material" value="Mbedrock"/>
            <property class="UpgradeBlock">
				<property name="ToBlock" value="manholeHatch"/>
				<property name="Item" value="CD"/>
				<property name="ItemCount" value="1"/>
				<property name="UpgradeHitCount" value="1"/>
			</property>  
        </block>
        <block name="invDevShuttersSteel01">
            <property name="Extends" value="shuttersSteel01"/>
            <property name="CustomIcon" value="shuttersSteel01"/>            
            <property name="Material" value="Mbedrock"/>
            <property class="UpgradeBlock">
				<property name="ToBlock" value="shuttersSteel01"/>
				<property name="Item" value="CD"/>
				<property name="ItemCount" value="1"/>
				<property name="UpgradeHitCount" value="1"/>
			</property> 
        </block>
		<block name="indDevShuttersWood01">
			<property name="Extends" value="shuttersWood01"/>
			<property name="CustomIcon" value="shuttersWood01" />
			<property name="Material" value="Mbedrock"/>
            <property class="UpgradeBlock">
				<property name="ToBlock" value="shuttersWood01"/>
				<property name="Item" value="CD"/>
				<property name="ItemCount" value="1"/>
				<property name="UpgradeHitCount" value="1"/>
			</property> 
		</block>
		<block name="indDevShuttersWood02">
			<property name="Extends" value="shuttersWood02"/>
			<property name="CustomIcon" value="shuttersWood02" />
			<property name="Material" value="Mbedrock"/>
            <property class="UpgradeBlock">
				<property name="ToBlock" value="shuttersWood02"/>
				<property name="Item" value="CD"/>
				<property name="ItemCount" value="1"/>
				<property name="UpgradeHitCount" value="1"/>
			</property>
		</block>
		<block name="indDevHouseFrontDoor1_v1">
            <property name="Extends" value="exteriorHouseDoorWhite"/>
            <property name="CustomIcon" value="exteriorHouseDoorWhite"/>
			<property name="Material" value="Mbedrock"/>        
            <property name="MeshDamage" value="
                Door/DMG0, 31000,
                Door/DMG1, 30000,
                Door/DMG2, 120,
                Door/DMG3, 80,
                -, 1
                "/>
            <property class="UpgradeBlock">
				<property name="ToBlock" value="exteriorHouseDoorWhite"/>
				<property name="Item" value="CD"/>
				<property name="ItemCount" value="1"/>
				<property name="UpgradeHitCount" value="1"/>
			</property> 
            
		</block>
		<block name="indDevHouseFrontDoor2_v1">
			<property name="Extends" value="exteriorHouseDoorWhite"/>
            <property name="CustomIcon" value="exteriorHouseDoorWhite"/>            
			<property name="Material" value="Mbedrock"/>
            <property name="CustomIconTint" value="5F4D46"/>
	        <property name="TintColor" value="5F4D46"/>
            <property name="MeshDamage" value="
                Door/DMG0, 31000,
                Door/DMG1, 30000,
                Door/DMG2, 120,
                Door/DMG3, 80,
                -, 1
                "/>
            <property class="UpgradeBlock">
				<property name="ToBlock" value="exteriorHouseDoorWhite"/>
				<property name="Item" value="CD"/>
				<property name="ItemCount" value="1"/>
				<property name="UpgradeHitCount" value="1"/>
			</property> 
            
		</block>

        <block name="iDBCellarDoorDoubleSteel">
            <property name="Extends" value="cellarDoorDoubleSteel"/>
            <property name="Material" value="Mbedrock"/>
            <property name="CustomIcon" value="cellarDoorDoubleSteel"/>
              <property name="SortOrder2" value="A000"/>
    
            <property name="Material" value="Mbedrock"/>
            <property class="UpgradeBlock">
				<property name="ToBlock" value="cellarDoorDoubleSteel"/>
				<property name="Item" value="CD"/>
				<property name="ItemCount" value="1"/>
				<property name="UpgradeHitCount" value="1"/>
			</property>  
        </block>        
        <block name="iDBMetalReinforcedWoodDrawBridge">
            <property name="Extends" value="metalReinforcedWoodDrawBridge"/>            
            <property name="Material" value="Mbedrock"/>
            <property name="CustomIcon" value="metalReinforcedWoodDrawBridge"/>
            <property class="UpgradeBlock">
				<property name="ToBlock" value="metalReinforcedWoodDrawBridge"/>
				<property name="Item" value="CD"/>
				<property name="ItemCount" value="1"/>
				<property name="UpgradeHitCount" value="1"/>
			</property>            
        </block>
        <block name="iDBManholeHatch">
            <property name="CustomIcon" value="manholeHatch"/>
            <property name="Extends" value="manholeHatch"/>     
            <property name="Material" value="Mbedrock"/>
            <property class="UpgradeBlock">
				<property name="ToBlock" value="manholeHatch"/>
				<property name="Item" value="CD"/>
				<property name="ItemCount" value="1"/>
				<property name="UpgradeHitCount" value="1"/>
			</property>  
        </block>        
		<block name="iDBShuttersWood01">
			<property name="Extends" value="shuttersWood01"/>
			<property name="CustomIcon" value="shuttersWood01" />
			<property name="Material" value="Mbedrock"/>
            <property class="UpgradeBlock">
				<property name="ToBlock" value="shuttersWood01"/>
				<property name="Item" value="CD"/>
				<property name="ItemCount" value="1"/>
				<property name="UpgradeHitCount" value="1"/>
			</property> 
		</block>
		<block name="iDBShuttersWood02">
			<property name="Extends" value="shuttersWood02"/>
			<property name="CustomIcon" value="shuttersWood02" />
			<property name="Material" value="Mbedrock"/>
            <property class="UpgradeBlock">
				<property name="ToBlock" value="shuttersWood02"/>
				<property name="Item" value="CD"/>
				<property name="ItemCount" value="1"/>
				<property name="UpgradeHitCount" value="1"/>
			</property>
		</block>
        <block name="iDBShuttersSteel01">
            <property name="Extends" value="shuttersSteel01"/>
            <property name="CustomIcon" value="shuttersSteel01"/>            
            <property name="Material" value="Mbedrock"/>
            <property class="UpgradeBlock">
				<property name="ToBlock" value="shuttersSteel01"/>
				<property name="Item" value="CD"/>
				<property name="ItemCount" value="1"/>
				<property name="UpgradeHitCount" value="1"/>
			</property> 
        </block>
		<block name="iDBexteriorHouseDoorWhitePristine">
            <property name="Extends" value="exteriorHouseDoorWhite"/>
            <property name="CustomIcon" value="exteriorHouseDoorWhite"/>
			<property name="Material" value="Mbedrock"/>        
            <property name="MeshDamage" value="
                Door/DMG0, 31000,
                Door/DMG1, 30000,
                Door/DMG2, 120,
                Door/DMG3, 80,
                -, 1
                "/>
            <property class="UpgradeBlock">
				<property name="ToBlock" value="exteriorHouseDoorWhite"/>
				<property name="Item" value="CD"/>
				<property name="ItemCount" value="1"/>
				<property name="UpgradeHitCount" value="1"/>
			</property>            
		</block>
		<block name="iDBexteriorHouseDoorBrownPristine">
			<property name="Extends" value="iDBexteriorHouseDoorWhitePristine"/>
            <property name="CustomIcon" value="exteriorHouseDoorWhite"/>            
            <property name="CustomIconTint" value="5F4D46"/>
	        <property name="TintColor" value="5F4D46"/>           
		</block>

        <!---->
        <!-- Dev Switches and lights-->
        <block name="indDevPowerSwitch01">
			<property name="CustomIcon" value="powerSwitch01" />
			<property name="Material" value="Mbedrock" />
			<property name="Class" value="Activate" />
			<property name="ActivateSound" value="button4"/>
			<property name="Powered" value="true"/>
			<property name="Place" value="TowardsPlacerInverted"/>
			<property name="Collide" value="movement,melee,bullet,arrow,rocket"/>
			<drop event="Fall" count="0" prob="0"/>
			<property name="SortOrder1" value="70e2" />
			<property name="FilterTags" value="MC_building,SC_electrical"/>

			<property name="SingleUse" value="false" />
			<property name="Shape" value="ModelEntity" />
			<property name="Model" value="Entities/Industrial/powerSwitchOff_01Prefab" />
		</block>
		<block name="indDevPowerSwitch02">
			<property name="Extends" value="indDevPowerSwitch01" />
			<property name="CustomIcon" value="powerSwitch02" />
			<property name="Powered" value="false"/>
			<property name="SingleUse" value="true"/>
			<property name="Model" value="Entities/Industrial/powerSwitchOff_02Prefab" />
		</block>
		<block name="indDevPushButtonSwitch01">
			<property name="Extends" value="indDevPowerSwitch01" />
			<property name="CustomIcon" value="pushButtonSwitch01" />
			<property name="SingleUse" value="true" />
			<property name="Powered" value="true"/>
			<property name="Model" value="Entities/Industrial/powerSwitchButton_01Prefab"/>
		</block>
		<block name="indDevPushButtonSwitch02">
			<property name="Extends" value="indDevPowerSwitch01" />
			<property name="CustomIcon" value="pushButtonSwitch02" />
			<property name="SingleUse" value="true" />
			<property name="Powered" value="true"/>
			<property name="Model" value="Entities/Industrial/powerSwitchButton_02Prefab"/>
		</block>
		<block name="indDevKeyRackBoxMetal01">
			<property name="Extends" value="indDevPowerSwitch01" />
			<property name="CustomIcon" value="keyRackBoxMetal01" />
			<property name="Powered" value="false"/>
			<property name="Shape" value="ModelEntity"/>
			<property name="Model" value="Entities/Commercial/keyRackBoxMetal_01Prefab"/>
			<property name="ActivateSound" value="keyrack"/>
			<property name="SingleUse" value="false" />
		</block>
		<block name="indDevKeyRackWood01">
			<property name="Extends" value="indDevPowerSwitch01" />
			<property name="CustomIcon" value="keyRackWood01" />
			<property name="ActivateSound" value="keyrack"/>
			<property name="Shape" value="ModelEntity"/>
			<property name="Model" value="Entities/Commercial/keyRackWood_01Prefab"/>
			<property name="Powered" value="false"/>
			<property name="Material" value="Mbedrock" />
		</block>
		<block name="indDevCircularButton">
			<property name="Extends" value="indDevPowerSwitch01" />
			<property name="Texture" value="596"/>
			<property name="CustomIcon" value="shapepillar50Plate" />
			<property name="Powered" value="false"/>
			<property name="Material" value="Mbedrock" />
			<property name="Shape" value="New"/>
			<property name="Model" value="pillar50_plate"/>
		</block>


        <block name="iDBPowerSwitch01">
            <property name="Extends" value="pushButtonSwitch01"/>            
			<property name="CustomIcon" value="powerSwitch01" />
			<property name="Material" value="Mbedrock" />			
			<property name="Model" value="Entities/Industrial/powerSwitchOff_01Prefab" />
		</block>
		<block name="iDBPowerSwitch02">
			<property name="Extends" value="iDBPowerSwitch01"/>            
			<property name="CustomIcon" value="powerSwitch01" />		
			<property name="Model" value="Entities/Industrial/powerSwitchOff_02Prefab" />
		</block>
		<block name="iDBPushButtonSwitch01">
			<property name="Extends" value="iDBPowerSwitch01"/>
			<property name="CustomIcon" value="pushButtonSwitch01" />
			<property name="Model" value="Entities/Industrial/powerSwitchButton_01Prefab"/>
		</block>
		<block name="iDBPushButtonSwitch02">
			<property name="Extends" value="iDBPowerSwitch01" />
			<property name="CustomIcon" value="pushButtonSwitch02" />
			<property name="Model" value="Entities/Industrial/powerSwitchButton_02Prefab"/>
		</block>
		<block name="iDBKeyRackBoxMetal01">
			<property name="Extends" value="iDBPowerSwitch01" />
			<property name="CustomIcon" value="keyRackBoxMetal01" />
			<property name="Shape" value="ModelEntity"/>
			<property name="Model" value="Entities/Commercial/keyRackBoxMetal_01Prefab"/>
			<property name="ActivateSound" value="keyrack"/>
		</block>
		<block name="iDBKeyRackWood01">
			<property name="Extends" value="iDBPowerSwitch01" />
			<property name="CustomIcon" value="keyRackWood01" />
			<property name="ActivateSound" value="keyrack"/>
			<property name="Shape" value="ModelEntity"/>
			<property name="Model" value="Entities/Commercial/keyRackWood_01Prefab"/>
		</block>
        <block name="iDBCircularButtonHelper">
			<property name="Extends" value="iDBPowerSwitch01" />
			<property name="Texture" value="596"/>
			<property name="CustomIcon" value="shapepillar50Plate" />
			<property name="Powered" value="false"/>
			<property name="Material" value="Mbedrock" />
			<property name="Shape" value="New"/>
			<property name="Model" value="pillar50_plate"/>
		</block>
		<block name="iDBCircularButton">
			<property name="Extends" value="iDBPowerSwitch01" />
			<property name="Texture" value="596"/>
			<property name="CustomIcon" value="shapepillar50Plate" />
			<property name="Powered" value="false"/>
			<property name="Material" value="Mbedrock" />
			<property name="Shape" value="New"/>
			<property name="Model" value="pillar50_plate"/>
		</block>
        <block name="iDBPushButtonSwitch01InfestedHelper">
			<property name="Extends" value="iDBPowerSwitch01"/>
			<property name="CustomIcon" value="pushButtonSwitch01" />
			<property name="Model" value="Entities/Industrial/powerSwitchButton_01Prefab"/>
		</block>
        <block name="iDBPushButtonSwitch01Infested">
			<property name="Extends" value="iDBPowerSwitch01"/>
			<property name="CustomIcon" value="pushButtonSwitch01" />
			<property name="Model" value="Entities/Industrial/powerSwitchButton_01Prefab"/>
		</block>
        <block name="iDBCircularButtonInfestedHelper">
			<property name="Extends" value="iDBCircularButton" />			
		</block>
        <block name="iDBCircularButtonInfested">
			<property name="Extends" value="iDBCircularButton" />			
		</block>

        <block name="iDBExtra1">
			<property name="Extends" value="iDBPowerSwitch01" />
			<property name="Texture" value="596"/>
			<property name="CustomIcon" value="shapepillar50Plate" />
			<property name="Powered" value="false"/>
			<property name="Material" value="Mbedrock" />
			<property name="Shape" value="New"/>
			<property name="Model" value="pillar50_plate"/>
		</block>
        <block name="iDBExtra2">
			<property name="Extends" value="iDBPowerSwitch01" />
			<property name="Texture" value="596"/>
			<property name="CustomIcon" value="shapepillar50Plate" />
			<property name="Powered" value="false"/>
			<property name="Material" value="Mbedrock" />
			<property name="Shape" value="New"/>
			<property name="Model" value="pillar50_plate"/>
		</block>
        <block name="iDBExtra3">
			<property name="Extends" value="iDBPowerSwitch01" />
			<property name="Texture" value="596"/>
			<property name="CustomIcon" value="shapepillar50Plate" />
			<property name="Powered" value="false"/>
			<property name="Material" value="Mbedrock" />
			<property name="Shape" value="New"/>
			<property name="Model" value="pillar50_plate"/>
		</block>
        <block name="iDBExtra4">
			<property name="Extends" value="iDBPowerSwitch01" />
			<property name="Texture" value="596"/>
			<property name="CustomIcon" value="shapepillar50Plate" />
			<property name="Powered" value="false"/>
			<property name="Material" value="Mbedrock" />
			<property name="Shape" value="New"/>
			<property name="Model" value="pillar50_plate"/>
		</block>

        <!--TO DELETE-->
        <block name="invDevWallTorchLight">            
            <property name="Extends" value="wallTorchLight"/>
            <property name="CustomIcon" value="wallTorchLight"/>
			<property name="CreativeMode" value="Dev"/>
            <property name="Material" value="Mbedrock"/>
            <property class="UpgradeBlock">
                <property name="ToBlock" value="woodMaster"/>
                <property name="Item" value="CD"/>
                <property name="ItemCount" value="1"/>
                <property name="UpgradeHitCount" value="1"/>
            </property>
		</block>        
		<block name="invDevSconce1Light">
			<property name="Extends" value="lightSconce"/>
			<property name="CreativeMode" value="Dev"/>
			<property name="CustomIcon" value="lightSconce"/>
			<property name="Material" value="Mbedrock"/>			
		</block>
        <!---->

         <block name="iDBWallTorchLight">
			<property name="Extends" value="wallTorchLight"/>
            <property name="CustomIcon" value="wallTorchLight"/>
			<property name="CreativeMode" value="Dev"/>
            <property name="Material" value="Mbedrock"/>g,SC_lighting"/>
			<property name="SortOrder1" value="70a0"/>
            <property class="UpgradeBlock">
                <property name="ToBlock" value="woodMaster"/>
                <property name="Item" value="CD"/>
                <property name="ItemCount" value="1"/>
                <property name="UpgradeHitCount" value="1"/>
            </property>
		</block>
		<block name="iDBLightSconce">
			<property name="Extends" value="lightSconce"/>
			<property name="CreativeMode" value="Dev"/>
			<property name="CustomIcon" value="lightSconce"/>
			<property name="Material" value="Mbedrock"/>
			
		</block>        
        <!---->
        <!-- Glass TO DELETE-->
        <block name="INV_stainedGlassPlate">
            <property name="Extends" value="glassBusinessPlate"/>
            <!--<property name="CustomIcon" value="glassBusinessBlock"/>-->
            <property name="Material" value="Mbedrock"/>
            <property name="ItemTypeIcon" value="star"/>
            <property name="Texture" value="596"/>
            <property name="LightOpacity" value="4"/>
        </block>
		<block name="indDevGlassBulletproofBlock">
			<property name="Extends" value="glassBulletproofBlock"/>
			<property name="CustomIcon" value="glassBulletproofMaster" />
			<property name="Material" value="Mbedrock"/>
		</block>
		<block name="indDevGlassBulletproofPlate">
			<property name="Extends" value="glassBulletproofPlate"/>
			<property name="CustomIcon" value="glassBulletproofPlate" />
			<property name="Material" value="Mbedrock"/>
		</block>
		<block name="indDevGlassBulletproofCTRPlate">
			<property name="Extends" value="glassBulletproofCTRPlate"/>
			<property name="CustomIcon" value="glassBulletproofCTRPlate" />
			<property name="Material" value="Mbedrock"/>
		</block>
		<block name="indDevGlassBulletproofRamp">
			<property name="Extends" value="glassBulletproofRamp"/>
			<property name="CustomIcon" value="glassBulletproofRamp" />
			<property name="Material" value="Mbedrock"/>
		</block>
		<block name="indDevGlassBulletproofPlateCurved">
			<property name="Extends" value="glassBulletproofPlateCurved"/>
			<property name="CustomIcon" value="glassBulletproofPlateCurved" />
			<property name="Material" value="Mbedrock"/>
		</block>		
		<block name="indDevGlassBulletproofBlock2">
			<property name="Extends" value="glassBulletproofBlock"/>
			<property name="CustomIcon" value="glassBulletproofMaster" />
			<property name="Material" value="Mbedrock"/>
			<property name="Texture" value="285"/>
			<property name="CustomIconTint" value="B2FFFF"/>
		</block>
		<block name="indDevGlassBulletproofPlate2">
			<property name="Extends" value="glassBulletproofPlate"/>
			<property name="CustomIcon" value="glassBulletproofPlate" />
			<property name="Material" value="Mbedrock"/>
			<property name="Texture" value="285"/>
			<property name="CustomIconTint" value="B2FFFF"/>
		</block>
		<block name="indDevGlassBulletproofCTRPlate2">
			<property name="Extends" value="glassBulletproofCTRPlate"/>
			<property name="CustomIcon" value="glassBulletproofCTRPlate" />
			<property name="Material" value="Mbedrock"/>
			<property name="Texture" value="285"/>
			<property name="CustomIconTint" value="B2FFFF"/>
		</block>
		<block name="indDevGlassBulletproofRamp2">
			<property name="Extends" value="glassBulletproofRamp"/>
			<property name="CustomIcon" value="glassBulletproofRamp" />
			<property name="Material" value="Mbedrock"/>
			<property name="Texture" value="285"/>
			<property name="CustomIconTint" value="B2FFFF"/>
		</block>
		<block name="indDevGlassBulletproofPlateCurved2">
			<property name="Extends" value="glassBulletproofPlateCurved"/>
			<property name="CustomIcon" value="glassBulletproofPlateCurved" />
			<property name="Material" value="Mbedrock"/>
			<property name="Texture" value="285"/>
			<property name="CustomIconTint" value="B2FFFF"/>
		</block>
        <block name="indDevGlassBulletproofPlate3">
			<property name="Extends" value="glassBulletproofPlate"/>
			<property name="CustomIcon" value="glassBulletproofPlate" />
			<property name="Material" value="Mbedrock"/>
            <property name="StabilitySupport" value="false"/>
			<property name="Texture" value="285"/>
			<property name="CustomIconTint" value="B2FFFF"/>
		</block>
        <!-- Glass -->
        <block name="iDBstainedGlassPlateDecorated">
            <property name="Extends" value="glassBusinessPlate"/>
            <!--<property name="CustomIcon" value="glassBusinessBlock"/>-->
            <property name="Material" value="Mbedrock"/>
            <property name="ItemTypeIcon" value="star"/>
            <property name="Texture" value="596"/>
            <property name="LightOpacity" value="4"/>
        </block>
		<block name="iDBGlassBulletproofBlock">
			<property name="Extends" value="glassBulletproofBlock"/>
			<property name="CustomIcon" value="glassBulletproofMaster" />
			<property name="Material" value="Mbedrock"/>
		</block>
		<block name="iDBGlassBulletproofPlate">
			<property name="Extends" value="glassBulletproofPlate"/>
			<property name="CustomIcon" value="glassBulletproofPlate" />
			<property name="Material" value="Mbedrock"/>
		</block>
		<block name="iDBGlassBulletproofCTRPlate">
			<property name="Extends" value="glassBulletproofCTRPlate"/>
			<property name="CustomIcon" value="glassBulletproofCTRPlate" />
			<property name="Material" value="Mbedrock"/>
		</block>
		<block name="iDBGlassBulletproofRamp">
			<property name="Extends" value="glassBulletproofRamp"/>
			<property name="CustomIcon" value="glassBulletproofRamp" />
			<property name="Material" value="Mbedrock"/>
		</block>
		<block name="iDBGlassBulletproofPlateCurved">
			<property name="Extends" value="glassBulletproofPlateCurved"/>
			<property name="CustomIcon" value="glassBulletproofPlateCurved" />
			<property name="Material" value="Mbedrock"/>
		</block>		
		<block name="iDBGlassTransparentBlockTransparent">
			<property name="Extends" value="glassBulletproofBlock"/>
			<property name="CustomIcon" value="glassBulletproofMaster" />
			<property name="Material" value="Mbedrock"/>
			<property name="Texture" value="285"/>
			<property name="CustomIconTint" value="B2FFFF"/>
		</block>
		<block name="iDBGlassTransparentPlate">
			<property name="Extends" value="glassBulletproofPlate"/>
			<property name="CustomIcon" value="glassBulletproofPlate" />
			<property name="Material" value="Mbedrock"/>
			<property name="Texture" value="285"/>
			<property name="CustomIconTint" value="B2FFFF"/>
		</block>
		<block name="iDBGlassTransparentCTRPlate">
			<property name="Extends" value="glassBulletproofCTRPlate"/>
			<property name="CustomIcon" value="glassBulletproofCTRPlate" />
			<property name="Material" value="Mbedrock"/>
			<property name="Texture" value="285"/>
			<property name="CustomIconTint" value="B2FFFF"/>
		</block>
		<block name="iDBGlassTransparentRamp">
			<property name="Extends" value="glassBulletproofRamp"/>
			<property name="CustomIcon" value="glassBulletproofRamp" />
			<property name="Material" value="Mbedrock"/>
			<property name="Texture" value="285"/>
			<property name="CustomIconTint" value="B2FFFF"/>
		</block>
		<block name="iDBGlassTransparentPlateCurved">
			<property name="Extends" value="glassBulletproofPlateCurved"/>
			<property name="CustomIcon" value="glassBulletproofPlateCurved" />
			<property name="Material" value="Mbedrock"/>
			<property name="Texture" value="285"/>
			<property name="CustomIconTint" value="B2FFFF"/>
		</block>
        <block name="iDBTransparentPlateNoSupport">
			<property name="Extends" value="glassBulletproofPlate"/>
			<property name="CustomIcon" value="glassBulletproofPlate" />
			<property name="Material" value="Mbedrock"/>
            <property name="StabilitySupport" value="false"/>
			<property name="Texture" value="285"/>
			<property name="CustomIconTint" value="B2FFFF"/>
		</block>		
        <!---->


        <block name="iDevBlocksVariantHelper">
             <property name="Extends" value="invDevVaultDoor03"/>          
             <property name="CreativeMode" value="Dev"/> 
            <property name="DescriptionKey" value="blockVariantHelperGroupDesc"/>
            <property name="ItemTypeIcon" value="all_blocks"/>
            <property name="SelectAlternates" value="true"/>
            <property name="OnlySimpleRotations" value="false"/>
            <property name="PlaceAltBlockValue" value="invDevVaultDoor03,invDevVaultHatch_v3,invDevShuttersSteel01,invWoodHatch1_v2,invScrapHatch_v2,invDevManholeHatch,invDevMetalReinforcedWoodDrawBridge,invDevgarageDoorMetal_v1,invDevRollUpDoor3x3White,invDevRollUpDoor3x3Black,invDevrollUpDoor5x4White,invDevRollUpDoor5x4Black,invDevRollUpDoor7x4White,invDevRollUpDoor7x4Black,invDevgarageDoorHouseBrown3x3,invDevgarageDoorIndustrial3x3,indDevHouseFrontDoor1_v1,indDevHouseFrontDoor2_v1,indDevShuttersWood01,indDevShuttersWood02,indDevPowerSwitch01,indDevPowerSwitch02,indDevPushButtonSwitch01,indDevPushButtonSwitch02,indDevKeyRackBoxMetal01,indDevKeyRackWood01,indDevCircularButton,invD_steelSheet,invDevWallTorchLight,invDevSconce1Light,iDBSecStorage,eventMetalCatwalkTrap"/>
            <property name="FilterTags" value="MC_playerBlocks,SC_playerHelpers"/>
        </block>
        <block name="iDevBlocksBulletproofBlockVariantHelper">
			<property name="Extends" value="indDevGlassBulletproofBlock"/>            
			<property name="CustomIcon" value="glassBulletproofMaster"/>
			<property name="DescriptionKey" value="blockVariantHelperGroupDesc"/>
			<property name="ItemTypeIcon" value="all_blocks"/>
			<property name="SelectAlternates" value="true"/>
			<property name="PlaceAltBlockValue" value="iDBstainedGlassPlateDecorated,iDBGlassBulletproofBlock,iDBGlassBulletproofPlate,iDBGlassBulletproofCTRPlate,iDBGlassBulletproofRamp,iDBGlassBulletproofPlateCurved,iDBGlassTransparentBlockTransparent,iDBGlassTransparentPlate,iDBGlassTransparentCTRPlate,iDBGlassTransparentRamp,iDBGlassTransparentPlateCurved,iDBTransparentPlateNoSupport"/>
			<property name="Stacknumber" value="500"/>
			<property name="FilterTags" value="MC_playerBlocks,SC_playerHelpers"/>
		</block>
        <block name="iDBShapes" shapes="All">
            <property name="DescriptionKey" value="steelBlockGroupDesc"/>            
            <property name="DisplayType" value="blockHardened"/>
            <property name="Material" value="Mbedrock"/>
            <property name="Shape" value="New"/>
            <property name="Texture" value="62"/>
            <property name="WaterFlow" value="permitted"/>
            <property name="StabilityFull" value="true"/>
            <property name="UiBackgroundTexture" value="62"/>   
            <drop event="Destroy" count="0"/>
            <drop event="Fall" name="scrapMetalPile" count="1" prob="0.75" stick_chance="1"/>
            <property name="UpgradeSound" value="place_block_metal"/>
            <property name="SortOrder1" value="S040"/>            
            <property name="Group" value="Building,advBuilding"/>
            <property name="FilterTags" value="MC_Shapes"/>
            <property class="UpgradeBlock">
                <property name="ToBlock" value="woodShapes"/>
                <property name="Item" value="CD"/>
                <property name="ItemCount" value="1"/>
                <property name="UpgradeHitCount" value="1"/>
            </property>
        </block>
        <block name="invDevShapes" shapes="All">
            <property name="Group" value="Building,advBuilding"/>
            <property name="DescriptionKey" value="steelBlockGroupDesc"/>
            <property name="CreativeMode" value="None"/>
            <property name="Material" value="Mbedrock"/>
            <property name="DisplayType" value="blockHardened"/>
            <property name="PassThroughDamage" value="true"/>
            <property name="Texture" value="62"/>
            <property name="UiBackgroundTexture" value="62"/>
            <property name="StabilityFull" value="true"/>
            <property class="RepairItems">
                <property name="resourceForgedSteel" value="15"/>
            </property>
            <property name="CustomUpgradeSound" value="place_block_metal"/>
            <drop event="Harvest" name="resourceScrapIron" count="45" tag="allHarvest"/>
            <drop event="Destroy" count="0"/>
            <drop event="Fall" name="scrapMetalPile" count="1" prob="0.75" stick_chance="1"/>
            <property name="FilterTags" value="MC_Shapes"/>
            <property class="UpgradeBlock">
                <property name="ToBlock" value="woodShapes"/>
                <property name="Item" value="CD"/>
                <property name="ItemCount" value="1"/>
                <property name="UpgradeHitCount" value="1"/>
            </property>
        </block>
        <!--
        

        
        <block name="invDShapes" shapes="All">
            <property name="Group" value="Building,advBuilding"/>
            <property name="DescriptionKey" value="steelBlockGroupDesc"/>
            <property name="Material" value="Mbedrock"/>
            <property name="DisplayType" value="blockHardened"/>
            <property name="PassThroughDamage" value="true"/>
            <property name="Texture" value="191"/>
            <property name="UiBackgroundTexture" value="62"/>
            <property name="StabilityFull" value="true"/>
            <property class="RepairItems">
                <property name="resourceForgedSteel" value="15"/>
            </property>            
            <property name="CustomUpgradeSound" value="place_block_metal"/>
            <drop event="Harvest" name="resourceScrapIron" count="45" tag="allHarvest"/>
            <drop event="Destroy" count="0"/>
            <drop event="Fall" name="scrapMetalPile" count="1" prob="0.75" stick_chance="1"/>
            <property name="FilterTags" value="MC_Shapes"/>
            <property class="UpgradeBlock">
                <property name="ToBlock" value="woodShapes"/>
                <property name="Item" value="CD"/>
                <property name="ItemCount" value="1"/>
                <property name="UpgradeHitCount" value="1"/>
            </property>
        </block>
        -->
    </append>

    <!--


    <append xpath="/blocks/block[@name='invDShapes:VariantHelper']">
        <property name="CreativeMode" value="Dev"/>
    </append>
    -->


</MalenCD>
