<configs>
	<append xpath="/buffs">

		<buff name="buffNoBlock" name_key="ProtectDN" description_key="INDNDesc" tooltip_key="ProtectDNDesc" icon="ui_game_symbol_add" icon_color="253,238,0">
			<stack_type value="replace"/>
			<duration value="10"/>			
			<display_value_format value="time"/>

			<effect_group>
				<!--<requirement name="NotHasBuff" buff="god"/>-->
			</effect_group>
		</buff>
		<buff name="hfBossRoom" name_key="Special Room" description_key="Special room debuff" icon="ui_game_symbol_skull" icon_color="255,175,175">
			<stack_type value="ignore"/>
			<duration value="60"/>
			<effect_group>
				<passive_effect name="NoVehicle" operation="base_set" value="1" />
				<passive_effect name="PerkLevel" tags="perkParkour" operation="base_set" value="0"/>
			</effect_group>
			<effect_group>
				<requirement name="StatCompareCurrent" stat="Health" operation="GTE" value="5"/>
				<requirement name="IsAttachedToEntity" />
				<passive_effect name="HealthChangeOT" operation="base_subtract" value="10"/>
				<passive_effect name="BuffBlink" operation="base_set" value="2" tags="twitch_buffNoDriving"/>
			</effect_group>
		</buff>
		<buff name="hfEventRoom" name_key="Event Buff" description_key="Event debuff" icon="ui_game_twitch_special" icon_color="217,255,4">
			<stack_type value="ignore"/>
			<duration value="5"/>
			<effect_group>
				<passive_effect name="PerkLevel" tags="perkParkour" operation="base_set" value="0"/>
			</effect_group>
			<effect_group>
				<requirement name="StatCompareCurrent" stat="Health" operation="GTE" value="2"/>
				<requirement name="EntityHasMovementTag" tags="idle"/>
				<passive_effect name="HealthChangeOT" operation="base_subtract" value="1"/>
				<passive_effect name="BuffBlink" operation="base_set" value="2" tags="twitch_buffKeepMoving"/>
			</effect_group>
		</buff>


	</append>
</configs>
