<!-- - - - - - - - - - - -
#########################
####### H7SB HUD ########
### 7 Days to Die Mod ###
#########################
####### Eihwaz © ########
##### www.eihwaz.de #####
#### CC BY-NC-ND-SA #####
#########################
- - - - - - - - - - - -->
<eihwaz.de>
    <append xpath="/items">
        <item name="td_slotblock">
            <property name="Extends" value="meleeHandMaster" />
            <property name="CreativeMode" value="None" />
            <property name="CustomIcon" value="crossHelper" />
            <property name="CustomIconTint" value="244, 124, 124" />
            <property name="NoScrapping" value="true" />
            <property name="Tags"
                value="blunt,melee,grunting,light,perkFlurryOfBlows,attFortitude,perkBrawler" />
            <property name="NoScrapping" value="true" />
            <property name="HoldType" value="0" />
            <property class="Action0">
                <property name="Class" value="DynamicMelee" />
                <property name="Sphere" value=".15" />
                <property name="Damage_type" value="Bashing" />
                <property name="GrazeStart" value=".3" />
                <property name="GrazeEnd" value=".5" />
                <property name="SwingDegrees" value="5" />
                <property name="UseGrazingHits" value="true" />
                <property name="SwingAngle" value="-90" />
            </property>
            <property class="Action1">
                <property name="Class" value="DynamicMelee" />
                <property name="Sphere" value=".15" />
                <property name="UsePowerAttackAnimation" value="true" />
                <property name="GrazeStart" value=".3" />
                <property name="GrazeEnd" value=".4" />
                <property name="SwingDegrees" value="65" />
                <property name="UseGrazingHits" value="true" />
                <property name="SwingAngle" value="90" />
            </property>
            <effect_group name="meleeHandPlayer" tiered="false">
                <passive_effect name="EntityDamage" operation="base_set" value="5" />
                <passive_effect name="BlockDamage" operation="base_set" value="2.2" />
                <passive_effect name="DamageModifier" operation="perc_add" value="-.5" tags="earth" />
                <passive_effect name="DamageModifier" operation="perc_add" value="-.5" tags="stone" />
                <passive_effect name="DamageModifier" operation="perc_add" value="-.5" tags="metal" />
                <passive_effect name="AttacksPerMinute" operation="base_set" value="80" />
                <passive_effect name="StaminaLoss" operation="base_set" value="10.5" tags="primary" />
                <passive_effect name="MaxRange" operation="base_set" value="2.0" />
                <passive_effect name="BlockRange" operation="base_set" value="2.6" />
            </effect_group>
            <effect_group name="Power Attack" tiered="false">
                <passive_effect name="EntityDamage" operation="perc_add" value="1" tags="secondary" />
                <passive_effect name="BlockDamage" operation="perc_add" value="1" tags="secondary" />
                <passive_effect name="AttacksPerMinute" operation="perc_add" value="-.3"
                    tags="secondary" />
                <passive_effect name="StaminaLoss" operation="base_set" value="15.8"
                    tags="secondary" />
            </effect_group>
        </item>
    </append>
    <set xpath="/items/item[@name='schematicMaster']/property[@name='AltItemTypeIcon']/@value">check</set>
    <insertAfter xpath="/items/item[@name='schematicMaster']/property[@name='AltItemTypeIcon']">
        <property name="AltItemTypeIconColor" value="128,256,128,128" />
    </insertAfter>
</eihwaz.de> 