<configs>
	<!-- Hide Password -->
	<setattribute xpath="/windows/window[@name='windowKeypadEdit']/rect/textfield" name="password_field">true</setattribute>

	<!--Change vanilla vehicle grid to max 12x12-->
	<set xpath="/windows/window[@name='windowVehicleStorage']/grid[@name='queue']/@rows">12</set>
	<set xpath="/windows/window[@name='windowVehicleStorage']/grid[@name='queue']/@cols">12</set>
	<!--Resize grid to the new grid-->
	<set xpath="/windows/window[@name='windowVehicleStorage']/grid[@name='queue']/@cell_height">65</set>
	<set xpath="/windows/window[@name='windowVehicleStorage']/grid[@name='queue']/@cell_width">65</set>

	<!--Update windows yo use new controles so grind dont overlap-->
	<remove xpath="/windows/window[@name='windowVehicleStorage']/grid[@name='queue']/item_stack"></remove>
	<append xpath="/windows/window[@name='windowVehicleStorage']/grid[@name='queue']">
		<malen_backpack_item_stack name="0"/>
	</append>
	<!-- Stash Lock Inventory Ya esta vanilla
	<append xpath="/windows/window[@name='windowBackpack']/panel[@name='header']/rect">
		<combobox depth="3" name="cbxLockedSlots" pos="-130, -8" width="100" height="30" tooltip_key="xuiStashLockedSlots" type="ComboBoxInt" value_min="0" value_max="45" value_wrap="true" value_increment="1"/>
	</append>--> 
	<!-- Stash Lock Vehicles -->
	<append xpath="/windows/window[@name='windowVehicleStorage']/panel[@name='header']/rect">
		<combobox depth="3" name="cbxLockedSlots" pos="-130, -6" width="100" height="30" tooltip_key="xuiStashLockedSlots" type="ComboBoxInt" value_min="0" value_max="45" value_wrap="true" value_increment="1"/>
	</append>

	<!-- Change Vanilla max loot grid to 10x10-->
	<set xpath="/windows/window[@name='windowLooting']/rect[@name='content']/grid[@name='queue']/@rows">10</set>
	<set xpath="/windows/window[@name='windowLooting']/rect[@name='content']/grid[@name='queue']/@cols">10</set>

	<!--Change recipe grind to have 6 slots-->
	<set xpath="/windows/window[@name='craftingInfoPanel']/rect/rect[@name='ingredients']/grid/@rows">7</set>
	<append xpath="/windows/window[@name='craftingInfoPanel']/rect/rect[@name='ingredients']/grid">
		<ingredient_row name="6"/>
	</append>

	<append xpath="/windows">
		<window name="windowToolsForgeHF" width="228" height="121" panel="Right" cursor_area="true">
			<!--#$-IGS END.-$#-->
			<panel style="header.panel">
				<sprite style="header.icon" sprite="ui_game_symbol_wrench"/>
				<label style="header.name" text="TOOLS" text_key="xuiTools" />
			</panel>

			<rect name="content" depth="0" pos="0,-46" height="75" disablefallthrough="true">
				<grid name="inventory" rows="1" cols="3" pos="3,-3" cell_width="75" cell_height="75" controller="WorkstationToolGrid" repeat_content="true" required_tools="toolAndDieSetHF,toolBellowsSilver,toolAnvilGold" required_tools_only="true">
					<item_stack controller="RequiredItemStack" name="0"/>
				</grid>
			</rect>

		</window>
		<window name="windowFuelHF" width="228" height="166" panel="Right" cursor_area="true">

			<panel style="header.panel">
				<sprite style="header.icon" sprite="ui_game_symbol_fire"/>
				<label style="header.name" text="FUEL" text_key="xuiFuel" />
				<label style="header.timer"/>
			</panel>

			<rect name="content" depth="0" pos="0,-46" height="79">
				<rect disablefallthrough="true">
					<grid rows="1" cols="3" pos="3,-3" cell_width="75" cell_height="75" controller="WorkstationFuelGrid" repeat_content="true">
						<item_stack name="0"/>
					</grid>
				</rect>
				<grid name="slot_preview" depth="1" rows="1" cols="4" pos="3,-3" cell_width="75" cell_height="75" controller="SlotPreview">
					<rect>
						<sprite name="slot" depth="2" width="64" height="64" sprite="resourceCoal" atlas="ItemIconAtlasGreyscale" pos="35,-35" pivot="center" foregroundlayer="true"/>
					</rect>
					<rect>
						<sprite name="slot" depth="2" width="64" height="64" sprite="resourceCoal" atlas="ItemIconAtlasGreyscale" pos="35,-35" pivot="center" foregroundlayer="true"/>
					</rect>
					<rect>
						<sprite name="slot" depth="2" width="64" height="64" sprite="resourceCoal" atlas="ItemIconAtlasGreyscale" pos="35,-35" pivot="center" foregroundlayer="true"/>
					</rect>
				</grid>
			</rect>

			<panel name="buttonContent" depth="5" pos="0, -121" height="40" backgroundcolor="[black]" bordercolor="[black]">
				<sprite depth="5" name="backgroundMain" sprite="menu_empty3px" color="[black]" type="sliced" fillcenter="false" />
				<rect depth="1" pos="3,-3" width="225" height="34">
					<button name="button" sprite="menu_empty" defaultcolor="[mediumGrey]" disabledcolor="[mediumGrey]" hoversprite="ui_game_select_row" hovercolor="[white]" type="sliced" width="222" hoverscale="1.0" />
					<sprite depth="2" name="flameIcon" style="icon32px" pos="5,0" sprite="ui_game_symbol_fire" />
					<label depth="2" name="onoff" pos="0,-6" justify="center" text="TURN ON" text_key="xuiTurnOn" font_size="26" />
				</rect>
			</panel>
		</window>		
		<window name="windowForgeInputHF" width="228" height="304" panel="Right" controller="WorkstationMaterialInputWindow" materials_accepted="iron,brass,lead,glass,stone,clay,diamon,gold,silver,practo" valid_materials_color="[green]" invalid_materials_color="[red]" cursor_area="true">
			<panel style="header.panel">
				<sprite style="header.icon" sprite="ui_game_symbol_forge"/>
				<label style="header.name" text="INPUT" text_key="xuiSmelting" />
			</panel>

			<sprite depth="2" name="backgroundMain" sprite="menu_empty3px" pos="0,-43" height="228" color="[black]" type="sliced" fillcenter="false" on_press="true" />

			<rect name="content" depth="1" pos="0,-121" height="153">
				<grid depth="7" rows="3" cols="1" pos="3,75" cell_width="75" cell_height="75" controller="WorkstationMaterialInputGrid" repeat_content="true">
					<item_stack name="0"/>
				</grid>
			</rect>
			<sprite depth="2" name="backgroundMain" sprite="menu_empty3px" pos="0,-268" height="75" color="[black]" type="sliced" fillcenter="false" on_press="true" />
			<rect name="content3" depth="0" pos="3, -270" width="223" height="73">
				<sprite depth="1" color="[mediumGrey]" type="sliced" on_press="true"/>
				<grid rows="2" cols="2" pos="3,-3" cell_width="111" cell_height="35" repeat_content="true">
					<forge_material name="0"/>
				</grid>
			</rect>
			<rect name="content2" depth="0" pos="78, -46" width="148" height="223">
				<sprite depth="1" color="[mediumGrey]" type="sliced" on_press="true"/>
				<grid rows="6" cols="1" pos="3,-3" cell_width="111" cell_height="36" repeat_content="true">
					<forge_material name="4"/>
				</grid>
			</rect>
			
		</window>
		<window name="windowOutputHF" pos="37,-48" width="228" height="152" anchor="CenterTop" panel="Right" cursor_area="true">
			<panel style="header.panel" pos="0,-38">
				<sprite style="header.icon" sprite="ui_game_symbol_loot_sack"/>
				<label style="header.name" text="OUTPUT" text_key="xuiOutput"/>
			</panel>
			<rect name="content" depth="0" pos="0,-83" height="150" disablefallthrough="true" on_press="true">
				<sprite depth="2" name="backgroundMain" sprite="menu_empty3px" height="150" color="[black]" type="sliced" fillcenter="false" on_press="true" />
				<grid depth="10" name="inventory" rows="2" cols="3" pos="3,-3" cell_width="75" cell_height="75" controller="WorkstationOutputGrid" repeat_content="true">
					<item_stack name="0"/>
				</grid>
			</rect>
		</window>

	</append>
</configs>

