<FRK>

	<append xpath="/xui/ruleset">
		<window_group name="workstation_SPWK" controller="XUiC_WorkstationWindowGroup">
			<window name="windowCraftingList"/>
			<window name="craftingInfoPanel"/>
			<window name="windowCraftingQueue"/>
			<window name="windowOutput"/>
			<window name="windowNonPagingHeader"/>
			<!--  <window name="windowCombine" />  -->
		</window_group>

		<window_group name="workstation_forgeHF" controller="XUiC_WorkstationWindowGroup" open_backpack_on_open="true" close_compass_on_open="true">
			<window name="windowCraftingList"/>
			<window name="craftingInfoPanel"/>
			<window name="windowCraftingQueue"/>
			<window name="windowToolsForgeHF" />
			<window name="windowFuelHF" />
			<window name="windowForgeInputHF" />
			<window name="windowOutputHF" />
			<window name="windowNonPagingHeader" />
		</window_group>

	</append>


</FRK>
