<configs>

	<append xpath="/buffs">
	<!-- ▼▲▼▲▼▲▼▲▼▲▼▲▼▲▼▲▼▲ Prestige 1 Debuff ▼▲▼▲▼▲▼▲▼▲▼▲▼▲▼▲▼▲ -->
	
		<buff name="PPBF" name_key="prestige" description_key="PPdesc" icon="ui_game_symbol_perk" remove_on_death="false" icon_color="240,234,76">
			<stack_type value="ignore"/>
			<effect_group>
				<passive_effect name="PlayerExpGain" operation="perc_add" value="-.5"/>
				<triggered_effect trigger="onSelfBuffStart" action="RemoveBuff" buff="buffxpst"/>
			</effect_group>
			<effect_group>
				<passive_effect name="PlayerExpGain" operation="perc_add" value="-.25">
					<requirement name="HasBuff" buff="mumySPBuff"/>
				</passive_effect>
				<passive_effect name="PlayerExpGain" operation="perc_add" value="-.10">
					<requirement name="HasBuff" buff="buffDrunkGrandpasLearningElixir"/>
				</passive_effect>
				<passive_effect name="PlayerExpGain" operation="perc_add" value="-.15">
					<requirement name="HasBuff" buff="buffGrandmaTe"/>
				</passive_effect>
				<passive_effect name="PlayerExpGain" operation="perc_add" value="-.30">
					<requirement name="HasBuff" buff="OP3!"/>
				</passive_effect>
				<passive_effect name="PlayerExpGain" operation="perc_add" value="-.025" tags="Kill">
					<requirement name="IsNight"/>
					<requirement name="ProgressionLevel" progression_name="perkNightStalkerTwilightThief" operation="Equals" value="1"/>
				</passive_effect>

			</effect_group>
		</buff>
	<!-- ▼▲▼▲▼▲▼▲▼▲▼▲▼▲▼▲▼▲▼▲▼▲▼▲▼▲▼▲▼▲▼▲▼▲▼▲▼▲▼▲▼▲▼▲▼▲▼▲▼▲▼▲▼▲▼ -->

	<!-- ▼▲▼▲▼▲▼▲▼▲▼▲▼▲▼▲▼▲ Prestige 2 Debuff ▼▲▼▲▼▲▼▲▼▲▼▲▼▲▼▲▼▲ -->
		<buff name="PPBF2" name_key="prestige2" description_key="PPdesc2" icon="ui_game_symbol_perk" remove_on_death="false" icon_color="234,66,36">
			<stack_type value="ignore"/>
			<effect_group>
				<passive_effect name="PlayerExpGain" operation="perc_add" value="-.75"/>
				<triggered_effect trigger="onSelfBuffStart" action="RemoveBuff" buff="buffxpst"/>
				<triggered_effect trigger="onSelfBuffStart" action="RemoveBuff" buff="PPBF"/>
			</effect_group>
			<effect_group>
				<passive_effect name="PlayerExpGain" operation="perc_add" value="-.375">
					<requirement name="HasBuff" buff="mumySPBuff"/>
				</passive_effect>				
				<passive_effect name="PlayerExpGain" operation="perc_add" value="-.15">
					<requirement name="HasBuff" buff="buffDrunkGrandpasLearningElixir"/>
				</passive_effect>
				<passive_effect name="PlayerExpGain" operation="perc_add" value="-.225">
					<requirement name="HasBuff" buff="buffGrandmaTe"/>
				</passive_effect>
				<passive_effect name="PlayerExpGain" operation="perc_add" value="-.45">
					<requirement name="HasBuff" buff="OP3!"/>
				</passive_effect>
				<passive_effect name="PlayerExpGain" operation="perc_add" value="-.0375" tags="Kill">
					<requirement name="IsNight"/>
					<requirement name="ProgressionLevel" progression_name="perkNightStalkerTwilightThief" operation="Equals" value="1"/>
				</passive_effect>				
			</effect_group>
		</buff>
	<!-- ▼▲▼▲▼▲▼▲▼▲▼▲▼▲▼▲▼▲▼▲▼▲▼▲▼▲▼▲▼▲▼▲▼▲▼▲▼▲▼▲▼▲▼▲▼▲▼▲▼▲▼▲▼▲▼ -->
	
	<!-- ▼▲▼▲▼▲▼▲▼▲▼▲▼▲▼▲▼▲ Prestige Extra Debuff ▼▲▼▲▼▲▼▲▼▲▼▲▼▲▼▲▼▲ -->
		<buff name="PPBF3" name_key="prestige3" description_key="PPdesc2" icon="ui_game_symbol_twitch_special" remove_on_death="false" icon_color="0,176,246">
			<update_rate value="300"/>
			<stack_type value="ignore"/>
			<effect_group>
				<passive_effect name="PlayerExpGain" operation="perc_add" value="-.75"/>
				<triggered_effect trigger="onSelfBuffStart" action="RemoveBuff" buff="buffxpst"/>
				<triggered_effect trigger="onSelfBuffStart" action="RemoveBuff" buff="PPBF"/>
				<triggered_effect trigger="onSelfBuffStart" action="RemoveBuff" buff="PPBF2"/>
				<triggered_effect trigger="onSelfBuffUpdate" action="RemoveBuff" buff="PPBF"/>
				<triggered_effect trigger="onSelfBuffUpdate" action="RemoveBuff" buff="PPBF2"/>
			</effect_group>
			<effect_group>
				<passive_effect name="PlayerExpGain" operation="perc_add" value="-.15">
					<requirement name="HasBuff" buff="buffDrunkGrandpasLearningElixir"/>
				</passive_effect>
				<passive_effect name="PlayerExpGain" operation="perc_add" value="-.375">
					<requirement name="HasBuff" buff="OP3!"/>
				</passive_effect>
				<passive_effect name="PlayerExpGain" operation="perc_add" value="-.0375" tags="Kill">
					<requirement name="ProgressionLevel" progression_name="perkNightStalkerTwilightThief" operation="Equals" value="1"/>
				</passive_effect>				
			</effect_group>
		</buff>
	<!-- ▼▲▼▲▼▲▼▲▼▲▼▲▼▲▼▲▼▲▼▲▼▲▼▲▼▲▼▲▼▲▼▲▼▲▼▲▼▲▼▲▼▲▼▲▼▲▼▲▼▲▼▲▼▲▼▲▼▲▼ -->
	</append>

	<append xpath="/buffs/buff[@name='buffDrugRockBusters']">
	<!-- ▼▲▼▲▼▲▼▲▼▲▼▲▼▲▼▲▼▲ Prestige XP balance RockBuster ▼▲▼▲▼▲▼▲▼▲▼▲▼▲▼▲▼▲ -->
		<effect_group>
			<requirement name="HoldingItemHasTags" tags="perkMiner69r"/>
			<requirement name="HasBuff" buff="PPBF"/>
				<passive_effect name="PlayerExpGain" operation="perc_add" value=".0375" tags="Harvesting"/>
		</effect_group>
		<effect_group>
			<requirement name="HoldingItemHasTags" tags="perkMiner69r"/>
			<requirement name="HasBuff" buff="PPBF2"/>
				<passive_effect name="PlayerExpGain" operation="perc_add" value=".0375" tags="Harvesting"/>
		</effect_group>
		<effect_group>
			<requirement name="HoldingItemHasTags" tags="perkMiner69r"/>
			<requirement name="HasBuff" buff="PPBF3"/>
				<passive_effect name="PlayerExpGain" operation="perc_add" value=".0375" tags="Harvesting"/>
		</effect_group>
	<!-- ▼▲▼▲▼▲▼▲▼▲▼▲▼▲▼▲▼▲▼▲▼▲▼▲▼▲▼▲▼▲▼▲▼▲▼▲▼▲▼▲▼▲▼▲▼▲▼▲▼▲▼▲▼▲▼▲▼▲▼▲▼▲▼▲▼▲▼▲ -->
	</append>

	<append xpath="/buffs/buff[@name='buffDrugHackers']">
	<!-- ▼▲▼▲▼▲▼▲▼▲▼▲▼▲▼▲▼▲ Prestige XP balance Hackers ▼▲▼▲▼▲▼▲▼▲▼▲▼▲▼▲▼▲ -->
		<effect_group>
			<requirement name="HoldingItemHasTags" tags="perkSalvageOperations"/>
			<requirement name="HasBuff" buff="PPBF"/>
				<passive_effect name="PlayerExpGain" operation="perc_add" value=".0375" tags="Harvesting"/>
		</effect_group>
		<effect_group>
			<requirement name="HoldingItemHasTags" tags="perkSalvageOperations"/>
			<requirement name="HasBuff" buff="PPBF2"/>
				<passive_effect name="PlayerExpGain" operation="perc_add" value=".0375" tags="Harvesting"/>
		</effect_group>
		<effect_group>
			<requirement name="HoldingItemHasTags" tags="perkSalvageOperations"/>
			<requirement name="HasBuff" buff="PPBF3"/>
				<passive_effect name="PlayerExpGain" operation="perc_add" value=".0375" tags="Harvesting"/>
		</effect_group>
	<!-- ▼▲▼▲▼▲▼▲▼▲▼▲▼▲▼▲▼▲▼▲▼▲▼▲▼▲▼▲▼▲▼▲▼▲▼▲▼▲▼▲▼▲▼▲▼▲▼▲▼▲▼▲▼▲▼▲▼▲▼▲▼▲▼▲▼ -->
	</append>
	
	<append xpath="/buffs/buff[@name='buffPerkAbilityUpdate']">
	<!-- ▼▲▼▲▼▲▼▲▼▲▼▲▼▲▼▲▼▲ Prestige Skills ▼▲▼▲▼▲▼▲▼▲▼▲▼▲▼▲▼▲ -->
		<effect_group>
		<!-- ▼▲▼▲▼▲ perkFoodsp / Buff Duration ▲▼▲▼▲▼ -->
			<triggered_effect trigger="onSelfBuffStack" action="ModifyCVar" cvar="$MetabolismDuration" operation="set" value=".6336">
				<requirement name="ProgressionLevel" progression_name="perkFoodsp" operation="Equals" value="1"/>
			</triggered_effect>
			<triggered_effect trigger="onSelfBuffStack" action="ModifyCVar" cvar="$MetabolismDuration" operation="set" value=".6002">
				<requirement name="ProgressionLevel" progression_name="perkFoodsp" operation="Equals" value="2"/>
			</triggered_effect>
			<triggered_effect trigger="onSelfBuffStack" action="ModifyCVar" cvar="$MetabolismDuration" operation="set" value=".5668">
				<requirement name="ProgressionLevel" progression_name="perkFoodsp" operation="Equals" value="3"/>
			</triggered_effect>
			<triggered_effect trigger="onSelfBuffStack" action="ModifyCVar" cvar="$MetabolismDuration" operation="set" value=".5334">
				<requirement name="ProgressionLevel" progression_name="perkFoodsp" operation="Equals" value="4"/>
			</triggered_effect>
			<triggered_effect trigger="onSelfBuffStack" action="ModifyCVar" cvar="$MetabolismDuration" operation="set" value=".5">
				<requirement name="ProgressionLevel" progression_name="perkFoodsp" operation="Equals" value="5"/>
			</triggered_effect>
		<!-- ▼▲▼▲▼▲▼▲▼▲▼▲▼▲▼▲▼▲▼▲▼▲▼▲▼▲▼▲▼▲▼ -->
		<!-- ▼▲▼▲▼▲ perkAcrobat / safe fall distance ▲▼▲▼▲▼ -->			
			<triggered_effect trigger="onSelfBuffStack" action="ModifyCVar" cvar="$parkourBonus" operation="add" value="0">
				<requirement name="ProgressionLevel" progression_name="perkAcrobatics" operation="Equals" value="0"/>
			</triggered_effect>
			<triggered_effect trigger="onSelfBuffStack" action="ModifyCVar" cvar="$parkourBonus" operation="add" value=".01414"> <!-- 1m = .01414 -->
				<requirement name="ProgressionLevel" progression_name="perkAcrobatics" operation="Equals" value="1"/>
			</triggered_effect>
			<triggered_effect trigger="onSelfBuffStack" action="ModifyCVar" cvar="$parkourBonus" operation="add" value=".02828">
				<requirement name="ProgressionLevel" progression_name="perkAcrobatics" operation="Equals" value="2"/>
			</triggered_effect>
			<triggered_effect trigger="onSelfBuffStack" action="ModifyCVar" cvar="$parkourBonus" operation="add" value=".04242">
				<requirement name="ProgressionLevel" progression_name="perkAcrobatics" operation="Equals" value="3"/>
			</triggered_effect>
			<triggered_effect trigger="onSelfBuffStack" action="ModifyCVar" cvar="$parkourBonus" operation="add" value=".05656">
				<requirement name="ProgressionLevel" progression_name="perkAcrobatics" operation="Equals" value="4"/>
			</triggered_effect>
			<triggered_effect trigger="onSelfBuffStack" action="ModifyCVar" cvar="$parkourBonus" operation="add" value=".0707">
				<requirement name="ProgressionLevel" progression_name="perkAcrobatics" operation="Equals" value="5"/>
			</triggered_effect>
		<!-- ▼▲▼▲▼▲▼▲▼▲▼▲▼▲▼▲▼▲▼▲▼▲▼▲▼▲▼▲▼▲▼ -->
		<!-- ▼▲▼▲▼▲ perkHealart / Heal per Second ▲▼▲▼▲▼ -->	
			<triggered_effect trigger="onSelfBuffStack" action="ModifyCVar" cvar="medicRegHealthIncreaseSpeed" operation="add" value=".1">
				<requirement name="ProgressionLevel" progression_name="perkHealart" operation="Equals" value="1"/>
			</triggered_effect>
			<triggered_effect trigger="onSelfBuffStack" action="ModifyCVar" cvar="medicRegHealthIncreaseSpeed" operation="add" value=".2">
				<requirement name="ProgressionLevel" progression_name="perkHealart" operation="Equals" value="2"/>
			</triggered_effect>
			<triggered_effect trigger="onSelfBuffStack" action="ModifyCVar" cvar="medicRegHealthIncreaseSpeed" operation="add" value=".3">
				<requirement name="ProgressionLevel" progression_name="perkHealart" operation="Equals" value="3"/>
			</triggered_effect>
			<triggered_effect trigger="onSelfBuffStack" action="ModifyCVar" cvar="medicRegHealthIncreaseSpeed" operation="add" value=".4">
				<requirement name="ProgressionLevel" progression_name="perkHealart" operation="Equals" value="4"/>
			</triggered_effect>
			<triggered_effect trigger="onSelfBuffStack" action="ModifyCVar" cvar="medicRegHealthIncreaseSpeed" operation="add" value=".5">
				<requirement name="ProgressionLevel" progression_name="perkHealart" operation="Equals" value="5"/>
			</triggered_effect>
		<!-- ▼▲▼▲▼▲▼▲▼▲▼▲▼▲▼▲▼▲▼▲▼▲▼▲▼▲▼▲▼▲▼ -->
		<!-- ▼▲▼▲▼▲ perkHealart / Critical Wounds ▲▼▲▼▲▼ -->
			<triggered_effect trigger="onSelfBuffUpdate" action="ModifyCVar" cvar="$critHitNaturalHealingRate" operation="set" value="1">
				<requirement name="ProgressionLevel" progression_name="perkHealart" operation="LT" value="1"/>
			</triggered_effect>
			<triggered_effect trigger="onSelfBuffUpdate" action="ModifyCVar" cvar="$critHitNaturalHealingRate" operation="set" value="1.2">
				<requirement name="ProgressionLevel" progression_name="perkHealart" operation="Equals" value="1"/>
			</triggered_effect>
			<triggered_effect trigger="onSelfBuffUpdate" action="ModifyCVar" cvar="$critHitNaturalHealingRate" operation="set" value="1.4">
				<requirement name="ProgressionLevel" progression_name="perkHealart" operation="Equals" value="2"/>
			</triggered_effect>
			<triggered_effect trigger="onSelfBuffUpdate" action="ModifyCVar" cvar="$critHitNaturalHealingRate" operation="set" value="1.6">
				<requirement name="ProgressionLevel" progression_name="perkHealart" operation="Equals" value="3"/>
			</triggered_effect>
			<triggered_effect trigger="onSelfBuffUpdate" action="ModifyCVar" cvar="$critHitNaturalHealingRate" operation="set" value="1.8">
				<requirement name="ProgressionLevel" progression_name="perkHealart" operation="Equals" value="4"/>
			</triggered_effect>
			<triggered_effect trigger="onSelfBuffUpdate" action="ModifyCVar" cvar="$critHitNaturalHealingRate" operation="set" value="2">
				<requirement name="ProgressionLevel" progression_name="perkHealart" operation="Equals" value="5"/>
			</triggered_effect>
			<triggered_effect trigger="onSelfBuffUpdate" action="ModifyCVar" cvar="$critHitNaturalHealingRate" operation="multiply" value="2">
				<requirement name="HasBuff" buff="buffDrugHealthBar"/>
			</triggered_effect>		
		</effect_group>
	<!-- ▼▲▼▲▼▲▼▲▼▲▼▲▼▲▼▲▼▲▼▲▼▲▼▲▼▲▼▲▼▲▼▲▼▲▼▲▼▲▼▲▼▲▼▲▼▲▼▲▼▲▼▲▼ -->
	</append>	
</configs>