<MalenPR2>

	<append xpath="/items">
	<!-- ▼▲▼▲▼▲▼▲▼▲▼▲▼▲▼▲▼▲ Prestige Items ▼▲▼▲▼▲▼▲▼▲▼▲▼▲▼▲▼▲ -->
		<!-- ▼▲Prestige Medal▲▼ -->	
			<item name="PR1">
				<property name="CreativeMode" value="Dev"/>
				<property name="CustomIcon" value="casinoCoin"/>
				<property name="CustomIconTint" value="F0EA4C"/>
				<property name="DescriptionKey" value="PR1Desc"/>	
				<property name="ItemTypeIcon" value="perk"/>
				<property name="HoldType" value="31"/>
				<property name="Meshfile" value="@:Other/Items/Misc/bookPrefab.prefab"/>
				<property name="DropMeshfile" value="@:Other/Items/Misc/sack_droppedPrefab.prefab"/>
				<property name="Stacknumber" value="1"/>
				<property name="Material" value="Morganic"/>
				<property name="Weight" value="10"/>	
				<property name="SellableToTrader" value="false"/>					
				<property name="Group" value="Special Items"/>				
				<property name="ShowQuality" value="false"/>				
				
				<property class="Action0">
					<requirement name="HasBuff" buff="PPBF"/>
					<property name="Class" value="Eat"/>
					<property name="Delay" value="1"/>	
					<property name="Sound_start" value="read_mod"/>					
				</property>
				<effect_group tiered="false">
					<triggered_effect trigger="onSelfPrimaryActionEnd" action="AddBuff" buff="PPBF"/>
					<triggered_effect trigger="onSelfPrimaryActionEnd" action="SetProgressionLevel" progression_name="perkprestige1" level="-1"/>
					<triggered_effect trigger="onSelfPrimaryActionEnd" action="SetProgressionLevel" progression_name="perkprestigeUnlock" level="-1">
						<requirement name="PerksUnlocked" skill_name="skillPrestige" operation="GTE" value="2"/>
					</triggered_effect>					
				</effect_group>
			</item>
		<!-- ▼▲Prestige Medal 2▲▼ -->
			<item name="PR2">
				<property name="Extends" value="PR1"/>
				<property name="CustomIconTint" value="EA4224"/>
				<property name="DescriptionKey" value="PR2Desc"/>
				<property class="Action0">
					<requirement name="HasBuff" buff="PPBF2"/>					
					<property name="Class" value="Eat"/>
					<property name="Delay" value="1.0"/>
					<property name="Sound_start" value="read_mod"/>
					<property name="Sound_in_head" value="true"/>					
				</property>
				<effect_group tiered="false">					
					<triggered_effect trigger="onSelfPrimaryActionEnd" action="AddBuff" buff="PPBF2"/>
					<triggered_effect trigger="onSelfPrimaryActionEnd" action="RemoveBuff" buff="PPBF"/>
					<triggered_effect trigger="onSelfPrimaryActionEnd" action="SetProgressionLevel" progression_name="perkprestige1" level="-1"/>
					<triggered_effect trigger="onSelfPrimaryActionEnd" action="SetProgressionLevel" progression_name="perkprestige2" level="-1"/>
					<triggered_effect trigger="onSelfPrimaryActionEnd" action="SetProgressionLevel" progression_name="perkprestigeUnlock" level="-1">
						<requirement name="PerksUnlocked" skill_name="skillPrestige" operation="GTE" value="2"/>
					</triggered_effect>
				</effect_group>
			</item>
		<!-- ▼▲Prestige Unlocker▲▼ -->
			<item name="PRSP">
				<property name="Extends" value="schematicMaster"/>
				<property name="ItemTypeIcon" value="perk"/>
				<property name="Stacknumber" value="1"/>
				<property name="Material" value="Morganic"/>
				<property name="CustomIcon" value="casinoCoin"/>
				<property name="CustomIconTint" value="EA4224"/>
				<property name="DescriptionKey" value="PR2Desc"/>
				<property name="Group" value="Books"/>

				<property class="Action0">				
					<property name="Class" value="Eat"/>
					<property name="Delay" value="1.0"/>
					<property name="UseAnimation" value="false"/>
					<property name="Use_time" value="..."/>
					<property name="Sound_start" value="read_mod"/>
					<property name="Sound_in_head" value="true"/>
					<property name="PromptTitle" value="drinkJarFullRespecAdminPromptTitle" />
					<property name="PromptDescription" value="drinkJarFullRespecAdminPromptDesc" />
				</property>
				<effect_group tiered="false">				
					<triggered_effect trigger="onSelfPrimaryActionEnd" action="SetProgressionLevel" progression_name="perkprestige2" level="-1"/>
				</effect_group>
			</item>		
		<!-- ▼▲Extra Skills Points (20)▲▼ -->
			<item name="SkillPoints">
				<property name="Extends" value="questMaster"/>
				<property name="CreativeMode" value="Dev"/>
				<property name="CustomIcon" value="questMaster"/>
				<property name="Stacknumber" value="1"/>
				<property name="DescriptionKey" value="20SPDesc"/>
				<property name="SellableToTrader" value="false"/>
				<property name="EconomicValue" value="1"/>
				<property name="Material" value="Morganic"/>			
				<property name="Group" value="Books"/>
				<property name="IsQuestItem" value="true" />
				<property class="Action0">
					<property name="QuestGiven" value="c_skillpoints"/>
				</property>
			</item>
		<!-- ▼▲Prestige Kit▲▼ -->
			<item name="PrkitQuest">
				<property name="Extends" value="questMaster"/>
				<property name="CustomIcon" value="cntHardenedChestSecure"/>
				<property name="ItemTypeIcon" value="bundle"/>
				<property name="DescriptionKey" value="PrkitDesc"/>
				<property name="CustomIconTint" value="F0EA4C"/>
				<property name="ItemTypeIcon" value="perk"/>
				<property name="Weight" value="0"/>
				<property name="Group" value="Special Items"/>
				<property name="Meshfile" value="@:Other/Items/Misc/sackPrefab.prefab"/>
				<property name="DropMeshfile" value="@:Other/Items/Misc/sack_droppedPrefab.prefab"/>

				<property name="CreativeMode" value="Player"/>
				<property name="Stacknumber" value="1"/>
				<property name="Material" value="Morganic"/>
				<property name="PickupJournalEntry" value="prestigioTip"/>
				<property name="SellableToTrader" value="false"/>
				<property name="EconomicValue" value="0"/>
				<property class="Action0">
					<property name="QuestGiven" value="q_Presgio1"/>
				</property>
			</item>
			<item name="PrkitQuest">
				<property name="Extends" value="questMaster"/>
				<property name="CustomIcon" value="cntBookPile13"/>
				<property name="CustomIconTint" value="F0EA4C"/>
				<property name="ItemTypeIcon" value="bundle"/>
				<property name="CreativeMode" value="Dev"/>
				<property name="Stacknumber" value="10"/>
				<property name="Material" value="Morganic"/>
				<property name="PickupJournalEntry" value="prestigioTip"/>
				<property name="SellableToTrader" value="true"/>				
				<property name="EconomicValue" value="1"/>
				<property name="Group" value="Books"/>
				<property class="Action0">
					<requirement name="PlayerLevel" operation="GT" value="349"/>
					<property name="QuestGiven" value="q_Presgio1"/>
				</property>
			</item>
			<item name="PrkitQuest2">
				<property name="Extends" value="questMaster"/>
				<property name="CustomIcon" value="cntBookPile14"/>
				<property name="ItemTypeIcon" value="bundle"/>
				<property name="CreativeMode" value="Dev"/>
				<property name="Stacknumber" value="10"/>
				<property name="Material" value="Morganic"/>
				<property name="CustomIconTint" value="EA4224"/>
				<property name="PickupJournalEntry" value="noobiTip"/>
				<property name="SellableToTrader" value="true"/>
				<property name="EconomicValue" value="1"/>
				<property name="Group" value="Books"/>
				<property class="Action0">
					<requirement name="HasBuff" buff="PPBF"/>
					<requirement name="PlayerLevel" operation="GT" value="349"/>
					<property name="QuestGiven" value="q_Presgio2"/>
				</property>
			</item>

			<item name="Prkit">
				<property name="CustomIcon" value="cntQuestTestLoot"/>
				<property name="DescriptionKey" value="PrkitDesc"/>
				<property name="HoldType" value="45"/>
				<property name="CustomIconTint" value="F0EA4C"/>
				<property name="Meshfile" value="@:Other/Items/Misc/sackPrefab.prefab"/>
				<property name="DropMeshfile" value="@:Other/Items/Misc/sack_droppedPrefab.prefab"/>
				
				<property name="Material" value="Morganic"/>
				<property name="Stacknumber" value="1"/>
				<property name="ItemTypeIcon" value="perk"/>
				<property name="Weight" value="0"/>
				<property name="Group" value="Special Items"/>
				<property class="Action0">
					<requirement name="PlayerLevel" operation="GT" value="349"/>
					<property name="Class" value="OpenBundle"/>
					<property name="Sound_start" value="wrench_harvest"/>

					<property name="PromptTitle" value="prestige1Title" />
					<property name="PromptDescription" value="prestige1Desc" />

					<property name="Create_item" value="PR1,modGunMeleeBlessedMetal,SkillPoints,divineWaterEvent,p_kitlvl50"/>
					<property name="Create_item_count" value="1,1,1,2,1"/>
				</property>
				<effect_group tiered="false">
					<triggered_effect trigger="onSelfPrimaryActionEnd" action="AddBuff" buff="PPBF"/>

					<triggered_effect trigger="onSelfPrimaryActionEnd" action="RemoveBuff" buff="buffxpst"/>

					<triggered_effect trigger="onSelfPrimaryActionEnd" action="ResetProgression" reset_skills="true" reset_levels="true" reset_books="true" reset_crafting="true"/>
					<triggered_effect trigger="onSelfPrimaryActionEnd" action="ModifyCVar" cvar="$PlayerLevelBonus" operation="set" value="0"/>
					<triggered_effect trigger="onSelfPrimaryActionEnd" action="ModifyCVar" cvar="$LastPlayerLevel" operation="set" value="0"/>
					
					<passive_effect name="HealthMax" operation="base_set" value="100"/>
					<passive_effect name="StaminaMax" operation="base_set" value="100"/>

					<triggered_effect trigger="onSelfPrimaryActionEnd" action="AddBuff" buff="buffPerkAbilityUpdate"/>
					<triggered_effect trigger="onSelfPrimaryActionEnd" action="AddBuff" buff="buffDeathFoodDrinkAdjust"/>
					<triggered_effect trigger="onSelfPrimaryActionEnd" action="PlaySound" sound="read_skillbook_final" play_in_head="true"/>					
					<triggered_effect trigger="onSelfPrimaryActionEnd" action="ShowToolbeltMessage" message_key="drinkJarFullRespecAdminTooltip"/>
				</effect_group>

			</item>
		<!-- ▼▲Prestige Kit 2▲▼ -->
			<item name="Prkit2">
				<property name="CustomIcon" value="cntQuestTestLoot"/>
				<property name="ItemTypeIcon" value="perk"/>
				<property name="CustomIconTint" value="EA4224"/>
				<property name="TintColor" value="100,0,0"/>
				<property name="DescriptionKey" value="Prkit2Desc"/>
				<property name="HoldType" value="45"/>
				<property name="Meshfile" value="@:Other/Items/Misc/sackPrefab.prefab"/>
				<property name="DropMeshfile" value="@:Other/Items/Misc/sack_droppedPrefab.prefab"/>
				<property name="Material" value="Morganic"/>
				<property name="Stacknumber" value="1"/>
				<property name="Weight" value="0"/>
				<property name="Group" value="Special Items"/>
				<property class="Action0">
					<requirement name="HasBuff" buff="PPBF"/>
					<requirement name="PlayerLevel" operation="GT" value="349"/>
					<property name="Class" value="OpenBundle"/>
					<property name="Delay" value="0.5"/>
					<property name="Use_time" value="1"/>
					<property name="Sound_start" value="wrench_harvest"/>

					<property name="PromptTitle" value="prestige2Title" />
					<property name="PromptDescription" value="prestige2Desc" />

					<property name="Create_item" value="PR2,q_HFRush,modGunMeleeBlessedMetal,SkillPoints,divineWaterEvent"/>
					<property name="Create_item_count" value="1,2,1,1,4"/>
				</property>
				<effect_group tiered="false">
					<triggered_effect trigger="onSelfPrimaryActionEnd" action="AddBuff" buff="PPBF2"/>			

					<triggered_effect trigger="onSelfPrimaryActionEnd" action="ResetProgression" reset_skills="true" reset_levels="true" reset_books="true" reset_crafting="true"/>
					<triggered_effect trigger="onSelfPrimaryActionEnd" action="ModifyCVar" cvar="$PlayerLevelBonus" operation="set" value="0"/>
					<triggered_effect trigger="onSelfPrimaryActionEnd" action="ModifyCVar" cvar="$LastPlayerLevel" operation="set" value="0"/>					
					<passive_effect name="HealthMax" operation="base_set" value="100"/>
					<passive_effect name="StaminaMax" operation="base_set" value="100"/>
					<triggered_effect trigger="onSelfPrimaryActionEnd" action="AddBuff" buff="buffPerkAbilityUpdate"/>
					<triggered_effect trigger="onSelfPrimaryActionEnd" action="AddBuff" buff="buffDeathFoodDrinkAdjust"/>	
					<triggered_effect trigger="onSelfPrimaryActionEnd" action="PlaySound" sound="read_skillbook_final" play_in_head="true"/>				
					<triggered_effect trigger="onSelfPrimaryActionEnd" action="ShowToolbeltMessage" message_key="drinkJarFullRespecAdminTooltip"/>
					
				</effect_group>
			</item>
	<!--▼▲▼▲▼▲▼▲▼▲▼▲▼▲▼▲▼▲▼▲▼▲▼▲▼▲▼▲▼▲▼▲▼▲▼▲▼▲▼▲▼▲▼▲▼▲▼▲▼▲▼▲▼ -->

	<!-- ▼▲▼▲▼▲▼▲▼▲▼▲▼▲▼▲▼▲▼▲▼▲▼▲▼▲▼▲▼▲▼ -->
	<!-- ▼▲▼▲▼▲ Ancient Range Weap ▲▼▲▼▲▼ -->
		<!-- ▼▲SMG Group▲▼ -->
		<!-- ▼▲Revolver Group▲▼ -->

		<!-- ▼▲Shotgun Group▲▼ -->
		
	<!-- ▼▲▼▲▼▲▼▲▼▲▼▲▼▲▼▲▼▲▼▲▼▲▼▲▼▲▼▲▼▲▼ -->
	<!-- ▼▲▼▲▼▲ Ancient Melee Weap ▲▼▲▼▲▼ -->

	<!-- ▼▲▼▲▼▲▼▲▼▲▼▲▼▲▼▲▼▲▼▲▼▲▼▲▼▲▼▲▼▲▼ -->
	<!-- ▼▲▼▲▼▲ Ancient Armors ▲▼▲▼▲▼ -->

	<!-- ▼▲▼▲▼▲▼▲▼▲▼▲▼▲▼▲▼▲▼▲▼▲▼▲▼▲▼▲▼▲▼ -->

	</append>
	<append xpath="/items/item[@name='meleeToolPickT3Auger']">
	<!-- ▼▲▼▲▼▲▲▼▲▼▲▲▼▲▼▲▲▼▲▼▲ Prestige Auger XP Ajust ▲▼▲▼▲▼▲▼▲▼▲▼▲▼▲▼▲▼▲▼▲▼▲▼ -->
		<effect_group>
			<requirement name="HasBuff" buff="PPBF"/>
			<passive_effect name="PlayerExpGain" operation="perc_add" value=".15" tags="Harvesting"/>
		</effect_group>
		<effect_group>
			<requirement name="HasBuff" buff="PPBF2"/>
			<passive_effect name="PlayerExpGain" operation="perc_add" value=".225" tags="Harvesting"/>
		</effect_group>
		<effect_group>
			<requirement name="HasBuff" buff="PPBF3"/>
			<passive_effect name="PlayerExpGain" operation="perc_add" value=".225" tags="Harvesting"/>
		</effect_group>
	<!-- ▼▲▼▲▼▲▼▲▼▲▼▲▼▲▼▲▼▲▼▲▼▲▼▲▼▲▼▲▼▲▼▲▼▲▼▲▼▲▼▲▼▲▼▲▼▲▼▲▼▲▼▲▼▲▼▲▼▲▼▲▼ -->
	
	</append>

</MalenPR2>
